"location_id","location_name","product_id","sku_number","product_name","rack_name","Product Type","msltc"
"98","MTG - Menteng","48620","10000000004910","Oyong Organik","L1-CHL-DC7-T6-3","Fresh","1"
"98","MTG - Menteng","44660","10000000003763","Pisang Barangan Astro Farm 4-5 pcs","BADFRESH-1","Fresh","1"
"98","MTG - Menteng","43650","10000000000439","Kentang Organik","","Fresh","1"
"98","MTG - Menteng","8967","106121","Bumbu Dasar Merah Astro Goods","","Fresh","9"
"98","MTG - Menteng","1455","8997014353142","Cedea Steamboat Set","","Fresh","30"
"98","MTG - Menteng","51727","8994457140483","Pawmeals Senior Stage Granny Rabbity Cooked Makanan Anjing Basah","L1-FRZ-CF13-T2-K8-1","Frozen","21"
"98","MTG - Menteng","3170","375207473","Apel Fuji 1kg (Near Exp. Date)","","Fresh","0"
"98","MTG - Menteng","23460","8993454706883","Sunrise Bawang Putih Tunggal","","Fresh","2"
"98","MTG - Menteng","22893","8994036351255","Smoked Beef Brisket Aroma","","Frozen","90"
"98","MTG - Menteng","22711","837618","Meat Lover's Lasagna Astro Goods x Trattoria La Famiglia","","Fresh","14"
"98","MTG - Menteng","41318","599854","Smoked Duck","","Frozen","30"
"98","MTG - Menteng","4049","663224","Jeruk Limau Astro Farm 9-11 pcs","BAD INBOUND","Fresh","1"
"98","MTG - Menteng","9641","499623","Promo - Emina Mozzarella Cheese Block 165gr","","Fresh","0"
"98","MTG - Menteng","5632","720070","Paket Masak Cah Kembang Kol","","Fresh","1"
"98","MTG - Menteng","36059","8993207240602","Fiesta Cheesy Lover","","Frozen","45"
"98","MTG - Menteng","9124","6942836703301","Hershey's Kisses Milk Almond","","Fresh","70"
"98","MTG - Menteng","32619","10145328","Kin Cats Raw Rabbit & Quail Makanan Kucing Basah","L1-FRZ-CF13-T2-K8-2","Fresh","30"
"98","MTG - Menteng","3905","7499221195160","Heavenly Blush Tummy Passionfruit Sugar Free Yogurt Drink 180ml","","Fresh","21"
"98","MTG - Menteng","28703","952576","Okra Astro Farm","L1-CHL-DC12-T3-3","Fresh","2"
"98","MTG - Menteng","49858","10000000005008","BARK Salmon Oatmeal Makanan Anjing Basah","L1-FRZ-CF13-T1-K2-1","Frozen","30"
"98","MTG - Menteng","33496","8997014357416","Cedea Otak-otak Singapore","L1-FRZ-CF4-T1-K5-4","Frozen","30"
"98","MTG - Menteng","4121","157376","Astro X North Pole Gelato Lotus Biscoff 250ml","","Frozen","90"
"98","MTG - Menteng","51722","745125242514","Bluder Cokro Bluder Choco Crunchy Single","","Fresh","2"
"98","MTG - Menteng","44928","10000000003955","Labu Siam Acar Ekonomis Astro Farm","BAD INBOUND","Fresh","1"
"98","MTG - Menteng","47097","8998880000178","Wild Jacks Beef Classic Sausages 360gram","","Frozen","60"
"98","MTG - Menteng","21767","194770","Jeruk Baby Lokal Astro Farm 3-4 pcs","","Fresh","1"
"98","MTG - Menteng","35877","649668","Tahu Cina","","Fresh","2"
"98","MTG - Menteng","6154","718579","Fiesta Steak Chicken Steak And Black Pepper Sauce","","Fresh","15"
"98","MTG - Menteng","41532","249397","Cumi Asin Telur","","Frozen","20"
"98","MTG - Menteng","48250","9555894514658","Tasty Sea Gourmet Imitation Lobster Ball","","Frozen","216"
"98","MTG - Menteng","51157","8994010020986","Hometown Artisan Dairy Creamy Yogurt Squeeze Mixed Berries","L1-CHL-DC18-T5-12","Fresh","45"
"98","MTG - Menteng","101","213373","Paprika Hijau Astro Farm","","Fresh","1"
"98","MTG - Menteng","46202","10000000004418","Jagung Acar Organik","","Fresh","1"
"98","MTG - Menteng","41631","449909","Oelek Iga Emplok Pedas Aja","","Fresh","0"
"98","MTG - Menteng","24437","8994046100102","My Roti Steam Cake Putu Pandan","L2-AMD-G5-T5-3","Fresh","2"
"98","MTG - Menteng","48568","8995555676713","Kimbo Gold Plus Bakso Original 25pcs","","Frozen","45"
"98","MTG - Menteng","51577","10000000005552","Amazing Farm Pop Salad","RACK-BAD","Fresh","1"
"98","MTG - Menteng","30707","8991646000122","Rejuve Cold Pressed Juice I.GLW","","Fresh","2"
"98","MTG - Menteng","4920","403515","Delicio Blueberry Creamcheese Cake 143gr","","Fresh","1"
"98","MTG - Menteng","34427","8997032111779","Weiwang Siomay Seafood","","Frozen","30"
"98","MTG - Menteng","28143","974696","Oma Elly Pizza Margheritta Frozen 20cm ","","Frozen","28"
"98","MTG - Menteng","3122","955783","Jamur Champignon","","Fresh","1"
"98","MTG - Menteng","21150","8801085028666","Es Lilin Brasil Rasa Kacang Hijau","","Frozen","45"
"98","MTG - Menteng","3843","135218","Baby Bayam Merah Hydroponic Astro Goods","","Fresh","1"
"98","MTG - Menteng","44891","2030000004","Bu Rudy Sambal Bajak Sachet","L1-CHL-DC14-T2-6","Fresh","7"
"98","MTG - Menteng","29569","940094","Apel Fuji Gift Box Astro Farm","","Fresh","1"
"98","MTG - Menteng","47115","10000000004588","Pisang Cavendish","","Fresh","1"
"98","MTG - Menteng","47307","8997232420268","Dada Ayam Spicy Mooyam MOON MATE","","Frozen","90"
"98","MTG - Menteng","48264","8721274611199","Walls Pokemon Ice Ball Grape Ice Cream","","Frozen","60"
"98","MTG - Menteng","5578","359495","Daun Pandan Astro Farm","BAD INBOUND","Fresh","1"
"98","MTG - Menteng","47240","8990114000084","Campina Hula Hula Maxx Kacang Hijau","L1-FRZ-CF6-T2-K3-2","Frozen","90"
"98","MTG - Menteng","47087","10000000004573","Semangka Merah Astro Farm 1 pcs","L1-AMF-RF5-T2-1","Fresh","1"
"98","MTG - Menteng","40952","470108","Raw Pet Gourmet Salmon, Chicken & Spinach Makanan Basah Anjing","","Fresh","30"
"98","MTG - Menteng","45726","10000000004224","Pisang Cavendish Cluster 5-9 pcs","","Fresh","1"
"98","MTG - Menteng","965","8993200666959","Cimory Squeeze Blueberry Yogurt","","Fresh","45"
"98","MTG - Menteng","46909","8993110002960","So Good Crispy Chicken Nugget","","Frozen","45"
"98","MTG - Menteng","42590","10000000000007","Jeruk Mandarin Ponkam Less Seed Astro Farm pack 2-3 pcs 400-500 gram","","Fresh","1"
"98","MTG - Menteng","24091","864575","Daging Wagyu Misuji Beef Slice Astro Farm","","Frozen","90"
"98","MTG - Menteng","6203","10138022","KIN Chicken Chia Blueberries Raw Makanan Anjing Basah","","Fresh","45"
"98","MTG - Menteng","3757","857770","Cabe Merah Besar Astro Farm","L1-CHL-DC5-T5-6","Fresh","1"
"98","MTG - Menteng","52039","10000000005812","Jeruk Imperial Astro Farm","BAD INBOUND","Fresh","1"
"98","MTG - Menteng","48628","10000000004912","Sawi Hijau Organik","","Fresh","1"
"98","MTG - Menteng","36944","836103","Daging Sapi Iga Jando Brisket Bone Import","","Frozen","90"
"98","MTG - Menteng","4956","8997226412026","Emina Rich Cheese Block","","Fresh","60"
"98","MTG - Menteng","46942","8885013132342","Aice Classic Choco Almond Ice Cream Stick","L1-FRZ-CF6-T2-K5-8","Frozen","90"
"98","MTG - Menteng","6045","341522","Sayap Ayam Parting Organik Probiotik Natural Poultry","","Frozen","75"
"98","MTG - Menteng","9734","144039","Royal Thai Tea Manatea x Astro Goods","","Frozen","30"
"98","MTG - Menteng","45445","10000000004138","Cabe Merah Besar Hidroponik Astro Farm","L1-CHL-DC5-T6-3","Fresh","1"
"98","MTG - Menteng","2347","457082","Lengkuas Astro Farm","L1-AMF-RF8-T6-3","Fresh","1"
"98","MTG - Menteng","32726","8999898561279","Jungle Juice Grape","","Fresh","60"
"98","MTG - Menteng","48244","8995555115427","Kimbo Sosis Sapi Goreng 24 pcs","","Frozen","45"
"98","MTG - Menteng","6146","347236","Moon Cake Cokelat Ang Hap Siang 2","","Fresh","7"
"98","MTG - Menteng","4300","152985","Paket Masak X Bapak2ID Sapo Tahu Ayam","","Fresh","2"
"98","MTG - Menteng","436","594734","Kol Putih konvensional - Astro Farm","","Fresh","2"
"98","MTG - Menteng","35184","765064","Paha Ayam Boneless Fillet Organik Probiotik Hona Farm","","Frozen","75"
"98","MTG - Menteng","18668","6194008630025","Palm Fruit Kurma Tunisia","","Fresh","30"
"98","MTG - Menteng","50931","10000000005255","Eat Me Brand Green Power Salad","","Fresh","1"
"98","MTG - Menteng","2413","7499221124115","Heavenly Blush Greek Yogurt Strawberry","","Fresh","12"
"98","MTG - Menteng","49744","10000000005149","Roti Sobek Pistachio Kunafa Astro Goods","","Fresh","2"
"98","MTG - Menteng","38","147334","Terong Ungu Astro Farm","","Fresh","1"
"98","MTG - Menteng","43549","8997236191737","Sven's Traditional Smoked Pork Ham","L1-FRZ-CF13-T2-K1-5","Frozen","90"
"98","MTG - Menteng","36439","930836","Cabe Merah Rawit Astro Farm","L1-CHL-DC5-T2-1","Fresh","1"
"98","MTG - Menteng","34033","673819","Kulit Ayam Astro Farm","","Frozen","60"
"98","MTG - Menteng","568","8993200345038","Kanzler Smoked Beef","","Frozen","45"
"98","MTG - Menteng","1330","8993200661657","Cimory Blueberry Yogurt Drink","L1-CHL-DC18-T3-11","Fresh","35"
"98","MTG - Menteng","27320","169873","Sirloin Angus MB2+ Steak AUS Meatboys x Astro Goods","","Frozen","90"
"98","MTG - Menteng","50771","9015176","Triple Three Foods Premium Smoked Ham Fat On","L1-FRZ-CF13-T1-K5-8","Frozen","90"
"98","MTG - Menteng","3846","481157","Daun Ketumbar Astro Farm","","Fresh","1"
"98","MTG - Menteng","45712","10000000004161","Yellow Peach Dices Frozen IQF","","Frozen","60"
"98","MTG - Menteng","2530","4000417019004","Ritter Sport Milk Chocolate with Hazelnut","L1-CHL-DC2-T1-14","Fresh","21"
"98","MTG - Menteng","37006","198529","Bawang Merah Astro Farm","","Fresh","2"
"98","MTG - Menteng","32649","8995209800730","Etira Jamur Champignon Whole","","Fresh","120"
"98","MTG - Menteng","43700","10000000000509","Labu Butternut Organik","","Fresh","1"
"98","MTG - Menteng","47555","44222012","Terve Dubai Chocolate Dark Milk Pistachio 95gram","L1-CHL-DC2-T2-23","Fresh","90"
"98","MTG - Menteng","22958","9415007055648","Anchor Unsalted Butter","L1-CHL-DC17-T2-3","Fresh","45"
"98","MTG - Menteng","50003","10000000005216","Cabe Hijau Rawit Tanpa Tangkai Astro Farm 100 gram","","Fresh","1"
"98","MTG - Menteng","45451","10000000004142","Telur Prima Omega 9","DC-BADSTOCK-38","Fresh","7"
"98","MTG - Menteng","31490","344249","Ikan Bawal Tawar","","Frozen","60"
"98","MTG - Menteng","3742","8997017180073","Kim's Tahu Putih 10pcs","BAD INBOUND","Fresh","2"
"98","MTG - Menteng","8060","921721","Tenderloin Meltique","","Frozen","90"
"98","MTG - Menteng","48256","8990114000039","Campina Cookie Creamy Stick","","Frozen","300"
"98","MTG - Menteng","4077","768141","Paket Masak Bakwan Sayur - Astro Goods","","Fresh","1"
"98","MTG - Menteng","44967","10000000003974","Jeruk Peras Manis Siam Madu Ekonomis Astro Farm 8-12 pcs","BADFRESH-1","Fresh","1"
"98","MTG - Menteng","4610","598153","Ayam Paha Atas Frozen","","Frozen","75"
"98","MTG - Menteng","1841","9415262002708","Anchor Culinary Cooking Cream","","Fresh","40"
"98","MTG - Menteng","5114","460916","Astro Baristas Iced White Coffee","","Fresh","60"
"98","MTG - Menteng","44773","10000000003843","Udang Kupas Vanamei Size M Astro Farm","","Frozen","90"
"98","MTG - Menteng","720","8993200662302","Kanzler Original Cocktail Sausages","L1-FRZ-CF4-T1-K5-2","Frozen","45"
"98","MTG - Menteng","2678","8997014450155","Prochiz Spready Keju Oles","L1-CHL-DC17-T2-7","Fresh","45"
"98","MTG - Menteng","28233","8995229804138","Belfoods Royal Cheese Frankfurter Sausages","","Frozen","45"
"98","MTG - Menteng","5427","905328","Karbonat Daging Babi","L1-FRZ-CF13-T1-K4-5","Frozen","90"
"98","MTG - Menteng","22377","148957","Apel Fuji Mini Best Value - Astro Farm","","Fresh","1"
"98","MTG - Menteng","5940","299651","Dough Lab The Nationalist Cookies 3pcs","","Fresh","1"
"98","MTG - Menteng","48257","8990114000008","Campina Korean Shine Muscat","L1-FRZ-CF6-T2-K6-4","Frozen","300"
"98","MTG - Menteng","46032","10000000004244","Rossa Farm Telur Ayam Omega 3","","Fresh","7"
"98","MTG - Menteng","612","777749","Pepaya California Astro Farm 1 pcs","L1-AMF-RF3-T1-1","Fresh","1"
"98","MTG - Menteng","47948","8931220230415","(Satu Porsi) Ayam Marinasi dengan Saus Hongkong Soya 120gram","","Frozen","120"
"98","MTG - Menteng","7267","491460","Cabe Gendot Astro Farm","","Fresh","1"
"98","MTG - Menteng","48571","8997217040023","Lezza Chicken Karage","L1-FRZ-CF1-T1-K1-5","Frozen","75"
"98","MTG - Menteng","23740","754792","Kentang - Astro Farm","","Fresh","1"
"98","MTG - Menteng","48423","7499221239819","Heavenly Donut Kentang","","Frozen","114"
"98","MTG - Menteng","43212","10196156","Kin Basic Raw Chicken Wet Dog Food","","Fresh","45"
"98","MTG - Menteng","6249","8990114000329","Campina Hula Hula Tape Ketan Hitam","","Frozen","45"
"98","MTG - Menteng","336","3161911393210","Elle & Vire Salted Butter","","Fresh","30"
"98","MTG - Menteng","4865","532573","Daun Pepaya Astro Farm","","Fresh","1"
"98","MTG - Menteng","45823","10000000004085","Serbuk Daging Wagyu","L1-FRZ-CF11-T1-K3-1","Frozen","90"
"98","MTG - Menteng","8030","857359","Roasted Sesame Dressing Astro Goods","","Fresh","60"
"98","MTG - Menteng","36498","792446","Ground Beef Angus Grassfed Meatboys x Astro Farm","","Frozen","90"
"98","MTG - Menteng","36445","8993207240794","Fiesta Crispy Bubble Katsu","","Frozen","45"
"98","MTG - Menteng","37019","504365","Escobark Makanan Basah Anjing Rasa Sapi","L1-FRZ-CF13-T2-K5-4","Fresh","60"
"98","MTG - Menteng","3845","948374","Basil Astro Farm","","Fresh","1"
"98","MTG - Menteng","3392","662460","Cabe Merah Keriting Astro Farm","BAD INBOUND","Fresh","1"
"98","MTG - Menteng","43800","8991004051803","Manalagi Tahu Putih Mika","","Fresh","2"
"98","MTG - Menteng","4475","409140","Nyonya Moy X Astro Kastengel Choco 350gr","","Fresh","1"
"98","MTG - Menteng","1479","8997017180004","Yun Yi Tahu Kuning","","Fresh","2"
"98","MTG - Menteng","32211","77782680102","Johnsonville Smoked Brats Original Smoked Sausage Pork","","Frozen","30"
"98","MTG - Menteng","41745","245792","Hyoshii Strawberry Premium","BAD INBOUND","Fresh","1"
"98","MTG - Menteng","36434","237255","Cabe Hijau Besar Astro Farm","","Fresh","1"
"98","MTG - Menteng","4058","572248","Kencur Astro Farm","","Fresh","1"
"98","MTG - Menteng","22102","499835","Kerang Hijau Utuh Besar Astro Farm","","Frozen","75"
"98","MTG - Menteng","44604","8999999613570","Walls Minion Cup Multi Pack (4 X 90ml)","","Frozen","180"
"98","MTG - Menteng","5428","741702","Iga Babi BBQ Spare Ribs","L1-FRZ-CF13-T1-K6-7","Frozen","90"
"98","MTG - Menteng","29271","8993207223131","Fiesta Ready To Go Sosis","","Frozen","21"
"98","MTG - Menteng","2344","149894","Bawang Merah Astro Farm","L1-AMF-RF1-T6-1","Fresh","1"
"98","MTG - Menteng","6126","509313","Vilo Ice Cream Signature Chocolate 90ml","","Frozen","45"
"98","MTG - Menteng","45460","8993200670314","Cimory Yogurt Stick Orange 25 pcs x 40 gr","L1-CHL-DC18-T2-12","Fresh","45"
"98","MTG - Menteng","41532","249397","Cumi Asin Telur","L1-FRZ-CF3-T2-K1-2","Frozen","20"
"98","MTG - Menteng","5686","5740900832305","Lurpak Salted Butter","L1-CHL-DC17-T4-4","Fresh","45"
"98","MTG - Menteng","45711","10000000004158","Blueberry Frozen IQF","","Frozen","60"
"98","MTG - Menteng","47515","8721274611281","Walls Avocado Brownie Ice Cream Tubs","","Frozen","90"
"98","MTG - Menteng","1294","8993036114013","Kongkee Tofu Telur/Tahu Telur","L1-CHL-DC15-T4-6","Fresh","45"
"98","MTG - Menteng","51506","10000000005590","Bunga Genjer","BADFRESH-1","Fresh","1"
"98","MTG - Menteng","4057","618509","Paket Masak Tumis Kacang Panjang","","Fresh","2"
"98","MTG - Menteng","51489","8993110051029","So Good Karaage 400gr","BADFRESH-1","Frozen","60"
"98","MTG - Menteng","47548","8999999034641","Walls Cornetto Mini Chocolate Vanilla Ice Cream","L1-FRZ-CF6-T1-K3-3","Frozen","150"
"98","MTG - Menteng","5548","113381","AIM Cireng Keju Krispy","","Frozen","20"
"98","MTG - Menteng","2831","8995229801809","Belfoods Ayam Nugget Coin/Naget","","Frozen","30"
"98","MTG - Menteng","36690","403261","Banana Pudding Red Bean & Kinako by Scarlett's","","Fresh","1"
"98","MTG - Menteng","40793","8993200000005","Kanzler Singles Gochujang Bakso","L1-CHL-DC2-T1-43","Frozen","45"
"98","MTG - Menteng","33951","8993200669417","Cimory Bites Blueberry Yogurt","L1-CHL-DC18-T5-1","Fresh","45"
"98","MTG - Menteng","47373","2000101546634","Sliced Duck Meat CP","","Frozen","60"
"98","MTG - Menteng","46201","10000000004417","Jeruk Nipis Organik Astro Farm","L1-CHL-DC10-T2-3","Fresh","1"
"98","MTG - Menteng","43263","10000000000262","Apel Fuji Astro Farm 2-3 pcs","","Fresh","1"
"98","MTG - Menteng","5067","462708","Ikan Kembung Banjar Astro Farm","","Frozen","60"
"98","MTG - Menteng","48628","10000000004912","Sawi Hijau Organik","BADFRESH-1","Fresh","1"
"98","MTG - Menteng","43546","10000000000351","Wagyu Sirloin MB 6-7 AUS Grain Fed","","Frozen","90"
"98","MTG - Menteng","42870","10000000000147","Roti Sobek Keju Astro Goods x Kiri Cheese","L2-AMD-G6-T4-4","Fresh","2"
"98","MTG - Menteng","26261","8993138110012","Prima Rasa Nata de Coco","","Fresh","45"
"98","MTG - Menteng","26221","8994456540062","Athien Bakso Goreng","","Frozen","7"
"98","MTG - Menteng","51492","8993110001567","So Nice Sedaaap Chicken Nugget 500gr","L1-FRZ-CF1-T2-K7-2","Frozen","60"
"98","MTG - Menteng","5945","8991649000440","Benfarm Chicken Karage Nugget","L1-FRZ-CF4-T2-K1-3","Frozen","45"
"98","MTG - Menteng","8230","8997014450377","Prochiz Mozzarella Cheese","","Fresh","45"
"98","MTG - Menteng","6241","475124","Jengkol Matang Astro Farm","","Fresh","1"
"98","MTG - Menteng","44487","8994457140155","Pawmeals Young & Adult Chick'n Salmon Cooked Makanan Anjing Basah","","Frozen","30"
"98","MTG - Menteng","44264","8999999612825","Walls Oreo Mini Stick 6x48ml","","Frozen","180"
"98","MTG - Menteng","5109","552033","Astro Bakers Chicken Bun 50gr","","Fresh","1"
"98","MTG - Menteng","48237","10000000004857","Bawang Merah Batu Astro Farm","L1-AMF-RF1-T6-2","Fresh","2"
"98","MTG - Menteng","43700","10000000000509","Labu Butternut Organik","L1-AMF-RF9-T5-1","Fresh","1"
"98","MTG - Menteng","8361","8851932424172","Magnum Cookies & Cream Ice Cream - Es Krim Walls","","Frozen","45"
"98","MTG - Menteng","517","673791","Jambu Biji Merah Astro Farm 3-5 pcs","","Fresh","1"
"98","MTG - Menteng","26018","501373","8 Fruitz Blueberries Frozen (IQF)","","Frozen","60"
"98","MTG - Menteng","47333","10000000004584","Resep Roemah Bumbu Basah Siap Pakai Semur Sapi Bumbu Kuah","","Frozen","30"
"98","MTG - Menteng","49316","8997007220314","Nafra Bumbu Semur","L1-CHL-DC14-T3-5","Fresh","45"
"98","MTG - Menteng","3743","8997017180226","Kim's Tempe","BAD INBOUND","Fresh","2"
"98","MTG - Menteng","41530","8997228750416","Pick Me Telur Bebek Pitan Century Egg","BADFRESH-1","Fresh","7"
"98","MTG - Menteng","44571","10000000003709","Inbolic Sugar-Free Original Chili Sauce","L1-CHL-DC14-T2-17","Fresh","90"
"98","MTG - Menteng","44511","8993319050083","Yoseo Creamix Topping Cookies & Cream Yogurt","","Fresh","30"
"98","MTG - Menteng","43686","8997228750102","Pick Me Telur Ayam Kampung Merah Omega","BAD INBOUND","Fresh","9"
"98","MTG - Menteng","47114","10000000004571","Cabe Rawit Mix Merah Hijau Astro Farm","","Fresh","1"
"98","MTG - Menteng","25839","642094","Lidah Sapi Slice Import Astro Farm","","Frozen","90"
"98","MTG - Menteng","3614","844656","Sawi Hijau Hydroponic Astro Farm","L1-CHL-DC4-T5-5","Fresh","1"
"98","MTG - Menteng","35065","8993406402504","Yummy Feta Cheese","L1-CHL-DC18-T3-9","Fresh","21"
"98","MTG - Menteng","50399","5704025018457","Emborg Cream Cheese","","Fresh","45"
"98","MTG - Menteng","6623","207454","Pisang Ambon Astro Farm 1 Sisir","BAD INBOUND","Fresh","1"
"98","MTG - Menteng","35283","8801104900508","Pangtoa Choco Chiffon","","Frozen","30"
"98","MTG - Menteng","1594","8999898962304","Biokul Stired Yogurt Plain","L1-CHL-DC20-T1-1","Fresh","12"
"98","MTG - Menteng","4846","8993207568263","Champ Nugget","","Frozen","45"
"98","MTG - Menteng","4618","9415262905870","Anchor Culinary Cooking Cream UHT","L1-CHL-DC19-T4-12","Fresh","60"
"98","MTG - Menteng","5331","364658","Japanese Musk Melon 1.4 - 1.6kg","","Fresh","1"
"98","MTG - Menteng","44818","10000000003863","Terong Ungu Astro Farm","BAD INBOUND","Fresh","1"
"98","MTG - Menteng","5012","323322","Paket Masak Bubur Kacang Hijau","","Fresh","1"
"98","MTG - Menteng","44891","2030000004","Bu Rudy Sambal Bajak Sachet","","Fresh","7"
"98","MTG - Menteng","47950","10000000004364","Fillet Paha Organik Berkah Chicken 500gram","","Frozen","75"
"98","MTG - Menteng","5434","8997231850011","Mujigae Kimchi","","Fresh","90"
"98","MTG - Menteng","4278","765635","Furutu Ichigo Milk","","Fresh","1"
"98","MTG - Menteng","52411","10000000005856","Premium Hamigua Melon Lavaland X Astro Farm  1 pcs","L1-AMF-RF9-T3-2","Fresh","2"
"98","MTG - Menteng","50358","10000000005352","The Good Harvest Kailan Hidroponik","L1-CHL-DC3-T3-9","Fresh","1"
"98","MTG - Menteng","44235","10000000003586","Lettuce Head Astro Farm","","Fresh","1"
"98","MTG - Menteng","42954","10000000000156","Daun Seledri Astro Farm","","Fresh","1"
"98","MTG - Menteng","44824","10000000003871","Kacang Edamame Astro Farm","","Fresh","1"
"98","MTG - Menteng","44429","8993492102814","Edo Cookie Dough Chocolate Chip","L1-FRZ-CF4-T1-K3-3","Frozen","60"
"98","MTG - Menteng","31828","669357","Unagi Kabayaki XL","","Frozen","45"
"98","MTG - Menteng","2774","767737","% Arabica Oatly Oat Milk Spanish Latte Coffee","","Fresh","60"
"98","MTG - Menteng","1930","138006","Timun Jepang Kyuri Astro Farm","","Fresh","1"
"98","MTG - Menteng","2082","8992907953270","Sari Roti Tawar Jumbo","","Fresh","2"
"98","MTG - Menteng","4203","3073780810661","The Laughing Cow Cheese Dipper","L1-CHL-DC17-T4-8","Fresh","21"
"98","MTG - Menteng","21005","637928","Ayam Goreng Royco Astro Goods","","Fresh","12"
"98","MTG - Menteng","42326","8994130900281","Sayap Ayam Wings Stick Sreeya","L1-FRZ-CF9-T1-K7-1","Frozen","75"
"98","MTG - Menteng","43515","10000000000317","Sawi Hijau Hydroponic Astro Farm","","Fresh","1"
"98","MTG - Menteng","7708","586156","Cakalang Cabe Hijau Kafe Betawi x Astro Goods","","Fresh","30"
"98","MTG - Menteng","32648","8995209800754","Etira Jamur Champignon Slice","L1-CHL-DC15-T5-5","Fresh","120"
"98","MTG - Menteng","3984","8993406202500","Yummy Mascarpone Keju Krim","L1-CHL-DC19-T4-6","Fresh","28"
"98","MTG - Menteng","33513","980860","Spaghetti Tanpa Pengawet Astro Goods/Pasta","","Fresh","18"
"98","MTG - Menteng","40970","8997018650391","Karawaci Spicy Chicken Wings","","Frozen","45"
"98","MTG - Menteng","6477","258302","Paket Masak Greenfields Mozzarella Stick ala Tyna Dwi Jayanti","","Fresh","1"
"98","MTG - Menteng","8511","8994130900199","Paha Ayam Bawah 4-5 Potong Sreeya","L1-FRZ-CF9-T1-K3-1","Frozen","45"
"98","MTG - Menteng","46945","9556001296573","Nestle Kit Kat Mini Stick Multipack 6x45 ml","","Frozen","45"
"98","MTG - Menteng","49728","8997014358253","Cedea Eomuk Bar Cheese Tasty","L1-FRZ-CF4-T2-K2-6","Frozen","45"
"98","MTG - Menteng","48624","10000000004914","Kacang Panjang Organik","L1-CHL-DC7-T4-7","Fresh","1"
"98","MTG - Menteng","43226","10000000000191","Usus Rebus Ayam Astro Farm","BADFRESH-1","Frozen","60"
"98","MTG - Menteng","26837","712538","Bumbu Pecel Astro Goods","BADFRESH-1","Fresh","7"
"98","MTG - Menteng","154","282514","Beef Ribeye Steak","","Frozen","7"
"98","MTG - Menteng","22742","462315","Lada Putih Bubuk Astro Basics","","Fresh","90"
"98","MTG - Menteng","49860","10000000005011","BARK Soto Ayam Makanan Anjing Basah","L1-FRZ-CF13-T1-K8-6","Frozen","30"
"98","MTG - Menteng","48536","10000000004911","Cabe Merah Rawit Organik","L1-CHL-DC5-T4-9","Fresh","1"
"98","MTG - Menteng","32636","259054","Kin Dog Food Organic Pork Broth/Makanan Anjing","","Fresh","30"
"98","MTG - Menteng","35186","634450","Telur Ayam Negeri Astro Farm","","Fresh","11"
"98","MTG - Menteng","6089","180956","[Bundle] Bear Brand Nestle Milk 189ml x 5pcs","","Fresh","60"
"98","MTG - Menteng","25089","8993492101664","Edo Pizza Base","","Frozen","45"
"98","MTG - Menteng","22724","611477","Apel Fuji Envy Premium Astro Farm 2-3 pcs","L1-CHL-DC9-T3-1","Fresh","1"
"98","MTG - Menteng","44263","10000000000320","Kazu Matcha Premium Grade","L1-CHL-DC14-T3-6","Fresh","90"
"98","MTG - Menteng","45048","7499221212645","Heavenly Blush Miruku Lactose Free Fresh Milk","L1-CHL-DC1-T4-10","Fresh","4"
"98","MTG - Menteng","45253","10000000004029","Rahsa Nusantara Sapujagad Alit REGAS Obat Batuk Pilek","","Fresh","30"
"98","MTG - Menteng","33306","262156","Mangga Budiraja Astro Farm","","Fresh","1"
"98","MTG - Menteng","35006","8999999587307","Walls Magnum Mini Luxe 6x45ml","","Frozen","120"
"98","MTG - Menteng","5566","153800","GQE Telur Arab/Telor/Egg","","Fresh","7"
"98","MTG - Menteng","42024","688832","Wag and Whisk Cooked Pork All Life Stages Makanan Anjing Basah","","Fresh","30"
"98","MTG - Menteng","44814","10000000003859","Timun Fresh Astro Farm","L1-CHL-DC7-T4-3","Fresh","1"
"98","MTG - Menteng","48621","10000000004920","Timun Jepang Kyuri Organik","L1-CHL-DC7-T5-10","Fresh","1"
"98","MTG - Menteng","42953","10000000000142","Sufarm Tauge Petik","L1-CHL-DC23-T5-7","Fresh","1"
"98","MTG - Menteng","47096","8998880000154","Wild Jacks Beef Tallow 200gr","L1-FRZ-CF8-T2-K1-7","Frozen","90"
"98","MTG - Menteng","25156","8992907952143","Sari Roti Sandroll Zupperr Keju","L2-AMD-G5-T4-4","Fresh","2"
"98","MTG - Menteng","35430","8991071410480","Grouu Finger Food Cheese Triangle Snack Bayi","L1-FRZ-CF8-T2-K6-4","Fresh","90"
"98","MTG - Menteng","44792","10000000003870","Singkong Astro Farm","","Fresh","1"
"98","MTG - Menteng","43108","10000000000135","Cabe Merah Rawit Astro Farm","","Fresh","1"
"98","MTG - Menteng","684","850850","Bakso Warisan Ibu Super Halus 20 pcs","L1-FRZ-CF4-T2-K7-5","Frozen","45"
"98","MTG - Menteng","6828","944529","Roti Tawar Kupas A Basics","","Fresh","2"
"98","MTG - Menteng","4745","8994592305587","Tulip Chocolatier Dark Compound Chocolate","","Fresh","45"
"98","MTG - Menteng","51362","10000000005623","SNIFFF Bowl Honey Beef Bliss Makanan Anjing Basah","L1-FRZ-CF13-T2-K8-3","Frozen","21"
"98","MTG - Menteng","25309","514435","Bumbu Kaldu Rasa Jamur Astro Goods","","Fresh","90"
"98","MTG - Menteng","43736","10000000000563","Buntut Grass Fed","L1-FRZ-CF12-T2-K1-5","Frozen","90"
"98","MTG - Menteng","26742","780787","Anggur Kyoho - Astro Farm","","Fresh","1"
"98","MTG - Menteng","40950","563954","Raw Pet Gourmet Duck, Coconut & Parsley Makanan Basah Anjing","","Fresh","30"
"98","MTG - Menteng","47540","8991999110417","Milk Life Fresh Milk Chocolate","","Fresh","7"
"98","MTG - Menteng","51487","8993110002342","So Good Crispy Bbq Wings 400gr","BADFRESH-1","Frozen","60"
"98","MTG - Menteng","8358","8999999588885","Walls Selection Silverqueen Ice Cream - Es Krim Walls","","Frozen","90"
"98","MTG - Menteng","5430","962969","Iga Babi Bakut Backbone","L1-FRZ-CF13-T1-K4-4","Frozen","90"
"98","MTG - Menteng","33354","8993492102678","Edo Petite Croissant Cheese Crust","","Frozen","45"
"98","MTG - Menteng","3637","124846","Paprika Kuning Astro Farm","","Fresh","2"
"98","MTG - Menteng","33090","8997017630134","Kylafood Baso Aci Kecil","","Frozen","20"
"98","MTG - Menteng","43740","10000000000515","Mangga Gedong Astro Farm 2-3 pcs","L1-AMF-RF5-T4-4","Fresh","1"
"98","MTG - Menteng","3412","665453","Bawang Putih Kating Astro Farm","BAD INBOUND","Fresh","1"
"98","MTG - Menteng","50928","8997002040580","Bandeng Juwana Asap Presto Vakum Dus","L1-CHL-DC14-T4-3","Frozen","60"
"98","MTG - Menteng","1666","9556001670700","Kit Kat 4 Fingers Cokelat","L1-CHL-DC2-T1-10","Fresh","60"
"98","MTG - Menteng","7817","8851932426091","Walls Carte D'Or Caramel Ice Cream/Es Krim Walls","","Frozen","45"
"98","MTG - Menteng","50144","10000000005225","Salmon Fillet Astro Farm","L1-FRZ-CF7-T2-K7-2","Frozen","75"
"98","MTG - Menteng","24153","777484","Wasabi Explosion Cashew Astro Goods","L3-AMD-F15-T4-2","Fresh","60"
"98","MTG - Menteng","24257","8997233090118","Laukita Lidah Cabe Ijo Ready to Cook 1","","Fresh","14"
"98","MTG - Menteng","23136","694233","Paha Ayam Boneless Astro Farm","","Frozen","60"
"98","MTG - Menteng","45433","10000000004013","Pet Meal Box Rabbit Cooked Wet Dog Food","","Frozen","60"
"98","MTG - Menteng","6062","420340","Sirloin Steak AUS Astro Farm","","Frozen","90"
"98","MTG - Menteng","36479","970582","Telur Bebek Mentah Astro Farm","","Fresh","7"
"98","MTG - Menteng","25154","8992907420017","Sari Roti Sandroll Zupperr Coklat","L2-AMD-G5-T4-1","Fresh","2"
"98","MTG - Menteng","42026","603356","Wag and Whisk Cooked Beef All Life Stages Makanan Anjing Basah","L1-FRZ-CF13-T2-K7-3","Fresh","30"
"98","MTG - Menteng","41957","132485","Kepala Salmon","","Frozen","60"
"98","MTG - Menteng","4695","277439","Oma Elly Fresh Pasta Beef Ravioli 500gr","","Frozen","45"
"98","MTG - Menteng","5126","964464","Momotaro Kitchen Sempol Ayam Frozen 200gr","","Frozen","45"
"98","MTG - Menteng","44234","10000000003585","Selada Keriting Konvensional Astro Farm","","Fresh","1"
"98","MTG - Menteng","310","458247","Kiwi Gold - Astro Farm 3pcs","","Fresh","2"
"98","MTG - Menteng","2489","8997228861518","Amazing Farm American Mix Salad To Go","BAD INBOUND","Fresh","1"
"98","MTG - Menteng","47546","8999999611675","Walls Solero Lava Ice Cream 65ml","","Frozen","250"
"98","MTG - Menteng","43859","8993492101053","Golden Farm French Fries Straight Cut","","Frozen","90"
"98","MTG - Menteng","48499","7499221244332","Heavenly Blush Greek Yogurt Strawberry","L1-CHL-DC19-T1-3","Fresh","7"
"98","MTG - Menteng","47931","10000000004787","Hungry Alana Chicken Bone Broth High Fat MPASI","L1-FRZ-CF8-T2-K5-4","Frozen","30"
"98","MTG - Menteng","5842","8997234540193","Riverland Beef Nugget","","Frozen","45"
"98","MTG - Menteng","33351","220892","Truffle Pizza Astro Goods x Oma Elly","","Fresh","14"
"98","MTG - Menteng","1343","8993351120300","Greenfields Yogurt Strawberry","","Fresh","7"
"98","MTG - Menteng","31700","8998866820684","Glico Wings Waku Waku Nanas Stick","","Frozen","90"
"98","MTG - Menteng","44778","10000000003830","Daging Shortplate Slice Ekonomis","","Frozen","90"
"98","MTG - Menteng","5562","768438","GQE Telur Bebek Tawar/Telor/Egg","","Fresh","7"
"98","MTG - Menteng","23823","692081","Latteria x Astro Goods Strawberry Sprinkle Fiesta 4 Oz","","Frozen","30"
"98","MTG - Menteng","33515","945210","Tagliatelle Tanpa Pengawet Astro Goods/Pasta","","Fresh","18"
"98","MTG - Menteng","42036","318910","Wag & Whisk Gently Cooked Tuna All Life Stages Makanan Kucing Basah","","Fresh","30"
"98","MTG - Menteng","49857","10000000005012","BARK Salmon Oatmeal Makanan Anjing Basah","L1-FRZ-CF13-T2-K5-9","Frozen","30"
"98","MTG - Menteng","14438","7622210816979","Cadbury Cashew Nut","L1-CHL-DC2-T1-38","Fresh","45"
"98","MTG - Menteng","43657","10000000000495","Timun Organik Astro Farm","","Fresh","1"
"98","MTG - Menteng","111","227082","Kiwi Ijo Import 3pcs","","Fresh","1"
"98","MTG - Menteng","22616","640715","Pisang Barangan Astro Farm","L1-AMF-RF3-T5-1","Fresh","1"
"98","MTG - Menteng","24824","190271","La Maison De Pierre Croissant Choco Premium Pastry Frozen","","Fresh","30"
"98","MTG - Menteng","44793","10000000003894","Tomat Cherry Hydroponic Astro Farm","L1-CHL-DC13-T4-3","Fresh","1"
"98","MTG - Menteng","44685","10000000003752","Nutriale Chicken & Salmon Makanan Anjing Basah","L1-FRZ-CF13-T1-K2-4","Fresh","30"
"98","MTG - Menteng","40605","942361","Mangga Irwin 900-1000 gram","","Fresh","1"
"98","MTG - Menteng","37008","982252","Bawang Putih Kating Astro Farm","","Fresh","2"
"98","MTG - Menteng","2968","8993492101091","Golden Farm Mixed Vegetable Frozen","L1-FRZ-CF11-T2-K8-3","Frozen","45"
"98","MTG - Menteng","6764","770655","Paket Masak Sayur Sop Astro Goods","L1-CHL-DC23-T4-3","Fresh","2"
"98","MTG - Menteng","6876","561860","Ben&Jerry's Ice Cream Pistachio","","Frozen","45"
"98","MTG - Menteng","5068","750628","Ikan Bandeng Bersih Astro Farm","","Frozen","60"
"98","MTG - Menteng","48256","8990114000039","Campina Cookie Creamy Stick","L1-FRZ-CF6-T2-K3-1","Frozen","300"
"98","MTG - Menteng","51205","8994010020979","Hometown Yogurt Spoonable Plain","L1-CHL-DC17-T5-8","Fresh","15"
"98","MTG - Menteng","6621","387664","Strawberry Fresh Lokal Astro Farm","L1-CHL-DC10-T5-1","Fresh","1"
"98","MTG - Menteng","45008","10000000003984","Sirloin Grassfed","","Frozen","90"
"98","MTG - Menteng","44815","10000000003860","Buncis Super Astro Farm","","Fresh","1"
"98","MTG - Menteng","31252","8992907952327","Sari Roti Sandwich Coklat","L2-AMD-G5-T4-2","Fresh","2"
"98","MTG - Menteng","36716","8994457140179","Pawmeals Freshly Cooked Duck Delish Sensitive Series Makanan Anjing Basah","","Fresh","30"
"98","MTG - Menteng","42643","10000000000064","Cabe Merah Rawit Ekonomis Astro Farm","BAD INBOUND","Fresh","1"
"98","MTG - Menteng","3470","8993200345717","Kanzler Singles Hot Ready to Eat Sausages","L1-CHL-DC2-T3-9","Frozen","30"
"98","MTG - Menteng","30707","8991646000122","Rejuve Cold Pressed Juice I.GLW","L1-CHL-DC18-T4-7","Fresh","2"
"98","MTG - Menteng","5245","406589","Pempek Warisan Kulit Frozen 350gr","","Frozen","45"
"98","MTG - Menteng","41760","401907","Ayam Ungkep Kuning Khas Betawi Kafe Betawi x Astro Goods","","Fresh","12"
"98","MTG - Menteng","44667","10000000003796","Kulit Ayam Marinasi Original Oke Chicken","L1-FRZ-CF5-T2-K2-4","Frozen","90"
"98","MTG - Menteng","25090","9556084000050","Kart's Roti Canai 8pcs","L1-FRZ-CF8-T1-K1-7","Frozen","60"
"98","MTG - Menteng","7266","101655","Lettuce Head Astro Farm","BADFRESH-1","Fresh","2"
"98","MTG - Menteng","50150","8721274611342","Wall's Magnum Mini Classic Almond Pistachio Ice Cream","L1-FRZ-CF6-T1-K1-3","Frozen","180"
"98","MTG - Menteng","1690","8998866820103","Glico Wings Haku Vanilla Monaka","","Frozen","75"
"98","MTG - Menteng","36480","264702","Jeruk Peras Manis Siam Madu Astro Farm 4-6 pcs","BAD INBOUND","Fresh","1"
"98","MTG - Menteng","4267","160362","Acaii Tea Super Orange","","Fresh","2"
"98","MTG - Menteng","43239","8997207632672","Udang Laut Kupas Bersih Size S","","Frozen","90"
"98","MTG - Menteng","49568","10000000004993","EatSambel Ayam Suwir Icikiwir","L2-AMD-B7-T6-2","Fresh","5"
"98","MTG - Menteng","28092","482471","Bawang Putih Kupas Astro Farm","L1-AMF-RF8-T3-1","Fresh","2"
"98","MTG - Menteng","36439","930836","Cabe Merah Rawit Astro Farm","","Fresh","1"
"98","MTG - Menteng","44822","10000000003868","Zukini Astro Farm","L1-CHL-DC7-T5-5","Fresh","1"
"98","MTG - Menteng","5761","8999999035631","Walls Magnum Mini Almond","L1-FRZ-CF6-T1-K3-2","Frozen","45"
"98","MTG - Menteng","31777","8993492102470","Golden Farm Edamame Salted","","Frozen","45"
"98","MTG - Menteng","50146","10000000005228","Ikan Lele Bersih Utuh","","Frozen","60"
"98","MTG - Menteng","48261","10000000004423","Paha Ayam Boneless Skin On Astro Farm 250gram","","Frozen","75"
"98","MTG - Menteng","37","8997015494004","Green Valley Grated Parmesan Cheese","","Fresh","45"
"98","MTG - Menteng","44930","10000000003957","Labu Siam Ekonomis Astro Farm 1 pcs","L1-CHL-DC7-T2-2","Fresh","1"
"98","MTG - Menteng","263","3161911364531","Elle & Vire Unsalted Butter Packed","L1-CHL-DC17-T2-8","Fresh","30"
"98","MTG - Menteng","8527","466382","Buntut Sapi AUS Astro Farm","","Frozen","90"
"98","MTG - Menteng","4919","157052","Delicio Japanese Unicorn Bread 401gr","","Fresh","1"
"98","MTG - Menteng","4064","742843","Ubi Ungu - Astro Farm","L1-AMF-RF6-T5-2","Fresh","1"
"98","MTG - Menteng","5986","8993351120409","Greenfields Yogurt Drink Blueberry","","Fresh","7"
"98","MTG - Menteng","51505","10000000005589","Daun Kelor Astro Farm","BAD INBOUND","Fresh","1"
"98","MTG - Menteng","37492","369312","Sourdough Astro Goods x BRAUD","","Fresh","2"
"98","MTG - Menteng","45376","10000000004090","Jahe Putih Ekonomis Astro Farm","L1-AMF-RF8-T6-5","Fresh","1"
"98","MTG - Menteng","42641","10000000000061","Bawang Merah Ekonomis Astro Farm","","Fresh","1"
"98","MTG - Menteng","6969","8999898521044","Diamond Es Puter Rasa Durian","","Frozen","45"
"98","MTG - Menteng","42343","9421016151318","Westgold Unsalted Butter Premium","L1-CHL-DC17-T3-6","Fresh","45"
"98","MTG - Menteng","1103","8888003215209","Spring Home TYJ Kulit Spring Roll","","Fresh","45"
"98","MTG - Menteng","29611","759147","Acaii Peach Gum Dessert","","Fresh","2"
"98","MTG - Menteng","48016","20251210006","Juni Law Kue Keranjang 1000gram (2pcs)","","Fresh","60"
"98","MTG - Menteng","43243","8994036531336","Aroma Pork Salami","L1-FRZ-CF13-T2-K6-8","Frozen","90"
"98","MTG - Menteng","42642","10000000000063","Bawang Putih Ekonomis Astro Farm","L1-AMF-RF1-T4-1","Fresh","1"
"98","MTG - Menteng","44818","10000000003863","Terong Ungu Astro Farm","","Fresh","1"
"98","MTG - Menteng","44658","10000000003747","Melon Sky Rocket Astro Farm 1 pcs","","Fresh","1"
"98","MTG - Menteng","14264","8993200668243","Kanzler Singles Gochujang Ready to Eat Sausages","","Frozen","30"
"98","MTG - Menteng","6512","392921","SAU Beef Saikoro Now","","Frozen","90"
"98","MTG - Menteng","6729","641942","Es Lilin Brasil Rasa Rujak","","Frozen","45"
"98","MTG - Menteng","47601","8852014010269","Kingfish Shrimp Tail 450gram","","Frozen","45"
"98","MTG - Menteng","45714","10000000004163","Banana Slices Frozen IQF","","Frozen","60"
"98","MTG - Menteng","36602","6942836703820","Hershey Bar Milk with Cookies N Cream","L1-CHL-DC2-T1-53","Fresh","70"
"98","MTG - Menteng","28224","841942","Alpukat Okido Premium Size L Astro Farm 1 pcs","RACK-BAD","Fresh","1"
"98","MTG - Menteng","8460","8993351120768","Greenfields Yogurt Pouch Mango Peach/Yoghurt","","Fresh","7"
"98","MTG - Menteng","1626","8999999513757","Walls Cornetto Disc Oreo","L1-FRZ-CF6-T1-K3-5","Frozen","90"
"98","MTG - Menteng","3072","741014","Ikano Ikan Asin Jambal Roti","","Frozen","75"
"98","MTG - Menteng","1699","8999898968139","Diamond Juice Cranberry","L1-CHL-DC22-T1-1","Fresh","60"
"98","MTG - Menteng","44851","10000000003924","Jambal Roti Astro Farm","","Frozen","20"
"98","MTG - Menteng","4136","8993200667772","Kanzler Original Cocktail Sausages","","Frozen","45"
"98","MTG - Menteng","6107","181792","Wagyu MB9 Thick Shortplate Slices Meat Boys","","Frozen","90"
"98","MTG - Menteng","46189","10000000004400","Kacang Merah Organik","L1-CHL-DC12-T3-7","Fresh","1"
"98","MTG - Menteng","44970","10000000003977","Buah Naga Merah Ekonomis Astro Farm","","Fresh","1"
"98","MTG - Menteng","45379","10000000004093","Daun Bawang Ekonomis Astro Farm","","Fresh","1"
"98","MTG - Menteng","5769","942606","Jamur Shimeji Putih","L1-CHL-DC15-T3-4","Fresh","1"
"98","MTG - Menteng","44893","2030000003","Bu Rudy Sambal Bajak","L1-CHL-DC14-T1-2","Fresh","7"
"98","MTG - Menteng","25091","8993492101848","Edo Mini Pau Cokelat","L1-FRZ-CF8-T1-K10-1","Frozen","90"
"98","MTG - Menteng","42070","8992907141004","Sari Roti Tawar Choco Chips","","Fresh","2"
"98","MTG - Menteng","50476","10000000005379","Smoked Chicken Breast Astro Farm","","Frozen","60"
"98","MTG - Menteng","35426","8991071410329","Grouu Cooking Series Bumbu Dasar Putih MPASI","L1-FRZ-CF8-T2-K7-1","Fresh","90"
"98","MTG - Menteng","4519","173543","GIOI Crispy Wagyu Brisket 200gr","","Fresh","30"
"98","MTG - Menteng","30497","518501","Bumbu Sendok Bawang Merah Cincang dalam Minyak 100gr 100gram","","Fresh","12"
"98","MTG - Menteng","42161","333097","Tulang Punggung Ayam Organic Probiotik Natural Poultry","","Frozen","75"
"98","MTG - Menteng","31594","886752","Ketumbar Utuh Astro Farm","L2-AMD-B1-T6-6","Fresh","30"
"98","MTG - Menteng","51849","8721274612486","Wall's Magnum Blueberry Cheesecake Ice Cream","BAD INBOUND","Frozen","150"
"98","MTG - Menteng","5978","283259","Kim's Tempe Ungkep Bumbu Kuning","","Fresh","4"
"98","MTG - Menteng","41627","8992704205220","Bumifood Fish Finger Nugget Ikan","L1-FRZ-CF1-T2-K2-1","Frozen","30"
"98","MTG - Menteng","45896","10000000004210","Tomat Marzano Astro Farm","","Fresh","1"
"98","MTG - Menteng","35784","692639","Hati Ayam Kampung Astro Farm","","Frozen","75"
"98","MTG - Menteng","36660","430485","Chicken Yakiniku Single Portion Astro Goods","","Fresh","14"
"98","MTG - Menteng","25154","8992907420017","Sari Roti Sandroll Zupperr Coklat","BADFRESH-1","Fresh","2"
"98","MTG - Menteng","5600","410627","Anggur Great Green Seedless Astro Farm","","Fresh","1"
"98","MTG - Menteng","2056","8993200346318","Kanzler Singles Keju Ready to Eat Sausages","","Frozen","30"
"98","MTG - Menteng","6046","8994466330059","Paha Ayam Boneless Fillet Organik Probiotik Natural Poultry","L1-FRZ-CF5-T2-K4-2","Frozen","75"
"98","MTG - Menteng","48105","10000000004591","Japanese Sando Cookies Matcha Astro Goods","","Fresh","30"
"98","MTG - Menteng","40604","429891","Rambutan Binjai","","Fresh","1"
"98","MTG - Menteng","51664","8992907952273","Sari Roti Sobek Cokelat Blueberry","DC-BADSTOCK-38","Fresh","3"
"98","MTG - Menteng","6391","240362","Paket Masak Ayam Kecap","","Fresh","1"
"98","MTG - Menteng","46203","8993200000067","Kanzler Chicken Wings Belacan","L1-FRZ-CF1-T1-K1-3","Frozen","45"
"98","MTG - Menteng","22868","8991102715539","Amani Yogurt Drink Mixed Grape","","Fresh","45"
"98","MTG - Menteng","24720","949142","Cabe Jalapeno - Astro Goods","","Fresh","2"
"98","MTG - Menteng","140","271064","Kelengkeng Import Astro Farm","","Fresh","1"
"98","MTG - Menteng","40939","835597","Raw Pet Gourmet Beef, Goat & Pumpkin Makanan Basah Anjing","L1-FRZ-CF13-T2-K4-3","Fresh","30"
"98","MTG - Menteng","44823","10000000003869","Lobak Astro Farm","","Fresh","1"
"98","MTG - Menteng","6105","863386","Daging Shortplate Slice US Astro Farm","L1-FRZ-CF12-T2-K2-3","Frozen","90"
"98","MTG - Menteng","1604","8999999005610","Walls Magnum Almond","BAD INBOUND","Frozen","90"
"98","MTG - Menteng","612","777749","Pepaya California Astro Farm 1 pcs","BAD INBOUND","Fresh","1"
"98","MTG - Menteng","30562","775161","Ikan Gabus Air Tawar","","Frozen","60"
"98","MTG - Menteng","11987","971671","Bawang Merah Goreng Astro Basics","L2-AMD-B9-T2-8","Fresh","20"
"98","MTG - Menteng","4335","162482","Salmon Fillet Astro Farm","L1-FRZ-CF7-T2-K8-1","Frozen","60"
"98","MTG - Menteng","40877","819503","Homjuice Cold-Pressed Juice Royal Milk","","Fresh","2"
"98","MTG - Menteng","5906","638116","Kiwi Gold Zespri Astro Farm 2 pcs","","Fresh","1"
"98","MTG - Menteng","43113","10000000000154","Lengkuas Astro Farm","L1-AMF-RF8-T5-2","Fresh","1"
"98","MTG - Menteng","44172","10000000003548","Nature Eggs Telur Ayam Organik Cage Free","L1-CHL-DC23-T5-3","Fresh","9"
"98","MTG - Menteng","45721","10000000004217","Kunyit Ekonomis Astro Farm","","Fresh","1"
"98","MTG - Menteng","32436","8999898962175","Biokul Strawberry Yogurt Drink","","Fresh","7"
"98","MTG - Menteng","32520","8991071411753","Grouu Bone Broth Salmon MPASI Makanan Bayi Anak Refill","L1-FRZ-CF8-T2-K1-11","Fresh","30"
"98","MTG - Menteng","44492","8994457140476","Pawmeals Senior Stage Granny Rabbity Cooked Makanan Anjing Basah","","Frozen","30"
"98","MTG - Menteng","1934","359270","Jeruk Mandarin Honey Murcot Less Seed Astro Farm 5-9 pcs","L1-CHL-DC10-T2-6","Fresh","1"
"98","MTG - Menteng","2490","8997228861525","Amazing Farm Class Romaine Salad To Go","L1-CHL-DC23-T4-6","Fresh","1"
"98","MTG - Menteng","25153","391217","Telur Ayam Negeri Astro Farm","BAD INBOUND","Fresh","12"
"98","MTG - Menteng","5601","452349","Lada Putih Utuh Astro Farm","L2-AMD-B1-T5-3","Fresh","60"
"98","MTG - Menteng","32429","8999898971900","Biokul Greek Yogurt Mango","L1-CHL-DC20-T1-7","Fresh","7"
"98","MTG - Menteng","35880","581994","Tahu Walik 10 pcs","L1-CHL-DC16-T5-2","Fresh","15"
"98","MTG - Menteng","6531","8991999110011","Milk Life Fresh Milk Pure","","Fresh","7"
"98","MTG - Menteng","3838","784404","Pear Singo Premium Size L Astro Farm 1 pcs","BADFRESH-1","Fresh","1"
"98","MTG - Menteng","47579","8991649001287","Benfarm Chicken Nugget Stick Premium","","Frozen","45"
"98","MTG - Menteng","45445","10000000004138","Cabe Merah Besar Hidroponik Astro Farm","","Fresh","1"
"98","MTG - Menteng","6570","8991001302274","Ceres Meses Milk Chocolate","","Fresh","54"
"98","MTG - Menteng","32720","8999898969389","Brookfarm Fresh Milk Chocolate","L1-CHL-DC1-T3-9","Fresh","5"
"98","MTG - Menteng","30243","8999999599706","Walls Paddle Pop Upin Ipin Ice Cream","BAD INBOUND","Frozen","90"
"98","MTG - Menteng","46919","8993110004018","So Good Sosis Jepang Keju Saus Pedas","","Frozen","45"
"98","MTG - Menteng","43244","8994036545234","Aroma Pork Chasiu","","Frozen","90"
"98","MTG - Menteng","31860","8993110000447","So Good Alphabet Chicken Nugget Original","","Frozen","30"
"98","MTG - Menteng","42203","990608","Escobark Raw Pork Makanan Anjing Basah","L1-FRZ-CF13-T2-K8-6","Fresh","30"
"98","MTG - Menteng","5538","8998002020121","Seafoodking Fish Bar Premium","","Frozen","30"
"98","MTG - Menteng","47941","10000000004361","Kulit Ayam Organik Berkah Chicken","","Frozen","75"
"98","MTG - Menteng","31345","566969","Dried Oregano Leaves Astro Goods","","Fresh","90"
"98","MTG - Menteng","47543","8993071700202","Belfoods Chicken Nugget Cornflakes","","Frozen","150"
"98","MTG - Menteng","5428","741702","Iga Babi BBQ Spare Ribs","","Frozen","90"
"98","MTG - Menteng","48258","8990114000015","Campina Seoul Lychee Yogurt","","Frozen","300"
"98","MTG - Menteng","6042","8997215311064","SHB Durian Monthong Palu Frozen Premium 1 pack","L1-FRZ-CF8-T1-K1-2","Frozen","75"
"98","MTG - Menteng","21771","8991788973025","Sakura Tahu Kotak Sutera Soft Biru","L1-CHL-DC16-T2-4","Fresh","9"
"98","MTG - Menteng","527","685543","Daun Bawang Astro Farm","L1-CHL-DC6-T3-6","Fresh","1"
"98","MTG - Menteng","128","8992907952631","Sari Roti Tawar Double Soft","BADFRESH-1","Fresh","2"
"98","MTG - Menteng","4059","790053","Kayu Manis Astro Farm","L2-AMD-B1-T6-2","Fresh","60"
"98","MTG - Menteng","31057","837697","Telur Ayam Kampung Omega","","Fresh","7"
"98","MTG - Menteng","31036","396744","Plum Red Australia Astro Farm 5-8 pcs","","Fresh","1"
"98","MTG - Menteng","51716","745125242354","Bluder Cokro Bluder Kismis Single","","Fresh","2"
"98","MTG - Menteng","24825","596612","La Maison De Pierre Danish Raisin Premium Pastry Frozen","","Fresh","30"
"98","MTG - Menteng","40926","8997016811824","Monggo Cashew Nuts Dark Chocolate 100% of Cocoa Tablet","L1-CHL-DC2-T1-54","Fresh","90"
"98","MTG - Menteng","31881","587687","Tetelan Sapi Import","L1-FRZ-CF12-T1-K7-4","Frozen","90"
"98","MTG - Menteng","6501","268569","Ikan Mas Bersih Utuh","","Frozen","75"
"98","MTG - Menteng","6127","501241","Vilo Ice Cream Strawberry Cheesecake 90ml","","Frozen","45"
"98","MTG - Menteng","43652","10000000000441","Labu Siam Organik Astro Farm","","Fresh","1"
"98","MTG - Menteng","45432","8992696527591","MILO Activ Cube 67.5gr","L1-CHL-DC22-T2-13","Fresh","45"
"98","MTG - Menteng","4399","8859129902564","All Coco Juicy Pudding Pandan","","Fresh","75"
"98","MTG - Menteng","50686","10000000005357","Kesemek Lokal Astro Farm","","Fresh","1"
"98","MTG - Menteng","4733","8993993929187","SIH Telur Ayam Negeri Renkoles","","Fresh","9"
"98","MTG - Menteng","1964","9415262823419","Anchor Culinary Whipping Cream UHT","","Fresh","60"
"98","MTG - Menteng","2689","8993351128603","Greenfields Fresh Jersey Milk","","Fresh","7"
"98","MTG - Menteng","32429","8999898971900","Biokul Greek Yogurt Mango","","Fresh","7"
"98","MTG - Menteng","700","868075","Jamur Tiram - Astro Farm","BAD INBOUND","Fresh","1"
"98","MTG - Menteng","43855","8995555115625","Kimbo Sosis Sapi Goreng Isi 6","","Frozen","45"
"98","MTG - Menteng","6058","322361","Daging Sapi Teriyaki Import Astro Farm","L1-FRZ-CF12-T2-K1-1","Frozen","90"
"98","MTG - Menteng","47513","8801007957883","Bibigo Mandu Vegetable Dumplings Japchae","L1-FRZ-CF8-T1-K8-5","Frozen","45"
"98","MTG - Menteng","47093","10000000004570","Singkong Kupas Astro Farm","","Fresh","1"
"98","MTG - Menteng","6093","379439","[Bundle] Ultra Milk UHT Full Cream Plain 200ml x 5pcs","","Fresh","30"
"98","MTG - Menteng","29212","210676","Pear Packham Astro Farm 2-3 pcs","","Fresh","1"
"98","MTG - Menteng","44912","10000000003909","Alpukat Mentega Ekonomis Astro Farm 2-4 pcs","","Fresh","1"
"98","MTG - Menteng","47577","8993200670635","Cimory Eat Milk Matcha","L1-CHL-DC18-T4-4","Fresh","34"
"98","MTG - Menteng","49853","10000000005014","BARK Pork Pasta Makanan Anjing Basah","","Frozen","30"
"98","MTG - Menteng","43799","8991004051810","Manalagi Tahu Cina","","Fresh","2"
"98","MTG - Menteng","47113","10000000004589","Ikan Dori Blood Line Ekonomis Kuning","","Frozen","60"
"98","MTG - Menteng","45458","10000000004104","Sambal Cakalang Roa Astro Goods","L1-CHL-DC14-T2-12","Fresh","10"
"98","MTG - Menteng","52176","10000000005726","Acaii Overnight Oats Peanut Butter Chocolate","L1-CHL-DC22-T3-7","Fresh","1"
"98","MTG - Menteng","46201","10000000004417","Jeruk Nipis Organik Astro Farm","","Fresh","1"
"98","MTG - Menteng","12907","400026570004","Telur Ayam Kampung","L1-AMD-A3-T1-3","Fresh","7"
"98","MTG - Menteng","44686","10000000003753","Nutriale Complete Raw Chicken Makanan Anjing Basah","","Fresh","30"
"98","MTG - Menteng","1608","8999999034610","Walls Cornetto Disc Chocolate","","Frozen","304"
"98","MTG - Menteng","21052","8993200347315","Kanzler Singles Mini Sausages","","Frozen","30"
"98","MTG - Menteng","8743","986351","Roti Gandum 10 Slices A Basics","L2-AMD-G6-T5-1","Fresh","2"
"98","MTG - Menteng","36733","614022","Udang Pancet 35/40 Astro Farm","","Frozen","90"
"98","MTG - Menteng","22713","294635","Ayam Goreng Astro Goods x Bebek Goreng Crispy Begok","","Fresh","45"
"98","MTG - Menteng","47540","8991999110417","Milk Life Fresh Milk Chocolate","L1-CHL-DC1-T5-5","Fresh","7"
"98","MTG - Menteng","45620","10000000004159","Blackberry Frozen IQF","L1-FRZ-CF8-T1-K9-4","Frozen","60"
"98","MTG - Menteng","7177","8993221115023","Tofu Telur Sakake","","Fresh","140"
"98","MTG - Menteng","3124","403690","Jamur Shitake","","Fresh","1"
"98","MTG - Menteng","3378","8994943001069","Highland 50/50 Mesclun & Wild 100gr + Dressing","","Fresh","2"
"98","MTG - Menteng","44852","10000000003925","Ikan Asin Layang Astro Farm","L1-FRZ-CF3-T2-K8-9","Frozen","20"
"98","MTG - Menteng","27183","7499221134152","Heavenly Blush Greek Yogurt Honey","L1-CHL-DC19-T2-2","Fresh","12"
"98","MTG - Menteng","21112","795510","Sambel Balado Ati Ampela Kafe Betawi x Astro","","Fresh","2"
"98","MTG - Menteng","42016","998838","Wag and Whisk Cooked Lamb All Life Stages Makanan Anjing Basah","L1-FRZ-CF13-T1-K6-1","Fresh","30"
"98","MTG - Menteng","45452","10000000004143","Telur Prima Low Cholesterol","L1-AMD-A3-T5-3","Fresh","7"
"98","MTG - Menteng","33252","340916","Unagi Kabayaki M","L1-FRZ-CF7-T2-K6-2","Frozen","60"
"98","MTG - Menteng","44716","10000000003699","Inbolic Sugar-Free Tomato Ketchup","L1-CHL-DC14-T3-9","Fresh","90"
"98","MTG - Menteng","6149","414856","Moon Cake Duren Ang Hap Siang 1","","Fresh","7"
"98","MTG - Menteng","46797","10000000004484","Bumbu Masak Machmudah BMM Opor","","Fresh","15"
"98","MTG - Menteng","44492","8994457140476","Pawmeals Senior Stage Granny Rabbity Cooked Makanan Anjing Basah","L1-FRZ-CF13-T2-K5-6","Frozen","30"
"98","MTG - Menteng","5759","622666","Mangga Indramayu Astro Farm 3-4 pcs","L1-AMF-RF5-T5-4","Fresh","1"
"98","MTG - Menteng","22893","8994036351255","Smoked Beef Brisket Aroma","L1-FRZ-CF11-T2-K2-4","Frozen","90"
"98","MTG - Menteng","36943","719266","Meltique Mess Beef AUS","L1-FRZ-CF12-T1-K8-3","Frozen","90"
"98","MTG - Menteng","37144","682586","Ikan Kerapu Fillet","L1-FRZ-CF7-T1-K1-2","Frozen","60"
"98","MTG - Menteng","31536","8992704300819","Bumifood Chicken Gyoza","L1-FRZ-CF1-T2-K8-1","Frozen","45"
"98","MTG - Menteng","3899","7499221155225","Heavenly Blush Tummy Lime Yogurt Bar","","Fresh","75"
"98","MTG - Menteng","3855","493999","Acaii Chlorophyll Green","","Fresh","3"
"98","MTG - Menteng","36215","445042","[Bumbu Sendok x Ladang Lima] Pasta Fusili 500gr + Refill Bawang Putih Cincang dalam Minyak 200gr","","Fresh","12"
"98","MTG - Menteng","44696","10000000003778","Lemon Lokal Astro Farm 2-5 pcs","BAD INBOUND","Fresh","1"
"98","MTG - Menteng","20997","8993200661299","Cimory Yogurt Drink Lychee","","Fresh","35"
"98","MTG - Menteng","32628","10196095","Kin Raw Dog Food Quail, Pumpkin & Egg Makanan Anjing","L1-FRZ-CF13-T2-K4-4","Fresh","45"
"98","MTG - Menteng","5010","738361","Paket Masak Pindang Pisang","","Fresh","2"
"98","MTG - Menteng","44670","10000000003789","Ayam Kampung Bumbu Kuning Oke Chicken","L1-FRZ-CF5-T2-K6-1","Frozen","90"
"98","MTG - Menteng","31236","8997014358000","Cedea Korean Odeng Original","L1-FRZ-CF4-T1-K5-5","Frozen","45"
"98","MTG - Menteng","741","907100","Pisang Uli Astro Farm","L1-AMF-RF3-T4-2","Fresh","1"
"98","MTG - Menteng","1596","8999898962311","BioKul Yogurt Strawberry","","Fresh","7"
"98","MTG - Menteng","39038","623260","Pet Meal Box Beef Makanan Anjing Basah","L1-FRZ-CF13-T1-K7-5","Fresh","45"
"98","MTG - Menteng","43797","8991004051834","Manalagi Tahu Pong Goreng","BADFRESH-1","Fresh","2"
"98","MTG - Menteng","10920","8991001111289","Silverqueen Cashew Cokelat","","Fresh","90"
"98","MTG - Menteng","32318","299678","Dada Boneless Organik Berkah Chicken","","Frozen","75"
"98","MTG - Menteng","446","551380","Samcan Daging Babi","","Frozen","90"
"98","MTG - Menteng","43112","10000000000153","Jahe Putih Astro Farm","L1-AMF-RF8-T5-1","Fresh","1"
"98","MTG - Menteng","4397","8859129903363","All Coco Coconut Snowflake","","Fresh","75"
"98","MTG - Menteng","6629","199563","Belimbing Dewi Astro Farm 2-3 pcs","","Fresh","1"
"98","MTG - Menteng","50556","10000000005389","Jeruk Sonkit Astro Farm","","Fresh","1"
"98","MTG - Menteng","44131","10000000003536","Bandeng Juwana Presto","","Fresh","60"
"98","MTG - Menteng","1892","8991001503213","Delfi Maltitos","L1-CHL-DC2-T1-40","Fresh","90"
"98","MTG - Menteng","741","907100","Pisang Uli Astro Farm","","Fresh","1"
"98","MTG - Menteng","6087","182655","[Bundle] Greenfields Full Cream Plain UHT Milk 1L","","Fresh","60"
"98","MTG - Menteng","6726","456541","Labu Siam Acar Astro Farm","L1-CHL-DC7-T3-1","Fresh","1"
"98","MTG - Menteng","6395","692153","Kiwi Green Astro Farm 2 pcs","L1-CHL-DC10-T2-1","Fresh","1"
"98","MTG - Menteng","36944","836103","Daging Sapi Iga Jando Brisket Bone Import","L1-FRZ-CF12-T1-K4-1","Frozen","90"
"98","MTG - Menteng","31113","8992854000317","Sunfresh Premium Pineapple Juice","L1-CHL-DC22-T1-4","Fresh","15"
"98","MTG - Menteng","33366","230473","Peach White Astro Farm","","Fresh","1"
"98","MTG - Menteng","867","74570002023","Haagen-Dazs Vanilla Ice Cream Mini Cup","","Frozen","60"
"98","MTG - Menteng","44433","8993492102128","Edo Choco Volcano","","Frozen","45"
"98","MTG - Menteng","28224","841942","Alpukat Okido Premium Size L Astro Farm 1 pcs","","Fresh","1"
"98","MTG - Menteng","43649","10000000000438","Lidah Buaya Astro Farm","","Fresh","1"
"98","MTG - Menteng","47786","10000000004758","Apel Fuji Wang Shan Gift Box","","Fresh","1"
"98","MTG - Menteng","33159","9310264913123","Dairymont Burger Cheese Slice 84 slice","","Fresh","30"
"98","MTG - Menteng","3638","389394","Cabe Hijau Besar Astro Farm","L1-CHL-DC5-T4-3","Fresh","1"
"98","MTG - Menteng","42373","970873","Chicken Saikoro Astro Farm","","Frozen","75"
"98","MTG - Menteng","48286","10000000004874","Kurma Sukkari","","Fresh","30"
"98","MTG - Menteng","24826","692558","La Maison De Pierre Danish Cinnamon Premium Pastry Frozen","","Fresh","30"
"98","MTG - Menteng","47511","8721274611182","Walls Cornetto Choco Brownie Ice Cream 108ml","BADFRESH-2","Frozen","75"
"98","MTG - Menteng","47903","10000000004674","Pureeland Bumbu MPASI Kari","","Frozen","30"
"98","MTG - Menteng","27844","8997228750171","Pick Me Telur Bebek Mentah","L1-AMD-A2-T4-2","Fresh","7"
"98","MTG - Menteng","44924","10000000003951","Cabe Merah Keriting Ekonomis Astro Farm","","Fresh","1"
"98","MTG - Menteng","33946","8993200669264","Cimory Bites Strawberry Lychee Yogurt","L1-CHL-DC18-T5-9","Fresh","45"
"98","MTG - Menteng","44809","10000000003852","Udang Kupas Vanamei Size M Astro Farm","L1-FRZ-CF3-T2-K4-5","Frozen","90"
"98","MTG - Menteng","28232","819091","Melon Pico Premium Size L","","Fresh","1"
"98","MTG - Menteng","8321","6907992823867","Joyday Crunchy Chocolate Malt","","Frozen","90"
"98","MTG - Menteng","32723","8999898301011","Diamond Fresh Milk Non Fat","","Fresh","5"
"98","MTG - Menteng","2992","633205","Daging Shortplate Slice US Astro Farm","L1-FRZ-CF12-T2-K1-3","Frozen","90"
"98","MTG - Menteng","28703","952576","Okra Astro Farm","","Fresh","2"
"98","MTG - Menteng","22932","8999999595647","Walls Magnum Matcha Crumble","","Frozen","90"
"98","MTG - Menteng","6862","8997009744443","Hanzel Smoked Beef","","Frozen","45"
"98","MTG - Menteng","49405","9314441710703","Australian Gold Creamy Camembert Cheese","L1-CHL-DC17-T4-11","Fresh","45"
"98","MTG - Menteng","42984","10000000000138","Apel Shinano Sweet Astro Farm 1 pcs 420-500 gram","","Fresh","1"
"98","MTG - Menteng","42157","559328","Tulang Kaldu Astro Farm","L1-FRZ-CF12-T1-K2-1","Frozen","90"
"98","MTG - Menteng","36943","719266","Meltique Mess Beef AUS","","Frozen","90"
"98","MTG - Menteng","380","426918","Jeruk Sunkist Navel Seedless Astro Farm 2-3 pcs","","Fresh","1"
"98","MTG - Menteng","46920","8993110004896","So Good Hot Crispy Chicken Stick","","Frozen","45"
"98","MTG - Menteng","41338","367143","Labu Parang Astro Farm 1 pcs","","Fresh","1"
"98","MTG - Menteng","40308","892516","Sayap Ayam Middle Wings Marinasi HOT Astro Farm 450-550gram","","Frozen","75"
"98","MTG - Menteng","32858","8801007325224","Bibigo Mandu Isi Daging Dan Sayur Pangsit Gyoza Babi Korea 420gram","","Frozen","45"
"98","MTG - Menteng","31955","392486","Kacang Edamame Astro Farm","","Fresh","1"
"98","MTG - Menteng","979","6942836703288","Hershey's Kisses Chocolate Almond","","Fresh","70"
"98","MTG - Menteng","36688","527729","Cereal Ice Cream by Gotham Treats","","Fresh","1"
"98","MTG - Menteng","44653","10000000003767","Alpukat Mentega Astro Farm 1-2 pcs","L1-AMF-RF7-T1-2","Fresh","1"
"98","MTG - Menteng","42230","8997014350233","Cedea Eomuk Bar Cheese","","Frozen","60"
"98","MTG - Menteng","36414","8997220411070","KIN Yogurt Slurp XL Blueberry Yogurt Pouch","L1-CHL-DC19-T5-9","Fresh","45"
"98","MTG - Menteng","3151","440121471","Anggur Red Globe 500gr (Near Exp. Date)","","Fresh","0"
"98","MTG - Menteng","777","937709","Buah Naga Merah Astro Farm 1 pcs","BAD INBOUND","Fresh","1"
"98","MTG - Menteng","24847","8994181012667","Eat Me Brand Hong Kong Kailan Pack","","Fresh","1"
"98","MTG - Menteng","43797","8991004051834","Manalagi Tahu Pong Goreng","L1-CHL-DC16-T5-6","Fresh","2"
"98","MTG - Menteng","409","564399","Buncis Super Astro Farm","L1-CHL-DC12-T5-4","Fresh","1"
"98","MTG - Menteng","8870","993034","Kue Keranjang 2x500gr","","Fresh","75"
"98","MTG - Menteng","46623","8997016811121","Monggo Ondel-Ondel 20x5.5gram","L1-CHL-DC2-T3-2","Fresh","90"
"98","MTG - Menteng","40974","8997018650100","Karawaci Bakso Sapi Sule Polos","L1-FRZ-CF4-T2-K7-4","Frozen","45"
"98","MTG - Menteng","42588","10000000000004","Pear Century Astro Farm 2-3 pcs","BAD INBOUND","Fresh","1"
"98","MTG - Menteng","46180","10000000004311","Anggur Hijau Shine Muscat Less Seed Astro Farm","","Fresh","1"
"98","MTG - Menteng","6354","523721","Paket Masak Semur Jengkol","","Fresh","1"
"98","MTG - Menteng","40385","625665","Melon Hamigua 1 pcs","","Fresh","1"
"98","MTG - Menteng","8541","8993351120065","Greenfields Original Yogurt Pouch","","Fresh","7"
"98","MTG - Menteng","23","8994466330202","Paha Ayam Parting Organik Probiotik Natural Poultry","L1-FRZ-CF5-T1-K4-2","Frozen","75"
"98","MTG - Menteng","43860","8993492101114","Golden Farm French Fries Straight Cut","BAD INBOUND","Frozen","90"
"98","MTG - Menteng","47934","8994466330110","Paha Atas Broiler Probiotic Natural Poultry","","Frozen","75"
"98","MTG - Menteng","47764","10000000004733","Nangka Sayur Astro Farm","L1-CHL-DC4-T1-4","Fresh","1"
"98","MTG - Menteng","44924","10000000003951","Cabe Merah Keriting Ekonomis Astro Farm","L1-CHL-DC5-T3-1","Fresh","1"
"98","MTG - Menteng","6","109093","Alpukat Mentega Astro Farm 2-4 pcs","BAD INBOUND","Fresh","1"
"98","MTG - Menteng","43657","10000000000495","Timun Organik Astro Farm","L1-CHL-DC7-T4-2","Fresh","1"
"98","MTG - Menteng","44717","10000000003708","Inbolic Sugar-Free Sweet Chili Sauce","","Fresh","90"
"98","MTG - Menteng","43695","10000000000345","SRT Kulit Dimsum Siomay Putih 8cm","L1-FRZ-CF8-T1-K6-4","Frozen","45"
"98","MTG - Menteng","42460","619053","Bumbu Sendok Bumbu Dasar Oranye","","Fresh","21"
"98","MTG - Menteng","32186","9915500101106","Bernardi Beef Burger","L1-FRZ-CF4-T2-K5-5","Frozen","45"
"98","MTG - Menteng","25837","975509","Ikan Salmon Giling","","Frozen","60"
"98","MTG - Menteng","36715","8994457140308","Pawmeals Sensitive Series La La Lamb Cooked Makanan Anjing Basah","","Fresh","30"
"98","MTG - Menteng","568","8993200345038","Kanzler Smoked Beef","L1-FRZ-CF4-T2-K1-8","Frozen","45"
"98","MTG - Menteng","4952","149585","Pisang Cavendish Baby Astro Farm 5-6 pcs","L1-AMF-RF2-T3-1","Fresh","1"
"98","MTG - Menteng","30523","8994457890005","Japanese Wagyu A5 Rosu Sashi","L1-FRZ-CF11-T2-K4-6","Frozen","90"
"98","MTG - Menteng","43227","10000000000194","Kepala Ayam Bersih Astro Farm 450-550gram","L1-FRZ-CF2-T1-K2-4","Frozen","60"
"98","MTG - Menteng","22030","195444","Selada Romaine Konvensional Astro Farm","L1-CHL-DC3-T5-2","Fresh","1"
"98","MTG - Menteng","4648","706641","Paket Masak Rawon - Astro Goods","","Fresh","1"
"98","MTG - Menteng","44810","10000000003854","Udang Kupas Vanamei Size L Astro Farm","L1-FRZ-CF3-T1-K6-1","Frozen","90"
"98","MTG - Menteng","32416","8993351123189","Greenfields Mozzarella Shredded Cheese","L1-CHL-DC18-T3-15","Fresh","35"
"98","MTG - Menteng","51029","8993492000325","Perfetto Mozzarella Stick Cheese 20gram 1 Box isi 12pcs","L1-CHL-DC17-T2-6","Fresh","45"
"98","MTG - Menteng","45254","10000000004030","Rahsa Nusantara Sapujagad Alit REGAS Obat Batuk Pilek","L1-CHL-DC22-T2-6","Fresh","30"
"98","MTG - Menteng","41951","174352","Pork Belly Samcan Daging Babi Potong Dadu Babi Kecap","","Frozen","90"
"98","MTG - Menteng","5027","887008","Kedondong","","Fresh","1"
"98","MTG - Menteng","6725","760237","Amazing Farm Baby Cos","BAD INBOUND","Fresh","1"
"98","MTG - Menteng","5783","8885013131475","Aice Cookies Cup","","Frozen","45"
"98","MTG - Menteng","48267","10000000004718","Gyukushi JPG SPC A5 Wagyu Astro Farm Signature 200gr","","Frozen","90"
"98","MTG - Menteng","288","267934","Iga Babi Bakut","L1-FRZ-CF13-T1-K3-2","Frozen","90"
"98","MTG - Menteng","23605","495849","Coco Loco Kelapa Ijo","","Fresh","4"
"98","MTG - Menteng","8461","8993351120263","Greenfields Mango Yogurt Pouch","L1-CHL-DC19-T5-5","Fresh","7"
"98","MTG - Menteng","45280","10000000004032","Cabe Merah Rawit Tanpa Tangkai Astro Farm","","Fresh","1"
"98","MTG - Menteng","50000","10000000005213","Pakcoy Konvensional Astro Farm","","Fresh","1"
"98","MTG - Menteng","3739","8997017180127","Yun Yi Tahu Kuning","BAD INBOUND","Fresh","2"
"98","MTG - Menteng","44233","10000000003588","Selada Romaine Konvensional Astro Farm","","Fresh","1"
"98","MTG - Menteng","46925","10000000004493","Special Wagyu Minced Beef Astro Farm Signature","","Frozen","90"
"98","MTG - Menteng","51716","745125242354","Bluder Cokro Bluder Kismis Single","L2-AMD-G4-T5-3","Fresh","2"
"98","MTG - Menteng","5626","487227","Paket Masak Tongseng Sapi - Astro Goods","","Fresh","1"
"98","MTG - Menteng","23898","8999999564162","Walls Oreo Cookies & Cream Ice Cream Cup","L1-FRZ-CF6-T2-K1-6","Frozen","75"
"98","MTG - Menteng","21284","231410","Ikan Dori Fillet","","Frozen","75"
"98","MTG - Menteng","43431","8993351129723","Greenfields Fresh Milk Low Fat","","Fresh","7"
"98","MTG - Menteng","50354","10000000005258","Bayam Merah Organik","","Fresh","1"
"98","MTG - Menteng","2375","7622210086693","Cadbury Dairy Milk Fruit & Nut Cokelat","L1-CHL-DC2-T1-39","Fresh","45"
"98","MTG - Menteng","5617","697537","Dada Ayam Boneless (BSB) BestChicken/Chicken Breast 450 - 550gr","","Frozen","75"
"98","MTG - Menteng","43263","10000000000262","Apel Fuji Astro Farm 2-3 pcs","L1-CHL-DC9-T2-4","Fresh","1"
"98","MTG - Menteng","8147","732081","Acaii Tea Anti-Batuk Shot","","Fresh","2"
"98","MTG - Menteng","41337","222300","Daging Sengkel Astro Farm","L1-FRZ-CF12-T1-K8-2","Frozen","90"
"98","MTG - Menteng","44495","10000000003693","Thai Coconut Pudding Astro Goods","","Fresh","2"
"98","MTG - Menteng","401","8997207637950","Ikan Salmon Atlantic/Norway 2/3 (20 IC) Java Sea","","Frozen","7"
"98","MTG - Menteng","43431","8993351129723","Greenfields Fresh Milk Low Fat","L1-CHL-DC1-T3-7","Fresh","7"
"98","MTG - Menteng","28091","877037","Bawang Merah Kupas Astro Farm","","Fresh","2"
"98","MTG - Menteng","36888","8997234089036","Ribu Rasa Chicken Bites Sambal Matah","","Frozen","45"
"98","MTG - Menteng","45117","10000000004006","Jagung Manis Pipil Fresh Astro Farm","","Fresh","1"
"98","MTG - Menteng","46131","10000000004214","Ready to Blend Smoothies Mango Tango","L1-FRZ-CF8-T1-K3-7","Frozen","60"
"98","MTG - Menteng","44688","10000000003755","Nutriale Skin Support Makanan Anjing Basah","","Fresh","30"
"98","MTG - Menteng","36656","301924","Cakalang Cabe Hijau Single Portion Kafe Betawi x Astro Goods","","Fresh","30"
"98","MTG - Menteng","32008","571683","Jeruk Bali Kupas Astro Farm","BAD INBOUND","Fresh","1"
"98","MTG - Menteng","25224","100510","Telur Ayam Negri Astro Basics - Promo","","Fresh","2"
"98","MTG - Menteng","51032","8721274612370","Walls Feast Pop Cookies and Cream Ice Cream 4x16ml","L1-FRZ-CF10-T2-K3-3","Frozen","90"
"98","MTG - Menteng","41954","102694","Ikan Asin Gabus","L1-FRZ-CF3-T2-K7-1","Frozen","60"
"98","MTG - Menteng","27768","800190","Fresh Bites Buah Potong Mixed Fruits","L1-CHL-DC8-T5-3","Fresh","1"
"98","MTG - Menteng","40933","8997016810261","Monggo Strawberry Dark Chocolate 58% of Cocoa Bar","L1-CHL-DC2-T1-46","Fresh","30"
"98","MTG - Menteng","48556","10000000004924","Boneless Paha Skinless Ayam Probiotik Astro Farm 500gr","","Frozen","75"
"98","MTG - Menteng","475","632085","Kentang Astro Farm","L1-AMF-RF6-T2-1","Fresh","1"
"98","MTG - Menteng","3074","237678","Cumi Asin Telur","L1-FRZ-CF3-T2-K1-4","Frozen","75"
"98","MTG - Menteng","3199","347843681","Bawang Bombay 1kg (Near Exp. Date)","","Fresh","0"
"98","MTG - Menteng","37651","913022","Daging Slice Ekonomis Beef Less Fatty Cuts","","Frozen","90"
"98","MTG - Menteng","47773","8995226402788","Smoked Ham Sliced Mamas","L1-FRZ-CF13-T2-K2-1","Frozen","30"
"98","MTG - Menteng","5691","8993200661343","Cimory Squeeze Mango Sticky Rice Yogurt","","Fresh","45"
"98","MTG - Menteng","20630","310451","Ikan Gindara Fillet Steak","","Frozen","75"
"98","MTG - Menteng","40310","743657","Paha Ayam Fillet Marinasi Lada Hitam Astro Farm 450-550gram","","Frozen","75"
"98","MTG - Menteng","40305","640171","Apel Manalagi Astro Farm","","Fresh","1"
"98","MTG - Menteng","48427","7499221239833","Heavenly Donut Ubi Ungu","L1-FRZ-CF8-T1-K5-2","Frozen","114"
"98","MTG - Menteng","6796","476243","Lumpia Alfa Jamur Special 5pcs","","Frozen","30"
"98","MTG - Menteng","52203","10000000005727","Acaii Overnight Oats Chocolate Banana","L1-CHL-DC22-T3-3","Fresh","1"
"98","MTG - Menteng","43799","8991004051810","Manalagi Tahu Cina","L1-CHL-DC16-T2-7","Fresh","2"
"98","MTG - Menteng","4060","478585","Bunga Lawang Astro Farm","","Fresh","60"
"98","MTG - Menteng","35387","410459","Daging Babi Giling Best Value","","Frozen","90"
"98","MTG - Menteng","4484","8999898440031","Jungle Juice Guava","","Fresh","60"
"98","MTG - Menteng","5118","159115","Astro Baristas Milky Aren","","Fresh","0"
"98","MTG - Menteng","4133","926371","Selada Romaine Hydroponic Astro Farm","","Fresh","1"
"98","MTG - Menteng","48620","10000000004910","Oyong Organik","","Fresh","1"
"98","MTG - Menteng","34415","8997023078678","Rious Gold Cake Mini Choco Cheese","","Frozen","45"
"98","MTG - Menteng","23355","439479","Roti Sobek Coklat Keju A Basics","RACK-BAD","Fresh","2"
"98","MTG - Menteng","13727","8991001121271","Van Houten Dark Milk Chocolate","","Fresh","60"
"98","MTG - Menteng","29885","245813","Pakcoy Tahu Astro Goods x Satu Porsi","","Fresh","7"
"98","MTG - Menteng","22380","216265","Tomat Merah Ekonomis Astro Farm","","Fresh","1"
"98","MTG - Menteng","51164","8994450110001","Superior Tahu Putih","L1-CHL-DC16-T2-5","Fresh","15"
"98","MTG - Menteng","42003","8994462370011","Eatsambel Ojolali Sambel Bawang 150gr","L2-AMD-C13-T5-6","Fresh","40"
"98","MTG - Menteng","43226","10000000000191","Usus Rebus Ayam Astro Farm","L1-FRZ-CF2-T1-K1-4","Frozen","60"
"98","MTG - Menteng","49364","10000000005000","Roti Sobek Cokelat A Basics","","Fresh","2"
"98","MTG - Menteng","45454","10000000004103","Sambal Cumi Balado Astro Goods","L1-CHL-DC14-T2-10","Fresh","10"
"98","MTG - Menteng","3625","286534","Kangkung Konvensional Astro Farm","L1-CHL-DC4-T3-1","Fresh","1"
"98","MTG - Menteng","45010","10000000003980","Ribeye Grassfed","L1-FRZ-CF11-T1-K4-4","Frozen","90"
"98","MTG - Menteng","3069","487370","Ikan Asin Peda Merah","L1-FRZ-CF3-T2-K8-4","Frozen","75"
"98","MTG - Menteng","4482","8999898561019","Jungle Juice Apple","L1-CHL-DC22-T2-14","Fresh","60"
"98","MTG - Menteng","4409","760413","Ayam Sayap Frozen","","Frozen","75"
"98","MTG - Menteng","6731","562243","Es Lilin Brasil Rasa Kelapa Muda","BAD INBOUND","Frozen","45"
"98","MTG - Menteng","33353","8993175568319","Richeese Factory Chicken Nugget Crispy Classic","","Frozen","30"
"98","MTG - Menteng","9948","262730","Sambal Nusantara Geprek Astro Goods/Sambel","","Fresh","5"
"98","MTG - Menteng","37146","781219","Kerang Tiram Kupas","","Frozen","75"
"98","MTG - Menteng","45292","10000000004036","Wortel Berastagi Dadu Astro Farm","","Fresh","1"
"98","MTG - Menteng","51490","8993110004384","So Good Sosis Korea Cheese Buldak 58gr","L1-CHL-DC2-T2-11","Frozen","45"
"98","MTG - Menteng","3616","431314","Bayam Hijau Hydroponic Astro Farm","L1-CHL-DC4-T6-3","Fresh","1"
"98","MTG - Menteng","35429","8991071410534","Grouu Cooking Series Bumbu Dasar Kuning MPASI Refill","","Fresh","90"
"98","MTG - Menteng","47089","10000000004580","Mixed Vegetable California Style Astro Farm","","Frozen","60"
"98","MTG - Menteng","25158","737252","Nanas Honi Baby Astro Farm 500-900 gram","","Fresh","1"
"98","MTG - Menteng","47549","8999999275440","Walls Shaky Shake Ice Cream","","Frozen","250"
"98","MTG - Menteng","40788","8997009740421","Hanzel Cheese Cocktail Sausages","","Frozen","45"
"98","MTG - Menteng","36732","869002","Ikan Tenggiri Fillet","","Frozen","60"
"98","MTG - Menteng","42026","603356","Wag and Whisk Cooked Beef All Life Stages Makanan Anjing Basah","","Fresh","30"
"98","MTG - Menteng","44405","8992770191014","Ajinomoto Chicken Gyoza","","Frozen","45"
"98","MTG - Menteng","44777","10000000003848","Udang Kupas Vanamei Size S Astro Farm","L1-FRZ-CF3-T2-K4-1","Frozen","90"
"98","MTG - Menteng","8813","9556001287243","Kit Kat Gold Sharebag","","Fresh","60"
"98","MTG - Menteng","4429","8997234540032","Riverland Beef Bratwurst Sausage","","Frozen","45"
"98","MTG - Menteng","42412","772021","Dry Aged 40 days Ribeye Steak Tenji Meat","","Frozen","90"
"98","MTG - Menteng","43247","8851932479035","Walls Feast Pop Strawberry & Yoghurt","","Frozen","90"
"98","MTG - Menteng","50189","51934008143","Cascade Dairy Cream Cheese 8oz","L1-CHL-DC17-T4-1","Fresh","40"
"98","MTG - Menteng","51720","745125242460","Bluder Cokro Bluder Coklat Kacang Single","L2-AMD-G4-T6-3","Fresh","2"
"98","MTG - Menteng","25320","8999999595586","Magnum Chocolate Luxe - Es Krim Walls","","Frozen","90"
"98","MTG - Menteng","50112","8997014358376","Cedea Chikuwa Nejiri Blackpepper","L1-FRZ-CF4-T2-K2-5","Frozen","45"
"98","MTG - Menteng","50110","8993207267647","Fiesta Cheesy Bombs","","Frozen","60"
"98","MTG - Menteng","32266","2100000380596","Mamita Mambucha Artisan Tea Lavender Bottle","","Fresh","10"
"98","MTG - Menteng","51506","10000000005590","Bunga Genjer","BAD INBOUND","Fresh","1"
"98","MTG - Menteng","2990","535039","Daging Slice Brisket Import Astro Farm","BAD INBOUND","Frozen","90"
"98","MTG - Menteng","35426","8991071410329","Grouu Cooking Series Bumbu Dasar Putih MPASI","","Fresh","90"
"98","MTG - Menteng","4431","8998866820370","Glico Wings Frostbite Chocolava Mochi","L1-FRZ-CF6-T2-K2-7","Frozen","45"
"98","MTG - Menteng","35756","8993110000430","So Good Bakso Sapi Kuah","","Frozen","30"
"98","MTG - Menteng","30050","3073781194463","Kiri Cream Cheese","L1-CHL-DC17-T5-5","Fresh","30"
"98","MTG - Menteng","31878","443186","Hati Ayam Sreeya","","Frozen","75"
"98","MTG - Menteng","47240","8990114000084","Campina Hula Hula Maxx Kacang Hijau","","Frozen","90"
"98","MTG - Menteng","4702","8994046010173","My Roti Roti Tawar Standar Family Pack","","Fresh","1"
"98","MTG - Menteng","41572","820593","Metzger Herb Garlic Butter","L1-CHL-DC17-T2-10","Fresh","45"
"98","MTG - Menteng","43849","10000000000576","Kang Kebab Mini Authentic Turki Original","","Frozen","5"
"98","MTG - Menteng","50725","10000000005445","Apel Dazzle NZ","L1-CHL-DC9-T3-4","Fresh","1"
"98","MTG - Menteng","9199","8992994110143","Yakult Light Less Sugar Minuman Probiotik","","Fresh","7"
"98","MTG - Menteng","6386","330004","Paket Masak Sop Ayam Jamur X Royco","","Fresh","1"
"98","MTG - Menteng","6494","8994023000364","Meg Process Cream Cheese","L1-CHL-DC18-T2-2","Fresh","45"
"98","MTG - Menteng","1456","8997014356013","Cedea Bakso Ikan Besar","L1-FRZ-CF4-T1-K4-5","Fresh","45"
"98","MTG - Menteng","3469","8993200664368","Kanzler Cheese Cocktail Chicken Sausages","L1-FRZ-CF4-T2-K5-2","Frozen","45"
"98","MTG - Menteng","23355","439479","Roti Sobek Coklat Keju A Basics","L2-AMD-G6-T4-2","Fresh","2"
"98","MTG - Menteng","50953","8885013134681","Aice Crispy Balls Shine Muscat with Popping Candy","BAD INBOUND","Frozen","90"
"98","MTG - Menteng","4342","597936","Ubi Cilembu Astro Farm","L1-AMF-RF6-T4-3","Fresh","1"
"98","MTG - Menteng","31919","273712","Roti Sobek Choco Crunchy Ovomaltine Astro Goods x Ovomaltine","L2-AMD-G6-T3-4","Fresh","2"
"98","MTG - Menteng","33516","998246","Rigatoni Tanpa Pengawet Astro Goods/Pasta","","Fresh","18"
"98","MTG - Menteng","3122","955783","Jamur Champignon","BAD INBOUND","Fresh","1"
"98","MTG - Menteng","41431","184975","Bumbu Sendok Bumbu Dasar Kuning","","Fresh","21"
"98","MTG - Menteng","24494","748318","Jambu Air Citra Astro Farm 4-7 pcs","L1-CHL-DC10-T2-2","Fresh","1"
"98","MTG - Menteng","32618","10148949","Kin Raw Beef & Duck Makanan Kucing","L1-FRZ-CF13-T2-K6-7","Fresh","45"
"98","MTG - Menteng","600","766333","Pisang Cavendish Astro Farm 2-4 pcs","","Fresh","1"
"98","MTG - Menteng","3743","8997017180226","Kim's Tempe","","Fresh","2"
"98","MTG - Menteng","44018","10000000000702","Pakcoy Hydroponic Astro Farm","L1-CHL-DC3-T4-5","Fresh","1"
"98","MTG - Menteng","46624","8991999113012","Milk Life Fresh Milk Strawberry Banana","L1-CHL-DC1-T4-5","Fresh","7"
"98","MTG - Menteng","3288","935462597","Lemon Import 500gr (Near Exp. Date)","","Fresh","0"
"98","MTG - Menteng","23135","626679","Paha Ayam Bawah Astro Farm Regular","BADFRESH-1","Frozen","60"
"98","MTG - Menteng","31400","229013","Sambal Matah Astro Goods","","Fresh","15"
"98","MTG - Menteng","7481","488977","Ayam Negeri Organik Probiotik+Jamu Regular 800-900gr LactoFarm","","Frozen","75"
"98","MTG - Menteng","21150","8801085028666","Es Lilin Brasil Rasa Kacang Hijau","L1-FRZ-CF10-T2-K1-2","Frozen","45"
"98","MTG - Menteng","43697","10000000000347","SRT Ringroll Tofu Bell Roll","L1-FRZ-CF8-T1-K4-5","Frozen","45"
"98","MTG - Menteng","46954","8998866820745","Waku Waku Chocoloop 35ml","BAD INBOUND","Frozen","90"
"98","MTG - Menteng","6128","458486","Vilo Ice Cream Cotton Candy 90ml","","Frozen","45"
"98","MTG - Menteng","24901","101512","Cookie Monster Manatea x Astro Goods Ice Cream Cup","","Frozen","30"
"98","MTG - Menteng","5244","599346","Pempek Warisan Kriukk 150gr","","Fresh","45"
"98","MTG - Menteng","3741","8997017180011","Kim's Tahu Kuning 10 pcs","","Fresh","2"
"98","MTG - Menteng","7937","268861","Buy 2 Walls Carte D'Or Caramel Free 1 Caramel","","Frozen","45"
"98","MTG - Menteng","5673","5760466738088","Arla Cheese Spread","","Fresh","45"
"98","MTG - Menteng","5081","510539","Momotaro Kitchen Siomay Dimsum Ayam Frozen isi 10 pcs","","Frozen","45"
"98","MTG - Menteng","36415","8997220411056","KIN Yogurt Slurp XL Strawberry Pouch","","Fresh","45"
"98","MTG - Menteng","40795","902563","Ajinah Kunafa","","Fresh","30"
"98","MTG - Menteng","3626","838528","Kol Putih Organik","L1-CHL-DC7-T1-5","Fresh","1"
"98","MTG - Menteng","43692","10000000000342","SRT Kulit Tahu Tawar Putih 15cm x 15cm","","Frozen","45"
"98","MTG - Menteng","44655","10000000003749","Temulawak Astro Farm","L1-AMF-RF8-T4-3","Fresh","1"
"98","MTG - Menteng","5592","442544","Kentang Rendang Astro Farm","BAD INBOUND","Fresh","1"
"98","MTG - Menteng","30762","80824107","Kinder Creamy T12","","Fresh","45"
"98","MTG - Menteng","43265","10000000000251","Hyoshii Strawberry Premium Momoka Ichigo Size M","","Fresh","1"
"98","MTG - Menteng","4711","371776","GreenRebel Beefless Steak 300gr","","Fresh","45"
"98","MTG - Menteng","32269","2100000380602","Mamita Mambucha Teh Fermentasi Original Kombucha Bottle","L1-CHL-DC22-T2-10","Fresh","10"
"98","MTG - Menteng","41337","222300","Daging Sengkel Astro Farm","","Frozen","90"
"98","MTG - Menteng","48262","8721274611205","Walls Pokemon Ice Ball Strawberry Guava Ice Cream","","Frozen","60"
"98","MTG - Menteng","9732","314373","Vermont Apple Pie Manatea x Astro Goods","","Frozen","30"
"98","MTG - Menteng","1267","8992907110017","Sari Roti Tawar Special","BADFRESH-1","Fresh","2"
"98","MTG - Menteng","45358","8993110004100","Olagud Ayam Potong 8 Probiotik","","Frozen","45"
"98","MTG - Menteng","4964","204608","Buah Naga Merah Astro Farm","","Fresh","1"
"98","MTG - Menteng","48562","881002000322","Friday Creamery Cookies & Cream MIni","","Frozen","75"
"98","MTG - Menteng","43441","10000000000298","Kailan Organik","L1-CHL-DC3-T3-5","Fresh","1"
"98","MTG - Menteng","47556","44212012","Terve Hazelnut Dubai Chocolate Dark Milk","L1-CHL-DC2-T1-52","Fresh","90"
"98","MTG - Menteng","34124","550682","Moon Cake Duren Ang Hap Siang","L1-CHL-DC14-T5-5","Fresh","12"
"98","MTG - Menteng","5813","505297","Lokio Astro Farm","L1-CHL-DC6-T3-2","Fresh","1"
"98","MTG - Menteng","3741","8997017180011","Kim's Tahu Kuning 10 pcs","L1-CHL-DC16-T6-1","Fresh","2"
"98","MTG - Menteng","42988","8994452100000","Leuga Lele Bumbu Kuning","L1-FRZ-CF7-T1-K7-3","Frozen","30"
"98","MTG - Menteng","345","493711","Melon Sky Rocket Astro Farm 1 pcs","L1-AMF-RF4-T3-4","Fresh","1"
"98","MTG - Menteng","42372","481850","Dada Ayam Boneless Astro Farm","","Frozen","75"
"98","MTG - Menteng","33514","551948","Fusilli Tanpa Pengawet Astro Goods/Pasta","","Fresh","18"
"98","MTG - Menteng","6237","786797","Baby Kailan Astro Farm","","Fresh","1"
"98","MTG - Menteng","51168","10000000005543","Ikan Gabus Giling","","Frozen","60"
"98","MTG - Menteng","3382","593492","Beau Bakery Pain Au Chocolate 1pcs","","Fresh","1"
"98","MTG - Menteng","6130","245886","Vilo Ice Cream Ovomaltine Cheesecake 90ml","","Frozen","45"
"98","MTG - Menteng","44232","10000000003587","Bayam Hijau Konvensional Astro Farm","","Fresh","1"
"98","MTG - Menteng","48240","7622202803833","Cadbury Dairy Milk Crisp-it 52gram","L1-CHL-DC2-T1-13","Fresh","54"
"98","MTG - Menteng","5605","868627","Ikan Lele Bumbu Kuning Astro Farm","","Frozen","28"
"98","MTG - Menteng","3902","7499221145134","Heavenly Blush Tummy Blueberry Redbeet Yogurt Drink","","Fresh","30"
"98","MTG - Menteng","32317","8997234140782","Sibas Salmon Sashimi Frozen","","Frozen","90"
"98","MTG - Menteng","34428","9986260002002","Weiwang Siomay Ayam Vegie","","Frozen","30"
"98","MTG - Menteng","44143","8995102704272","Mamasuka Chicken Wings Sweet & Spicy","","Frozen","60"
"98","MTG - Menteng","32696","7499221184324","Heavenly Blush Greek Yogurt Plain","L1-CHL-DC19-T1-4","Fresh","7"
"98","MTG - Menteng","47514","8801007945132","Bibigo Mandu Vegetable Dumplings Mushroom","L1-FRZ-CF4-T1-K4-2","Frozen","45"
"98","MTG - Menteng","4426","843702","A-M Kulit Pangsit Special Siomay 10 x 10 cm 50 Lembar","BAD INBOUND","Fresh","14"
"98","MTG - Menteng","42866","7499221243120","Heavenly Blush Yoguruto Mango Yogurt Drink","L1-CHL-DC18-T4-5","Fresh","45"
"98","MTG - Menteng","40790","8997009741015","Hanzel Frankfurter Original Sausages","L1-FRZ-CF4-T2-K2-1","Frozen","45"
"98","MTG - Menteng","297","449507","Daun Seledri Astro Farm","","Fresh","1"
"98","MTG - Menteng","88","8994466330042","Dada Ayam Boneless Fillet Organik Probiotik Natural Poultry","","Frozen","75"
"98","MTG - Menteng","46616","8850329315512","Meiji Nata de Coco Yogurt","","Fresh","7"
"98","MTG - Menteng","2962","8999999294021","Walls Feast Vanilla","L1-FRZ-CF6-T1-K7-1","Frozen","90"
"98","MTG - Menteng","5230","718787","Jeruk Papagan Astro Farm 2-3 pcs","","Fresh","1"
"98","MTG - Menteng","51161","8997233141827","Miasso Sosis Spicy Cheese Coriander 190gr","","Frozen","90"
"98","MTG - Menteng","43353","8991728000941","Joyday Tiramisu Ice Cream Sandwich","","Frozen","130"
"98","MTG - Menteng","30485","133684","Jeruk Lime Premium Astro Farm 2-3 pcs","L1-CHL-DC10-T1-2","Fresh","1"
"98","MTG - Menteng","44014","10000000000674","Ceker Ayam Tanpa Tulang Astro Farm","BAD INBOUND","Frozen","60"
"98","MTG - Menteng","51716","745125242354","Bluder Cokro Bluder Kismis Single","BADFRESH-1","Fresh","2"
"98","MTG - Menteng","190","330220","Jeruk Medan Astro Farm 4-5 pcs","BAD INBOUND","Fresh","1"
"98","MTG - Menteng","40433","49800215658","Rich's Ice Hot All-Purpose Creamer","","Fresh","60"
"98","MTG - Menteng","51114","10000000005520","Cimol Bojot AA Keju Mozzarella Rasa Balado","L1-FRZ-CF8-T2-K5-6","Frozen","23"
"98","MTG - Menteng","1893","8991001112118","Delfi Take It 4Fingers Dark","L1-CHL-DC2-T2-9","Fresh","90"
"98","MTG - Menteng","28334","438488","Ayam Pejantan Parting 6 Astro Farm","L1-FRZ-CF2-T1-K5-2","Frozen","60"
"98","MTG - Menteng","2691","245820","Greenfields Yogurt Pouch Strawberry 80gr","","Fresh","7"
"98","MTG - Menteng","46208","10000000004146","Resep Roemah Bumbu Kuah Instant Anak Kari Ayam","","Frozen","30"
"98","MTG - Menteng","40974","8997018650100","Karawaci Bakso Sapi Sule Polos","","Frozen","45"
"98","MTG - Menteng","50007","10000000005222","Zespri Kiwi Red Ruby 2 pcs","","Fresh","2"
"98","MTG - Menteng","28145","440078","Oma Elly Pizza Quattro Formaggi Frozen 20cm","","Frozen","28"
"98","MTG - Menteng","51164","8994450110001","Superior Tahu Putih","","Fresh","15"
"98","MTG - Menteng","207","347838","Mangga Harum Manis Astro Farm 2-4 pcs","","Fresh","1"
"98","MTG - Menteng","27200","8991728000590","Joyday Crunchy Choco Lava","","Frozen","90"
"98","MTG - Menteng","47768","10000000004747","Sunpride Pear Singo Gift Box","","Fresh","1"
"98","MTG - Menteng","50330","8997207520511","El Primo Chicken Cheese","L1-FRZ-CF4-T2-K6-2","Frozen","90"
"98","MTG - Menteng","23135","626679","Paha Ayam Bawah Astro Farm Regular","L1-FRZ-CF2-T2-K5-1","Frozen","60"
"98","MTG - Menteng","45960","8993492102449","Edo Sukiyaki Shabu Set","L1-FRZ-CF4-T2-K2-2","Frozen","45"
"98","MTG - Menteng","22590","505075","MJ's Sweet Tea LemonDiscoFish x Astro Goods","","Frozen","30"
"98","MTG - Menteng","24154","746654","Peppery Delight Cashew Astro Goods","","Fresh","60"
"98","MTG - Menteng","5155","276610","Dimsum Inc Mantao Goreng Kukus 12pcs","","Frozen","5"
"98","MTG - Menteng","8787","470863","Frozen Ayam Kungpao Astro Goods","","Fresh","2"
"98","MTG - Menteng","5622","720922","Paha Ayam Bawah BestChicken/Chicken Thigh 450 - 550gr","","Frozen","75"
"98","MTG - Menteng","7112","8993351129808","Greenfields Whipping Cream","L1-CHL-DC1-T3-8","Fresh","60"
"98","MTG - Menteng","36058","8993207240848","Fiesta Dino Nugget","","Frozen","45"
"98","MTG - Menteng","44770","10000000003835","Iga Gondrong Ekonomis","","Frozen","90"
"98","MTG - Menteng","23459","795187","Ikan Cakalang Utuh Astro Farm","L1-FRZ-CF7-T1-K5-3","Frozen","60"
"98","MTG - Menteng","3467","8993200345427","Kanzler Cheese Frankfurter Sausages","","Frozen","45"
"98","MTG - Menteng","31538","8992704002331","Bumifood Hakau Udang","","Frozen","45"
"98","MTG - Menteng","26911","8997033430008","Shinshuichi Enachan Miso Tauco Putih Khas Jepang","L1-CHL-DC14-T4-5","Fresh","90"
"98","MTG - Menteng","4067","531220","Melon Inthanon Size M - Astro Farm","","Fresh","1"
"98","MTG - Menteng","33506","180787","Ayam Kampung Ungkep Bumbu Kuning Potong 8 600-700gr","","Frozen","60"
"98","MTG - Menteng","691","7499221124146","Heavenly Blush Greek Yogurt Peach","","Fresh","12"
"98","MTG - Menteng","44654","10000000003748","Kenikir Astro Farm","","Fresh","1"
"98","MTG - Menteng","47233","8997015494875","Green Valley Shredded Red Cheddar Cheese","","Fresh","45"
"98","MTG - Menteng","30522","230398","Daging Sapi Rendang Astro Farm","L1-FRZ-CF12-T1-K3-1","Frozen","90"
"98","MTG - Menteng","9950","676593","Sambal Nusantara Sereh Astro Goods/Sambel","","Fresh","5"
"98","MTG - Menteng","1851","8997231850028","Mujigae Topokki Instan","","Fresh","90"
"98","MTG - Menteng","44827","10000000003911","Jeruk Medan Ekonomis Astro Farm 4-5 pcs","BAD INBOUND","Fresh","1"
"98","MTG - Menteng","24035","822207","Timun Acar Astro Farm","","Fresh","2"
"98","MTG - Menteng","36439","930836","Cabe Merah Rawit Astro Farm","BAD INBOUND","Fresh","1"
"98","MTG - Menteng","3465","8993200664382","Kanzler Chicken Nugget Original","","Frozen","45"
"98","MTG - Menteng","128","8992907952631","Sari Roti Tawar Double Soft","L2-AMD-G4-T4-3","Fresh","2"
"98","MTG - Menteng","46192","10000000004404","Singkong Organik","","Fresh","1"
"98","MTG - Menteng","607","8997207630852","Udang Laut Kupas Bersih L Java Sea","","Frozen","75"
"98","MTG - Menteng","23740","754792","Kentang - Astro Farm","BADFRESH-1","Fresh","1"
"98","MTG - Menteng","50325","8997207520481","El Primo Chicken Picnic","L1-FRZ-CF4-T2-K2-7","Frozen","90"
"98","MTG - Menteng","440","11310031","Sibas Ikan Dori Fillet","","Frozen","75"
"98","MTG - Menteng","6237","786797","Baby Kailan Astro Farm","L1-CHL-DC4-T5-6","Fresh","1"
"98","MTG - Menteng","51168","10000000005543","Ikan Gabus Giling","L1-FRZ-CF7-T2-K6-5","Frozen","60"
"98","MTG - Menteng","41653","639955","Matcha Espresso Gelato Astro Goods x Oma Elly","","Frozen","7"
"98","MTG - Menteng","27249","270242","Sum Sum Tulang Sapi Import Astro Farm","","Frozen","90"
"98","MTG - Menteng","29801","711575","Durian Lokal Medan Frozen Astro Farm","","Frozen","26"
"98","MTG - Menteng","31857","8993110000553","So Good Dinobites Jetz Nugget Original","","Frozen","30"
"98","MTG - Menteng","11987","971671","Bawang Merah Goreng Astro Basics","","Fresh","20"
"98","MTG - Menteng","11990","708937","Emping Asin A Basics","L2-AMD-F27-T5-1","Fresh","28"
"98","MTG - Menteng","4049","663224","Jeruk Limau Astro Farm 9-11 pcs","L1-AMF-RF4-T5-2","Fresh","1"
"98","MTG - Menteng","6361","69704087","Es Batu Kristal","L1-FRZ-CF-ES","Fresh","60"
"98","MTG - Menteng","43108","10000000000135","Cabe Merah Rawit Astro Farm","BAD INBOUND","Fresh","1"
"98","MTG - Menteng","49318","8997007220246","Nafra Bumbu Ayam Goreng","L1-CHL-DC14-T3-4","Fresh","45"
"98","MTG - Menteng","457","616358","Labu Siam Astro Farm","L1-CHL-DC7-T3-4","Fresh","1"
"98","MTG - Menteng","600","766333","Pisang Cavendish Astro Farm 2-4 pcs","L1-AMF-RF9-CAVEN","Fresh","1"
"98","MTG - Menteng","9938","972918","Daging Oseng Import Astro Farm","L1-FRZ-CF12-T2-K6-4","Frozen","90"
"98","MTG - Menteng","42588","10000000000004","Pear Century Astro Farm 2-3 pcs","","Fresh","1"
"98","MTG - Menteng","2962","8999999294021","Walls Feast Vanilla","","Frozen","90"
"98","MTG - Menteng","35186","634450","Telur Ayam Negeri Astro Farm","L1-AMD-A1-T3-1","Fresh","11"
"98","MTG - Menteng","46384","10000000004287","Kelapa Parut Astro Farm","BADFRESH-1","Frozen","1"
"98","MTG - Menteng","50141","8993492101336","Just Fry French Fries Shoestring","L1-FRZ-CF11-T2-K7-6","Frozen","60"
"98","MTG - Menteng","32267","2100000380589","Mamita Mambucha Rasa Marigold","L1-CHL-DC22-T2-8","Fresh","10"
"98","MTG - Menteng","4941","8992907730017","Sari Roti Sobek Coklat Srikaya","L2-AMD-G5-T3-4","Fresh","2"
"98","MTG - Menteng","32897","9311766000373","Alba Parmesan Wedge Cheese","L1-CHL-DC17-T1-8","Fresh","45"
"98","MTG - Menteng","50028","10000000005223","Hyoshii Strawberry Premium Hatsu Hana 6 pcs","","Fresh","1"
"98","MTG - Menteng","3906","370654","Oyong Astro Farm","BAD INBOUND","Fresh","1"
"98","MTG - Menteng","51032","8721274612370","Walls Feast Pop Cookies and Cream Ice Cream 4x16ml","","Frozen","90"
"98","MTG - Menteng","32009","381803","Anggur Hijau Calmeria Seeded Astro Farm","","Fresh","1"
"98","MTG - Menteng","6860","8997009742197","Sumber Selera Bakso Urat 20Pcs","","Frozen","15"
"98","MTG - Menteng","6114","699540","Tomat Beef Hydroponic Astro Farm","BAD INBOUND","Fresh","1"
"98","MTG - Menteng","35213","8992907953287","Sari Roti Tawar Kupas Jumbo","","Fresh","2"
"98","MTG - Menteng","44660","10000000003763","Pisang Barangan Astro Farm 4-5 pcs","L1-AMF-RF3-T5-3","Fresh","1"
"98","MTG - Menteng","37145","941208","Tako Leg Cut Gurita Potong Matang","","Frozen","60"
"98","MTG - Menteng","48237","10000000004857","Bawang Merah Batu Astro Farm","","Fresh","2"
"98","MTG - Menteng","46035","10000000004247","Rossa Farm Telur Ayam Free Range Brown Eggs","DC-BADSTOCK-38","Fresh","7"
"98","MTG - Menteng","36717","8994457140148","Pawmeals Young & Adult Chick n Salmon Cooked Makanan Anjing Basah","","Fresh","30"
"98","MTG - Menteng","24494","748318","Jambu Air Citra Astro Farm 4-7 pcs","","Fresh","1"
"98","MTG - Menteng","49570","10000000004992","EatSambel Cumi Ciamik","L2-AMD-C9-T1-7","Fresh","2"
"98","MTG - Menteng","5701","940683","Kim's Tahu Non GMO","","Fresh","2"
"98","MTG - Menteng","35843","8997220411087","Kin Yogurt Slurp Mix Flavors Bundling 5+1 6x45gr","","Fresh","45"
"98","MTG - Menteng","6248","8990114000312","Campina Hula Hula Kacang Hijau","","Frozen","90"
"98","MTG - Menteng","4069","465849","Paket Masak Setup Makaroni","","Fresh","1"
"98","MTG - Menteng","44588","10000000003695","Ovo Eggs Pasteurized Liquid Egg Putih Telur","","Frozen","90"
"98","MTG - Menteng","46793","10000000004479","Bumbu Masak Machmudah BMM Nasi Goreng","","Fresh","15"
"98","MTG - Menteng","2366","820451","Kol Putih Astro Farm","","Fresh","1"
"98","MTG - Menteng","22379","939952","Brokoli Ekonomis Astro Farm","L1-CHL-DC12-T2-1","Fresh","1"
"98","MTG - Menteng","52175","10000000005725","Acaii Overnight Oats Chocolate","L1-CHL-DC22-T3-2","Fresh","1"
"98","MTG - Menteng","23923","774969","Ikan Nila Fillet","L1-FRZ-CF7-T1-K3-1","Frozen","60"
"98","MTG - Menteng","6997","700443","Anggur Crimson Less Seed Astro Farm","L1-CHL-DC8-T2-5","Fresh","1"
"98","MTG - Menteng","46406","8997014358239","Cedea Fish and Chicken Nugget Cheese 500 g","","Frozen","45"
"98","MTG - Menteng","4805","214559","Kurma Sukkari Al Qassim","","Fresh","30"
"98","MTG - Menteng","6112","476959","Lychee - Astro Farm","","Fresh","1"
"98","MTG - Menteng","32855","192730","Heavenly Blush Youruto Strawberry Yogurt Drink","","Fresh","45"
"98","MTG - Menteng","51570","8994046010333","My Roti Tawar Lembut Premium Extra Tebal 6 Slice","L2-AMD-G5-T6-2","Fresh","3"
"98","MTG - Menteng","22718","384954","Bebek Sambel Terasi Astro Goods x Bebek Goreng Crispy Begok","","Fresh","2"
"98","MTG - Menteng","2175","946320","Oma Elly Frozen Pizza Margherita Diameter 20cm","","Fresh","7"
"98","MTG - Menteng","22061","5285001155774","Ikan Tongkol Pindang Pouch Delta Foods","L1-CHL-DC23-T5-6","Fresh","120"
"98","MTG - Menteng","33154","7622300065201","Kraft Keju Cheddar Mini","BADFRESH-1","Fresh","36"
"98","MTG - Menteng","28339","8997207636366","Kerang Batu Matang Javasea","","Frozen","120"
"98","MTG - Menteng","44657","10000000003764","Pisang Ambon Astro Farm 6-7 pcs","BADFRESH-1","Fresh","1"
"98","MTG - Menteng","46914","8993110003646","So Nice Sosis Premium Hot","L1-CHL-DC2-T2-17","Frozen","45"
"98","MTG - Menteng","50929","10000000005252","Eat Me Brand Lettuce Lover Salad","","Fresh","1"
"98","MTG - Menteng","28336","679694","Kaki Babi","","Frozen","90"
"98","MTG - Menteng","47541","8993071700257","Belfoods Royal Daegu Original Korean Sausage","","Frozen","45"
"98","MTG - Menteng","36085","8999999603502","Walls Magnum Mini Classic Almond Mango Yoghurt Parfait","","Frozen","120"
"98","MTG - Menteng","45371","10000000004083","MyFruits Pear Century Family Pack","","Fresh","1"
"98","MTG - Menteng","32897","9311766000373","Alba Parmesan Wedge Cheese","","Fresh","45"
"98","MTG - Menteng","48239","7622202803857","Cadbury Sharebag Oreo 80.5g","L1-CHL-DC22-T3-8","Fresh","54"
"98","MTG - Menteng","6393","720242","Sugar Prune Astro Farm","","Fresh","1"
"98","MTG - Menteng","39036","844707","Pet Meal Box Cooked Chicken Wet Dog Food","","Fresh","45"
"98","MTG - Menteng","45280","10000000004032","Cabe Merah Rawit Tanpa Tangkai Astro Farm","BAD INBOUND","Fresh","1"
"98","MTG - Menteng","43694","10000000000344","SRT Kulit Tahu Tawar Coklat 8cm x 8cm 50pcs","","Frozen","45"
"98","MTG - Menteng","41751","7622201762193","Cadbury Dairy Milk Oreo 60gr","","Fresh","45"
"98","MTG - Menteng","43852","8997214670100","Ahaay Cilok Keju dengan Bumbu Kacang","L1-FRZ-CF4-T2-K5-1","Frozen","14"
"98","MTG - Menteng","35430","8991071410480","Grouu Finger Food Cheese Triangle Snack Bayi","","Fresh","90"
"98","MTG - Menteng","43238","8994452100017","Leuga Gurame Bumbu Kuning","","Frozen","30"
"98","MTG - Menteng","3746","800275","Jeruk Mandarin Ponkam Less Seed Astro Farm","","Fresh","1"
"98","MTG - Menteng","47602","8999999555542","Wall's Extra Creamy Classic Vanilla Ice Cream Tubs","","Frozen","250"
"98","MTG - Menteng","50382","3510020280117","Canyon View Creamy Mac & Cheese Sauce","L1-CHL-DC18-T1-8","Fresh","30"
"98","MTG - Menteng","24034","920605","Bawang Bombay Merah - Astro Farm","","Fresh","2"
"98","MTG - Menteng","51029","8993492000325","Perfetto Mozzarella Stick Cheese 20gram 1 Box isi 12pcs","","Fresh","45"
"98","MTG - Menteng","21814","597842","Paru Rebus Slice Import Astro Farm","L1-FRZ-CF12-T2-K5-2","Frozen","90"
"98","MTG - Menteng","35785","625340","Ampela Ayam Kampung Astro Farm","","Frozen","75"
"98","MTG - Menteng","46035","10000000004247","Rossa Farm Telur Ayam Free Range Brown Eggs","","Fresh","7"
"98","MTG - Menteng","2072","243150","Jamur Kuping Astro Farm","L1-CHL-DC15-T3-2","Fresh","1"
"98","MTG - Menteng","44488","8994457140186","Pawmeals Sensitive Series Duck Delish Dog Cooked Food","L1-FRZ-CF13-T2-K6-4","Frozen","30"
"98","MTG - Menteng","19714","215878","Kolang Kaling - Astro Farm","","Fresh","2"
"98","MTG - Menteng","43699","10000000000507","Pakcoy Organik","L1-CHL-DC3-T2-2","Fresh","1"
"98","MTG - Menteng","5942","244413","Dough Lab Gold Digger 1pcs","","Fresh","1"
"98","MTG - Menteng","34121","561069","Moon Cake Cokelat Ang Hap Siang","L1-CHL-DC14-T5-7","Fresh","12"
"98","MTG - Menteng","31778","370660","Pisang Kepok Kuning Astro Farm","BADFRESH-1","Fresh","1"
"98","MTG - Menteng","42410","660043","Ribeye Steak MB5 Tenji Meat","","Frozen","90"
"98","MTG - Menteng","3601","352275","Paket Masak Capcay Astro Goods","DC-BADSTOCK-38","Fresh","2"
"98","MTG - Menteng","51576","10000000005551","Amazing Farm Simply Cos Salad","","Fresh","1"
"98","MTG - Menteng","2913","8993110001604","So Good Premium Chicken Nugget Stick Original","L1-FRZ-CF1-T2-K3-1","Frozen","45"
"98","MTG - Menteng","46950","5413121355082","The Belgian Dark Chocolate 72","L1-CHL-DC2-T1-16","Fresh","90"
"98","MTG - Menteng","4270","916267","[Promo] Anchor Cheese Slice 12 Pcs","","Fresh","45"
"98","MTG - Menteng","5575","426732","Zukini Astro Farm","","Fresh","1"
"98","MTG - Menteng","2959","8999999047207","Walls Paddle Pop Rainbow","BAD INBOUND","Frozen","75"
"98","MTG - Menteng","6531","8991999110011","Milk Life Fresh Milk Pure","L1-CHL-DC1-T4-2","Fresh","7"
"98","MTG - Menteng","31528","8997205335322","Telur Puyuh","BAD INBOUND","Fresh","7"
"98","MTG - Menteng","50326","8997207520405","El Primo Chicken Breakfast","L1-FRZ-CF4-T2-K6-5","Frozen","90"
"98","MTG - Menteng","1340","8993351120003","Greenfields Yogurt Original","","Fresh","7"
"98","MTG - Menteng","44695","10000000003770","Jeruk Nipis Astro Farm 3-5 pcs","L1-AMF-RF4-T5-3","Fresh","1"
"98","MTG - Menteng","3759","889409","Francis Bakery Dark Choco Cheese Stick Cookies 180gr","","Fresh","2"
"98","MTG - Menteng","43739","10000000000520","Mangga Gedong Gincu Astro Farm 2-3 pcs","BADFRESH-1","Fresh","1"
"98","MTG - Menteng","6826","224464","Roti Tawar A Basics","","Fresh","3"
"98","MTG - Menteng","4480","8999898561026","Jungle Juice Orange","","Fresh","60"
"98","MTG - Menteng","43737","10000000000526","Mangga Manalagi Astro Farm 2-3 pcs","","Fresh","1"
"98","MTG - Menteng","29562","913523","Jamur King Oyster Mini Pack","L1-CHL-DC15-T2-4","Fresh","1"
"98","MTG - Menteng","24229","2579610080002","Brownie Bar BakedIDFood","","Fresh","10"
"98","MTG - Menteng","6246","8990114000596","Campina Concerto Icownic Ice Cream x Ultra Milk","","Frozen","45"
"98","MTG - Menteng","42343","9421016151318","Westgold Unsalted Butter Premium","","Fresh","45"
"98","MTG - Menteng","29642","435008","Anggur Hijau Afrika Seedless Premium - Astro Farm 450gr - 500gr/pack","","Fresh","1"
"98","MTG - Menteng","42325","8994130900151","Sayap Ayam Middle Wing Sreeya","","Frozen","75"
"98","MTG - Menteng","46298","5711953056093","Arla Salted Butter","","Fresh","45"
"98","MTG - Menteng","1692","8998866820363","Glico Wings Haku Vanilla & Crispy Choco Monaka","L1-FRZ-CF6-T2-K2-2","Frozen","45"
"98","MTG - Menteng","5511","174062","Gingernuts Ronde Campur Jahe Gula Merah 150gr","","Frozen","15"
"98","MTG - Menteng","4710","622238","GreenRebel Beefless Rendang 225gr","","Fresh","45"
"98","MTG - Menteng","35074","8993351129310","Greenfields Fresh Milk Cafe Latte Low Fat","","Fresh","7"
"98","MTG - Menteng","31567","228848","Kluwek Astro Goods","","Fresh","3"
"98","MTG - Menteng","4053","582061","Daun Jeruk Astro Farm","L1-CHL-DC5-T1-2","Fresh","1"
"98","MTG - Menteng","23821","952189","Latteria x Astro Goods Earl Grey Matcha Mango Dream 4 Oz ","","Frozen","30"
"98","MTG - Menteng","42446","8999898976417","Diamond Ice Cream Boba Milk Tea","","Frozen","60"
"98","MTG - Menteng","23355","439479","Roti Sobek Coklat Keju A Basics","BADFRESH-1","Fresh","2"
"98","MTG - Menteng","51230","8994449370553","Olivivero IQF Mukimame","","Frozen","90"
"98","MTG - Menteng","3114","496006","Daging Sapi Giling Low Fat Import","L1-FRZ-CF11-T1-K1-1","Frozen","90"
"98","MTG - Menteng","33250","196005","Single Origin Black Tea - Astro Goods","","Fresh","90"
"98","MTG - Menteng","1610","8999999045555","Magnum White Almond Ice Cream","","Frozen","90"
"98","MTG - Menteng","5546","298839","Cumi Ring Astro Farm","","Frozen","75"
"98","MTG - Menteng","40952","470108","Raw Pet Gourmet Salmon, Chicken & Spinach Makanan Basah Anjing","L1-FRZ-CF13-T1-K7-3","Fresh","30"
"98","MTG - Menteng","48239","7622202803857","Cadbury Sharebag Oreo 80.5g","","Fresh","54"
"98","MTG - Menteng","32376","8997017630431","Kylafood Pentol Kuah","","Frozen","20"
"98","MTG - Menteng","48627","10000000004919","Cabe Merah Keriting Organik","L1-CHL-DC5-T6-6","Fresh","1"
"98","MTG - Menteng","4703","8994046010012","My Roti Roti Tawar","","Fresh","1"
"98","MTG - Menteng","2692","996558","Greenfields Yogurt Pouch Blueberry 80gr","","Fresh","7"
"98","MTG - Menteng","33719","8993200669134","Kanzler Crispy Spicy Chicken Nugget","L1-FRZ-CF1-T1-K7-2","Frozen","45"
"98","MTG - Menteng","8026","361185","Collagen Broth Astro Goods","","Fresh","0"
"98","MTG - Menteng","5685","632228","Lada Hitam Utuh Astro Farm","L2-AMD-B1-T5-2","Fresh","60"
"98","MTG - Menteng","7175","8997234083027","Harvest Time Sweet Potato Fries Ubi Jalar Korea","L1-FRZ-CF11-T2-K5-2","Frozen","45"
"98","MTG - Menteng","47769","10000000004704","Pisang Cavendish Ekonomis 3-5 pcs","BAD INBOUND","Fresh","1"
"98","MTG - Menteng","50147","8999898969204","Brookfarm Coffee & Cream Ice Cream","L1-FRZ-CF6-T2-K8-7","Frozen","150"
"98","MTG - Menteng","52078","3228020355741","President Salted Butter","L1-CHL-DC18-T4-15","Fresh","45"
"98","MTG - Menteng","44889","8999898977384","Biokul To Go Yuzu Yogurt","L1-CHL-DC20-T4-7","Fresh","45"
"98","MTG - Menteng","43423","10000000000291","Karubi Wagyu Slice AUS Imperfect Meat Boys x Astro Goods","","Frozen","90"
"98","MTG - Menteng","3616","431314","Bayam Hijau Hydroponic Astro Farm","BAD INBOUND","Fresh","1"
"98","MTG - Menteng","28716","9415007055877","Anchor Unsalted Butter","","Fresh","45"
"98","MTG - Menteng","42160","510682"," Wings Middle Ayam Organic Probiotik Natural Poultry","","Frozen","75"
"98","MTG - Menteng","47108","8998880000130","Wild Jacks Beef Patty 400gram","","Frozen","60"
"98","MTG - Menteng","8894","8885013131772","Aice Histeria Ice Cream","","Frozen","75"
"98","MTG - Menteng","43881","10000000000646","Buncis Organik","","Fresh","1"
"98","MTG - Menteng","45715","10000000004189","Wortel Baby Berastagi Astro Farm","BAD INBOUND","Fresh","1"
"98","MTG - Menteng","42370","8994457890012","Japanese Wagyu A5 Karubi Sashi","","Frozen","90"
"98","MTG - Menteng","48272","8997236201498","Metzger Kentucky Chicken Thigh Burger","","Frozen","90"
"98","MTG - Menteng","50872","8997878000473","Milkita Milky Pudding Strawberry Yoghurt Flavor","L1-CHL-DC19-T4-3","Fresh","84"
"98","MTG - Menteng","46196","10000000004408","Baby Pakcoy Organik","BAD INBOUND","Fresh","1"
"98","MTG - Menteng","22775","372831","Sirloin Angus MB3+ Steak AUS Meatboys x Astro Farm","L1-FRZ-CF11-T2-K2-2","Frozen","90"
"98","MTG - Menteng","2135","678963","Kangkung Hidroponik","","Fresh","2"
"98","MTG - Menteng","37009","458068","Bawang Merah Kupas Astro Farm","L1-AMF-RF8-T4-2","Fresh","2"
"98","MTG - Menteng","36659","263095","Beef Yakiniku Single Portion Astro Goods","","Fresh","14"
"98","MTG - Menteng","49721","8993175569002","Richeese Factory Chicken Nuggets Classic Recipes","L1-FRZ-CF1-T2-K5-3","Frozen","45"
"98","MTG - Menteng","827","8992994110112","Yakult Minuman Probiotik","","Fresh","7"
"98","MTG - Menteng","3628","984510","Pakcoy Konvensional Astro Farm","","Fresh","1"
"98","MTG - Menteng","26459","8999999599522","Walls Extra Creamy Classic Vanilla/ Es Krim Walls","","Frozen","150"
"98","MTG - Menteng","43110","10000000000155","Cabe Hijau Rawit Astro Farm","","Fresh","1"
"98","MTG - Menteng","35010","861837","Ayam Broiler Utuh Astro Farm","L1-FRZ-CF5-T1-K6-5","Frozen","75"
"98","MTG - Menteng","45447","10000000004088","Daging Babi Giling Ekonomis","L1-FRZ-CF13-T1-K3-3","Frozen","90"
"98","MTG - Menteng","1700","8993200666942","Cimory Squeeze Strawberry Yogurt","L1-CHL-DC18-T5-5","Fresh","45"
"98","MTG - Menteng","9731","942828","Hojicha Pink Salt Manatea x Astro Goods","","Frozen","30"
"98","MTG - Menteng","31634","576798","8 Fruitz Apricot Halves Frozen IQF","","Frozen","60"
"98","MTG - Menteng","42203","990608","Escobark Raw Pork Makanan Anjing Basah","","Fresh","30"
"98","MTG - Menteng","47085","10000000004569","Singkong Kupas Astro Farm","L1-CHL-DC13-T1-7","Fresh","1"
"98","MTG - Menteng","3116","473487","Daging Sapi Rendang Premium","","Frozen","90"
"98","MTG - Menteng","6362","21618598","Atlas Tube Ice Es Batu","","Fresh","75"
"98","MTG - Menteng","5780","8885013130058","Aice Chocolate Crispy","L1-FRZ-CF6-T2-K3-3","Frozen","90"
"98","MTG - Menteng","3651","9556001076342","Nestle Kit Kat Drumstick Ice Cream","","Frozen","45"
"98","MTG - Menteng","4485","8999898309062","Jungle Juice Apple","L1-CHL-DC22-T1-10","Fresh","60"
"98","MTG - Menteng","22949","909918","Pear Forelle Astro Farm 2-3 pcs","L1-CHL-DC9-T3-5","Fresh","1"
"98","MTG - Menteng","48425","7499221349822","Heavenly Donut Ubi Cilembu","","Frozen","114"
"98","MTG - Menteng","6859","8997009748700","Sumber Selera Bakso SB Premium 25 pcs","","Frozen","30"
"98","MTG - Menteng","43572","10000000000420","Kembang Kol Organik","","Fresh","1"
"98","MTG - Menteng","5513","451126","Gingernuts Ronde Wijen Creamylk 150gr","","Frozen","15"
"98","MTG - Menteng","42588","10000000000004","Pear Century Astro Farm 2-3 pcs","L1-CHL-DC9-T5-1","Fresh","1"
"98","MTG - Menteng","5977","924178","Kim's Tempe Bacem","","Fresh","4"
"98","MTG - Menteng","49315","8997007220291","Nafra Bumbu Kelapa Gonseng","","Fresh","45"
"98","MTG - Menteng","30437","986039","Lamb Chop Import","","Frozen","90"
"98","MTG - Menteng","6511","900734","Ikan Balita Mas Astro Farm","L1-FRZ-CF7-T2-K5-4","Frozen","60"
"98","MTG - Menteng","26164","570605","Lean Shabu (Low Fat Prime Beef) Import Astro Farm","L1-FRZ-CF12-T2-K8-2","Frozen","90"
"98","MTG - Menteng","34149","229343","Jeruk Peras Manis Siam Madu Astro Farm 8-12 pcs","BADFRESH-1","Fresh","1"
"98","MTG - Menteng","3603","433082","Paket Masak Sop Oyong Misoa - Astro Goods","","Fresh","2"
"98","MTG - Menteng","3619","800257","Selada Keriting Hydroponic Astro Farm","BAD INBOUND","Fresh","1"
"98","MTG - Menteng","28040","7622202207099","Cadbury Dairy Milk B2G1 Milk 3x62G","","Fresh","45"
"98","MTG - Menteng","33378","3415581317183","Haagen-Dasz Caramel Biscuit & Cream Speculoos","","Frozen","60"
"98","MTG - Menteng","5831","144377","Ikan Tenggiri Giling","","Frozen","60"
"98","MTG - Menteng","5944","8991649000419","Benfarm Chicken Nugget Stick","","Frozen","45"
"98","MTG - Menteng","26164","570605","Lean Shabu (Low Fat Prime Beef) Import Astro Farm","","Frozen","90"
"98","MTG - Menteng","2344","149894","Bawang Merah Astro Farm","","Fresh","1"
"98","MTG - Menteng","54","161934","Cengkeh Astro Farm","","Fresh","60"
"98","MTG - Menteng","3073","955135","Ikan Asin Bilis","L1-FRZ-CF3-T2-K8-2","Frozen","75"
"98","MTG - Menteng","32449","8999999605445","Walls Oreo Stick","","Frozen","90"
"98","MTG - Menteng","44240","10000000003564","Farmer Eggs Telur Ayam Omega Organik","BAD INBOUND","Fresh","7"
"98","MTG - Menteng","47620","8994457140131","Pawmeals Sensitive Series Bon Rabbetit Cooked Makanan Anjing Basah","","Frozen","30"
"98","MTG - Menteng","46199","10000000004414","Ubi Ungu Organik","","Fresh","1"
"98","MTG - Menteng","50281","10000000005342","New Yolk Immunity Egg","","Fresh","7"
"98","MTG - Menteng","21770","8991788973018","Sakura Tahu Kotak Sutera Firm Merah","L1-CHL-DC16-T2-2","Fresh","9"
"98","MTG - Menteng","42155","944993","Urat Sapi Astro Farm","","Frozen","90"
"98","MTG - Menteng","30738","538673","Acaii Tea Kids Pink Dragon","","Fresh","2"
"98","MTG - Menteng","32627","724678","Kin Dog Food Quail Feet/Makanan Anjing","","Fresh","60"
"98","MTG - Menteng","31056","711192","Iga Kambing Import","","Frozen","90"
"98","MTG - Menteng","19712","177422","Blewah Astro Farm","","Fresh","1"
"98","MTG - Menteng","911","3415587409189","Haagen-Dasz Cookies & Cream Stick Bar Ice Cream","","Frozen","45"
"98","MTG - Menteng","30441","545261","Jeruk Mandarin Ponkam Astro Farm","","Fresh","1"
"98","MTG - Menteng","6511","900734","Ikan Balita Mas Astro Farm","","Frozen","60"
"98","MTG - Menteng","50361","10000000005346","The Good Harvest Sawi Hijau Hidroponik","L1-CHL-DC3-T1-1","Fresh","1"
"98","MTG - Menteng","3758","668508","Francis Bakery Cheese Twist 100gr","","Fresh","2"
"98","MTG - Menteng","28149","262231","Gelato Es Krim Stracciatella Gelato 8Oz Oma Elly x Astro Goods","","Frozen","20"
"98","MTG - Menteng","36665","146529","Lele Fillet Organik Astro Farm","","Frozen","60"
"98","MTG - Menteng","32341","9916500403405","Bernardi Bakso Ikan 50pcs","","Frozen","30"
"98","MTG - Menteng","47570","10000000004500","Beef Zabuton slice Astro Farm Signature","","Frozen","90"
"98","MTG - Menteng","48420","10000000004432","Tulip Ayam Astro Farm","","Frozen","60"
"98","MTG - Menteng","26007","8993200669004","Cimory Stick Strawberry Yogurt Box","","Fresh","45"
"98","MTG - Menteng","32621","10145326","Kin Cooked Dog Food Pork Mix Makanan Anjing","L1-FRZ-CF13-T1-K4-3","Fresh","45"
"98","MTG - Menteng","37386","8997214670094","Ahaay Cilok Frozen dengan Bumbu Kacang Rasa Ayam","","Frozen","14"
"98","MTG - Menteng","41633","187766","Oelek Iga Emplok","","Fresh","0"
"98","MTG - Menteng","46031","8997015494202","Green Valley Block Cheddar Cheese","L1-CHL-DC17-T4-7","Fresh","45"
"98","MTG - Menteng","31820","715246","Rosee Pasta Sauce Astro Goods x Oma Elly","","Fresh","28"
"98","MTG - Menteng","31238","8997014358017","Cedea Korean Odeng Spicy","","Frozen","45"
"98","MTG - Menteng","32268","2100000380626","Mamita Mambucha Artisan Tea Lavender Bottle","","Fresh","10"
"98","MTG - Menteng","32298","166858","Chicken Green Curry Astro Goods","","Fresh","14"
"98","MTG - Menteng","51627","8993492102463","Golden Farm Edamame Original 450 gram","","Frozen","45"
"98","MTG - Menteng","41336","354349","Daging Slice Dendeng Astro Farm","L1-FRZ-CF12-T1-K1-5","Frozen","90"
"98","MTG - Menteng","43340","10000000000265","Kelengkeng Import Astro Farm","","Fresh","1"
"98","MTG - Menteng","391","533455","Jahe Putih Astro Farm","L1-AMF-RF8-T6-1","Fresh","1"
"98","MTG - Menteng","1858","8801104190718","Binggrae Bungu Samanco Red Bean Ice Cream","","Frozen","75"
"98","MTG - Menteng","32642","663698","Kin Dog Food Chicken Necks + Head/Makanan Anjing","","Fresh","60"
"98","MTG - Menteng","45367","10000000004080","MyFruits Apple Fuji Premium Blush","L1-CHL-DC9-T5-3","Fresh","1"
"98","MTG - Menteng","47727","8991649001300","Benfarm Spicy Chicken Popcorn","","Frozen","45"
"98","MTG - Menteng","33252","340916","Unagi Kabayaki M","","Frozen","60"
"98","MTG - Menteng","2442","760034","Beau Whole Wheat Toast Loaf 500gr","","Fresh","1"
"98","MTG - Menteng","8933","8994130899691","Belfoods Crunchy Nugget","","Frozen","45"
"98","MTG - Menteng","51230","8994449370553","Olivivero IQF Mukimame","L1-FRZ-CF11-T2-K8-7","Frozen","90"
"98","MTG - Menteng","3728","596401","Coco Loco Coconut Water","","Fresh","4"
"98","MTG - Menteng","48696","8997020832754","Schoko Dark Chocolate Couverture Cube 56%","L1-CHL-DC22-T4-5","Fresh","90"
"98","MTG - Menteng","3638","389394","Cabe Hijau Besar Astro Farm","","Fresh","1"
"98","MTG - Menteng","1102","8888003071218","TYJ Happy Belly Gyoza Skin","L1-FRZ-CF8-T1-K8-4","Fresh","45"
"98","MTG - Menteng","33142","8993407122401","Cheesy Spread Processed Cheddar Cheese","L1-CHL-DC17-T1-7","Fresh","45"
"98","MTG - Menteng","5682","708073","Ikan Selar Astro Farm","","Frozen","60"
"98","MTG - Menteng","1934","359270","Jeruk Mandarin Honey Murcot Less Seed Astro Farm 5-9 pcs","BAD INBOUND","Fresh","1"
"98","MTG - Menteng","31880","555796","Burger Patty 100% Black Angus Meatboys isi 3pcs","L1-FRZ-CF11-T1-K3-5","Frozen","90"
"98","MTG - Menteng","31261","8994130900519","Ayam Nanas Chicken Teriyaki","","Frozen","30"
"98","MTG - Menteng","47897","10000000004680","Pureeland Baby Soup Garang Asam Ikan Patin Soup MPASI","","Frozen","30"
"98","MTG - Menteng","21909","168242","Ikan Capelin Komochi Shishamo","BAD INBOUND","Frozen","60"
"98","MTG - Menteng","35880","581994","Tahu Walik 10 pcs","","Fresh","15"
"98","MTG - Menteng","43455","8997022060513","IL Gelato Mint Chocolate Coat Ice Cream Stick","","Frozen","60"
"98","MTG - Menteng","24438","8994456540048","Athien Bakso Ikan Super","","Frozen","7"
"98","MTG - Menteng","45289","10000000004040","Bawang Bombay Slice Astro Farm","","Fresh","1"
"98","MTG - Menteng","6797","104817","Lumpia Alfa Ayam 5pcs","","Frozen","30"
"98","MTG - Menteng","101","213373","Paprika Hijau Astro Farm","L1-CHL-DC4-T2-5","Fresh","1"
"98","MTG - Menteng","5426","180879","Daging Paha Babi","L1-FRZ-CF13-T1-K3-1","Frozen","90"
"98","MTG - Menteng","31831","215091","Es Krim Very Berry Strawberry Astro Goods x Lococo","","Frozen","75"
"98","MTG - Menteng","33789","3451790562631","Elle & Vire Unsalted Butter Spread & Cook 60% Fat","","Fresh","30"
"98","MTG - Menteng","41745","245792","Hyoshii Strawberry Premium","","Fresh","1"
"98","MTG - Menteng","23600","8993036112507","Kong Kee Tahu Jepang","L1-CHL-DC15-T4-4","Fresh","26"
"98","MTG - Menteng","42816","10110410354","Kemfood Bakso Sapi","","Frozen","45"
"98","MTG - Menteng","51162","8994450110018","Superior Tahu Pong","L1-CHL-DC16-T2-6","Fresh","15"
"98","MTG - Menteng","24135","8994453820037","Premium Pork Chop Honey BBQ M 250-320gr Porker/Babi Has Luar","","Frozen","30"
"98","MTG - Menteng","47775","8995226404447","Streaky Bacon Sliced Mamas","","Frozen","30"
"98","MTG - Menteng","41428","733333","Bumbu Sendok Bawang Merah Cincang dalam Minyak","","Fresh","21"
"98","MTG - Menteng","4110","260420","Daun Thyme - Astro Farm","","Fresh","1"
"98","MTG - Menteng","46193","10000000004405","Lafresa Strawberry Baby","L1-CHL-DC10-T4-1","Fresh","1"
"98","MTG - Menteng","2677","8997014450094","Prochiz Cheddar Keju Slice 10's","","Fresh","45"
"98","MTG - Menteng","46620","8850329103003","Meiji Fresh Milk Blue 3.7 Fat","","Fresh","7"
"98","MTG - Menteng","24899","398944","Royal Thai Tea Manatea x Astro Goods/Es Krim","","Frozen","7"
"98","MTG - Menteng","41427","913312","Bumbu Sendok Bumbu Dasar Merah","L1-FRZ-CF8-T2-K5-2","Fresh","21"
"98","MTG - Menteng","45956","10000000004307","Lemon Import Astro Farm 1 pcs","L1-CHL-DC10-T4-6","Fresh","1"
"98","MTG - Menteng","41432","115570","Bumbu Sendok Bawang Merah Iris dalam Minyak","","Fresh","21"
"98","MTG - Menteng","45010","10000000003980","Ribeye Grassfed","","Frozen","90"
"98","MTG - Menteng","13704","194008630025","INVALID Kurma Tunisia Palmfrutt","","Fresh","30"
"98","MTG - Menteng","44925","10000000003952","Kol Putih Ekonomis Astro Farm","","Fresh","1"
"98","MTG - Menteng","37007","586053","Bawang Putih Astro Farm","L1-AMF-RF1-T5-2","Fresh","2"
"98","MTG - Menteng","31527","8997207631002","Udang Laut Kupas Bersih L Java Sea","L1-FRZ-CF7-T2-K3-3","Frozen","90"
"98","MTG - Menteng","44778","10000000003830","Daging Shortplate Slice Ekonomis","BAD INBOUND","Frozen","90"
"98","MTG - Menteng","47087","10000000004573","Semangka Merah Astro Farm 1 pcs","","Fresh","1"
"98","MTG - Menteng","45965","10000000004109","Claypot Egg Tofu Astro Goods","","Frozen","15"
"98","MTG - Menteng","36718","8994457140100","Pawmeals Young & Adult Beeflicious Cooked Makanan Anjing Basah","L1-FRZ-CF13-T1-K7-1","Fresh","30"
"98","MTG - Menteng","3617","749769","Daun Kemangi Astro Farm","L1-CHL-DC6-T5-2","Fresh","1"
"98","MTG - Menteng","35425","8991071410510","Grouu Cooking Series Bumbu Dasar Rendang MPASI Refill","","Fresh","90"
"98","MTG - Menteng","31815","280807","Ikan Tuna Saikoro","","Frozen","60"
"98","MTG - Menteng","10928","8991001121455","Silverqueen Milk with Fruit and Nuts","L1-CHL-DC2-T2-7","Fresh","60"
"98","MTG - Menteng","3118","550529","Daging Slice Brisket AUS Astro Farm","L1-FRZ-CF12-T2-K1-2","Frozen","90"
"98","MTG - Menteng","3621","287742","Semangka Baby Black Seedless Astro Farm 1 pcs 1.7 - 2.1 kg","","Fresh","2"
"98","MTG - Menteng","6621","387664","Strawberry Fresh Lokal Astro Farm","BAD INBOUND","Fresh","1"
"98","MTG - Menteng","1933","8991001112972","Silverqueen Very Bery Yoghurt/Cokelat","","Fresh","90"
"98","MTG - Menteng","32401","170600","Apel Granny Smith Astro Farm 2-4 pcs","","Fresh","1"
"98","MTG - Menteng","3652","9556001272775","Nestle Kit Kat Ice Cream Stick","L1-FRZ-CF6-T2-K1-1","Frozen","45"
"98","MTG - Menteng","5558","633516","Fiesta Steak Black Pepper Sauce","","Fresh","90"
"98","MTG - Menteng","47929","10000000004789","Hungry Alana Grass Fed Beef Bone Broth High Protein MPASI","","Frozen","30"
"98","MTG - Menteng","6204","10145325","Kin Raw Dog Food Beef Berries & Pumpkin Makanan Anjing","L1-FRZ-CF13-T1-K6-5","Fresh","45"
"98","MTG - Menteng","5683","167732","Tenggiri Steak Astro Farm","L1-FRZ-CF7-T1-K6-3","Frozen","60"
"98","MTG - Menteng","35008","8993351129556","Greenfields Fresh Milk Chocomalt","","Fresh","7"
"98","MTG - Menteng","32695","7499221194729","Heavenly Blush Yo Kiddo Imuno Classic 4pcs x 125ml","","Fresh","100"
"98","MTG - Menteng","19711","8997014357911","Cedea Premium Salmon Sausage","","Frozen","30"
"98","MTG - Menteng","43850","8993207240978","Fiesta Spicy Chicken Ayam Bumbu","","Frozen","60"
"98","MTG - Menteng","3613","149794","Bayam Hijau Konvensional Astro Farm","","Fresh","1"
"98","MTG - Menteng","45363","10000000004003","Ribeye Steak Ekonomis","","Frozen","90"
"98","MTG - Menteng","47480","10000000004642","Melon Fujisawa Hidroponik Astro Farm","L1-AMF-RF3-T2-2","Fresh","1"
"98","MTG - Menteng","5755","8994046110019","My Roti Danish Bread Original","","Fresh","1"
"98","MTG - Menteng","26749","8999898279051","Diamond Ice Cream Vanilla Chocochip","L1-FRZ-CF6-T1-K1-1","Frozen","90"
"98","MTG - Menteng","4770","988654","Paket Masak - Ramyeon Drakor Ala Chef Yuda","","Fresh","1"
"98","MTG - Menteng","9735","8993200668496","Kanzler Singles Bakso Original Ready to Eat","L1-CHL-DC2-T1-26","Frozen","30"
"98","MTG - Menteng","2686","555911","Jon's Unique Duo Hickorywood Pork Bacon 150gr & Rambutanwood Pork Bacon 150gr","","Frozen","7"
"98","MTG - Menteng","28092","482471","Bawang Putih Kupas Astro Farm","BADFRESH-1","Fresh","2"
"98","MTG - Menteng","35877","649668","Tahu Cina","BAD INBOUND","Fresh","2"
"98","MTG - Menteng","35213","8992907953287","Sari Roti Tawar Kupas Jumbo","L2-AMD-G4-T5-1","Fresh","2"
"98","MTG - Menteng","5641","828196","Ayam Broiler Potong 10 BestChicken","","Frozen","75"
"98","MTG - Menteng","22753","8993492101077","Golden Farm Vegetable Green Peas Frozen","L1-FRZ-CF11-T2-K8-4","Frozen","45"
"98","MTG - Menteng","42987","10000000000115","Gurame Organik Fillet Wiratama","","Frozen","20"
"98","MTG - Menteng","5672","434351","Udang Vaname Utuh Astro Farm","L1-FRZ-CF7-T2-K8-4","Frozen","90"
"98","MTG - Menteng","4941","8992907730017","Sari Roti Sobek Coklat Srikaya","","Fresh","2"
"98","MTG - Menteng","4940","8992907710019","Sari Roti Sobek Coklat","","Fresh","2"
"98","MTG - Menteng","41759","453089","Ayam Opor Merah Khas Betawi Kafe Betawi x Astro Goods","","Fresh","12"
"98","MTG - Menteng","24569","336403","Pempek Campur Astro Goods x Madam Ng","","Frozen","45"
"98","MTG - Menteng","6829","678162","Farmer's Low Cholesterol Egg Astro Farm","BAD INBOUND","Fresh","12"
"98","MTG - Menteng","46925","10000000004493","Special Wagyu Minced Beef Astro Farm Signature","L1-FRZ-CF11-T1-K2-5","Frozen","90"
"98","MTG - Menteng","3713","737663","Daun Kucai Astro Farm","L1-CHL-DC6-T2-1","Fresh","1"
"98","MTG - Menteng","34339","7622202207112","Cadbury Dairy Milk B2G1 Cashew & Hazelnut 3x62gram","","Fresh","45"
"98","MTG - Menteng","28231","8995229804121","Belfoods Royal Beef Frankfurter Sausages","","Frozen","60"
"98","MTG - Menteng","35215","8992907996772","Sari Kue Dorayaki Strawberry","","Fresh","2"
"98","MTG - Menteng","8744","147060","Roti Gandum Kupas 10 Slices A Basics","BADFRESH-1","Fresh","2"
"98","MTG - Menteng","4430","8998866820325","Glico Wings Haku Blueberry Cheese Cake Cup","","Frozen","75"
"98","MTG - Menteng","5013","895530","Paket Masak Es Campur","","Fresh","1"
"98","MTG - Menteng","1549","8998009070037","Kraft Singles Keju Slice 10's","L1-CHL-DC17-T5-1","Fresh","36"
"98","MTG - Menteng","380","426918","Jeruk Sunkist Navel Seedless Astro Farm 2-3 pcs","L1-CHL-DC11-T3-1","Fresh","1"
"98","MTG - Menteng","43796","10000000000601","Smoked Salmon Premium","L1-FRZ-CF7-T2-K1-1","Frozen","60"
"98","MTG - Menteng","28089","8997234089043","Bequ Tahu Bakso Daging","L1-FRZ-CF4-T2-K5-10","Frozen","45"
"98","MTG - Menteng","10034","8997207521693","Tasty Fries Shoestring Plain French Fries","","Frozen","45"
"98","MTG - Menteng","4180","842244","Jumpstart Hot Americano ( Hot Coffee )","","Fresh","75"
"98","MTG - Menteng","40929","8997016811114","Monggo Volcanic Salt Dark Chocolate 69% of Cocoa Tablet","","Fresh","90"
"98","MTG - Menteng","33229","8997033430084","Shinshuichi Enachan Miso Tauco Putih Khas Jepang","","Fresh","90"
"98","MTG - Menteng","21014","8994046110101","My Roti Pie Cheese","L2-AMD-G5-T5-4","Fresh","2"
"98","MTG - Menteng","2317","641140","Daging Babi Slice Korean BBQ Pork Slice","L1-FRZ-CF13-T1-K5-4","Frozen","90"
"98","MTG - Menteng","7477","287133","Ayam Negeri Organik Probiotik+Jamu Baby LactoFarm 600-700gram","","Frozen","90"
"98","MTG - Menteng","31277","8999898975465","Biokul Greek Yogurt Topping Cookies","","Fresh","12"
"98","MTG - Menteng","31908","8851932460132","Walls Calippo Blue Lemon","","Frozen","90"
"98","MTG - Menteng","35046","922676","Etira Jamur Champignon Slice","RACK-BAD","Fresh","1"
"98","MTG - Menteng","27765","465207","Fresh Bites Honi Pineapple Buah Potong","L1-CHL-DC8-T5-1","Fresh","1"
"98","MTG - Menteng","14438","7622210816979","Cadbury Cashew Nut","","Fresh","45"
"98","MTG - Menteng","6260","8997220410202","Kin Fresh Milk Chocolate","","Fresh","7"
"98","MTG - Menteng","28337","943381","Minyak Babi/Lemak Babi","","Frozen","90"
"98","MTG - Menteng","47771","8995226401057","Back Bacon Sliced Mamas","L1-FRZ-CF13-T1-K2-5","Frozen","30"
"98","MTG - Menteng","3687","7499221163183","Heavenly Blush Yoguruto Original Yogurt Drink","L1-CHL-DC19-T3-9","Fresh","45"
"98","MTG - Menteng","1694","8998866820530","Glico Wings Haku Double Crispy Choco Monaka","","Frozen","75"
"98","MTG - Menteng","43860","8993492101114","Golden Farm French Fries Straight Cut","","Frozen","90"
"98","MTG - Menteng","6725","760237","Amazing Farm Baby Cos","L1-CHL-DC23-T3-4","Fresh","1"
"98","MTG - Menteng","480","633758","Apel Fuji Astro Farm 5-6 pcs","","Fresh","1"
"98","MTG - Menteng","21492","8994130900458","Dada Ayam Boneless Sreeya","L1-FRZ-CF9-T1-K5-2","Frozen","45"
"98","MTG - Menteng","49443","7622210398031","Cadbury Dairy Milk Roast Almond","L1-CHL-DC2-T2-10","Fresh","54"
"98","MTG - Menteng","44675","10000000003780","Sayap Ayam Drums Wings HOT Oke Chicken","L1-FRZ-CF5-T2-K4-5","Frozen","90"
"98","MTG - Menteng","6760","108609","IP Farm Ubi Jepang (Satsumaimo)","","Fresh","1"
"98","MTG - Menteng","41313","758857","Sayap Ayam Middle Wing Astro Farm","L1-FRZ-CF2-T1-K4-1","Frozen","75"
"98","MTG - Menteng","50134","8994453110046","Sour Sally Yogulato Ichi-Go Mochi Strawberry","L1-FRZ-CF10-T2-K5-7","Frozen","90"
"98","MTG - Menteng","25157","638401","Ribeye Steak Import Astro Farm","","Frozen","90"
"98","MTG - Menteng","7281","8997215450695","Kleanmie Shirataki Noodle Ramen","","Fresh","90"
"98","MTG - Menteng","42212","514360","Escobark Goat Milk For Dog & Cats","","Fresh","30"
"98","MTG - Menteng","42983","10000000000137","Apel Shinano Gold Astro Farm 1 pcs 420-500 gram","","Fresh","1"
"98","MTG - Menteng","26125","8991818890148","Finna Kulit Lumpia 50 Lembar","","Fresh","120"
"98","MTG - Menteng","43441","10000000000298","Kailan Organik","","Fresh","1"
"98","MTG - Menteng","4823","8993207569147","Fiesta Nugget Stikie/Naget","","Frozen","30"
"98","MTG - Menteng","25157","638401","Ribeye Steak Import Astro Farm","L1-FRZ-CF11-T1-K5-1","Frozen","90"
"98","MTG - Menteng","23899","173996","Kentang Mustofa Astro Basics","","Fresh","7"
"98","MTG - Menteng","5815","8997022464014","Kopitiam Kopi Tarik with Oatside","","Fresh","75"
"98","MTG - Menteng","4957","8997226412019","Emina Mild Cheese Block","","Fresh","60"
"98","MTG - Menteng","6625","694604","Semangka Inul Merah Astro Farm 1 pcs","","Fresh","1"
"98","MTG - Menteng","437","471497","Anggur Red Globe Astro Farm 450-500 gram","L1-CHL-DC8-T1-5","Fresh","1"
"98","MTG - Menteng","44968","10000000003975","Pepaya California Ekonomis Astro Farm 1 pcs","","Fresh","1"
"98","MTG - Menteng","44715","10000000003698","Inbolic Sugar-Free BBQ Sauce Original","","Fresh","90"
"98","MTG - Menteng","50139","8993492101350","Just Fry French Fries Crinkle Cut","L1-FRZ-CF11-T2-K7-3","Frozen","60"
"98","MTG - Menteng","31261","8994130900519","Ayam Nanas Chicken Teriyaki","L1-FRZ-CF8-T1-K3-1","Frozen","30"
"98","MTG - Menteng","43237","10000000000119","Gurame Organik Fillet Wiratama","","Frozen","20"
"98","MTG - Menteng","5930","8997228750201","Pick Me Telur Bebek Asin Matang","L1-AMD-A2-T4-1","Fresh","7"
"98","MTG - Menteng","35320","8993351174341","Greenfields Fresh Milk Belgian Choco Almond","BADFRESH-1","Fresh","7"
"98","MTG - Menteng","14205","711844120082","(S) ABC Sambal Extra Pedas 135ml","","Fresh","1"
"98","MTG - Menteng","43699","10000000000507","Pakcoy Organik","","Fresh","1"
"98","MTG - Menteng","20631","667353","Ikan Kakap Merah Fillet","L1-FRZ-CF3-T2-K4-6","Frozen","60"
"98","MTG - Menteng","4431","8998866820370","Glico Wings Frostbite Chocolava Mochi","","Frozen","45"
"98","MTG - Menteng","4072","530793","Paket Masak Cah Sawi Putih - Astro Goods","","Fresh","1"
"98","MTG - Menteng","9280","235427","Latteria Oreo Gelato x Astro Goods","","Frozen","45"
"98","MTG - Menteng","32521","8991071411036","Grouu Bone Broth Chicken MPASI Refill","","Fresh","30"
"98","MTG - Menteng","47598","8995555119845","Kimbo Mini Bratwurst Lada Hitam 10pcs 500gram","","Frozen","45"
"98","MTG - Menteng","44657","10000000003764","Pisang Ambon Astro Farm 6-7 pcs","","Fresh","1"
"98","MTG - Menteng","32688","8994023000043","Meg Serbaguna Keju Blok","","Fresh","45"
"98","MTG - Menteng","41048","3608580765066","Bonne Maman Strawberry Preserve Jam","L1-CHL-DC18-T3-4","Fresh","75"
"98","MTG - Menteng","1605","8999999005689","Walls Magnum Classic Belgian Chocolate","L1-FRZ-CF6-T2-K4-10","Frozen","90"
"98","MTG - Menteng","22724","611477","Apel Fuji Envy Premium Astro Farm 2-3 pcs","","Fresh","1"
"98","MTG - Menteng","2367","234949","Oma Elly Gelato Coffee 500ml","","Frozen","3"
"98","MTG - Menteng","45721","10000000004217","Kunyit Ekonomis Astro Farm","L1-AMF-RF8-T2-5","Fresh","1"
"98","MTG - Menteng","41340","995958","Pisang Raja Buluh","L1-AMF-RF3-T6-2","Fresh","1"
"98","MTG - Menteng","2455","8997220410011","KIN Original Yogurt Drink","","Fresh","45"
"98","MTG - Menteng","24890","724038","Daging Tulang Sop Import Astro Farm","L1-FRZ-CF12-T1-K1-2","Frozen","90"
"98","MTG - Menteng","50027","8721274611335","Wall's Magnum Pistachio Ice Cream","","Frozen","150"
"98","MTG - Menteng","49720","8993492101916","Edo Crab Flavoured Stick","L1-FRZ-CF4-T2-K3-3","Frozen","60"
"98","MTG - Menteng","42608","8994457140087","Pawmeals Young & Adult Beeflicious Cooked Makanan Anjing Basah","L1-FRZ-CF13-T2-K1-7","Fresh","60"
"98","MTG - Menteng","44334","10000000000676","Dada Ayam Boneless HSP 450-550gram","","Frozen","60"
"98","MTG - Menteng","6346","381749","Paket Masak Tumis Kikil","","Fresh","1"
"98","MTG - Menteng","28093","4897041251128","Udang Utuh Java Sea Isi 12 Ekor","","Frozen","90"
"98","MTG - Menteng","36593","644110","Chicken Saikoro Astro Farm","","Frozen","75"
"98","MTG - Menteng","35789","8993492102692","Edo Pizza Baguette Tomato & Cheese","","Frozen","30"
"98","MTG - Menteng","52039","10000000005812","Jeruk Imperial Astro Farm","BADFRESH-1","Fresh","1"
"98","MTG - Menteng","42713","372200","Paru Mentah Utuh Astro Farm","L1-FRZ-CF12-T2-K5-3","Frozen","90"
"98","MTG - Menteng","43850","8993207240978","Fiesta Spicy Chicken Ayam Bumbu","L1-FRZ-CF1-T1-K3-1","Frozen","60"
"98","MTG - Menteng","6251","8997220410516","KIN Bulgarian Black Yogurt Drink","L1-CHL-DC19-T3-6","Fresh","45"
"98","MTG - Menteng","31799","8993200661282","Cimory Greek Yogurt Low Fat","","Fresh","28"
"98","MTG - Menteng","24421","8997207631316","Udang Vanamei Potong Kepala HL V 21/30 Java Sea x Astro Farm","L1-FRZ-CF7-T2-K4-6","Frozen","90"
"98","MTG - Menteng","45966","10000000004110","Ayam Kecombrang Astro Goods","","Frozen","15"
"98","MTG - Menteng","43702","10000000000531","Daging Sapi Sop Grass Fed","L1-FRZ-CF12-T1-K3-3","Frozen","90"
"98","MTG - Menteng","42211","584112","Escobark Gently Cooked Pork Makanan Anjing Basah","","Fresh","30"
"98","MTG - Menteng","50691","10000000005355","Golden Natura Red Guava Cubes Frozen","","Frozen","60"
"98","MTG - Menteng","3625","286534","Kangkung Konvensional Astro Farm","BADFRESH-1","Fresh","1"
"98","MTG - Menteng","32432","8999898972280","Biokul Greek Yogurt Honey","L1-CHL-DC20-T5-4","Fresh","7"
"98","MTG - Menteng","22104","748964","Brokoli Import Astro Farm","L1-CHL-DC12-T1-1","Fresh","1"
"98","MTG - Menteng","40305","640171","Apel Manalagi Astro Farm","L1-CHL-DC9-T1-7","Fresh","1"
"98","MTG - Menteng","2490","8997228861525","Amazing Farm Class Romaine Salad To Go","","Fresh","1"
"98","MTG - Menteng","517","673791","Jambu Biji Merah Astro Farm 3-5 pcs","BADFRESH-1","Fresh","1"
"98","MTG - Menteng","6631","806535","Anggur Hijau Shine Muscat Less Seed Astro Farm","L1-CHL-DC8-T4-5","Fresh","1"
"98","MTG - Menteng","3842","363558","Baby Sawi Hijau Hydroponic Astro Farm","","Fresh","1"
"98","MTG - Menteng","29","137788","Gula Aren Asli Tradisional","","Fresh","150"
"98","MTG - Menteng","39036","844707","Pet Meal Box Cooked Chicken Wet Dog Food","L1-FRZ-CF13-T2-K6-2","Fresh","45"
"98","MTG - Menteng","8522","8994130900250","Sayap Ayam Utuh Chicken Wings Sreeya","","Frozen","45"
"98","MTG - Menteng","43573","10000000000421","Sirloin AUS Premium Grassfed Grade PRS","","Frozen","90"
"98","MTG - Menteng","45896","10000000004210","Tomat Marzano Astro Farm","BADFRESH-1","Fresh","1"
"98","MTG - Menteng","44848","10000000003907","Cumi Asin Super Astro Farm","L1-FRZ-CF3-T2-K7-2","Frozen","20"
"98","MTG - Menteng","4848","8993207568225","Champ Nugget","","Frozen","45"
"98","MTG - Menteng","35315","269145","Homjuice Yellow Series","","Fresh","2"
"98","MTG - Menteng","48269","8998880000338","Wild Jacks Smoked Beef Rasher","L1-FRZ-CF11-T2-K4-2","Frozen","90"
"98","MTG - Menteng","25153","391217","Telur Ayam Negeri Astro Farm","L1-AMD-A3-T2-1","Fresh","12"
"98","MTG - Menteng","49729","8994467130061","Huntsman Beef Meatballs with Cheese","L1-FRZ-CF8-T2-K2-5","Frozen","90"
"98","MTG - Menteng","5928","8997228750188","Pick Me Telur Bebek Asin Mentah Abu","","Fresh","7"
"98","MTG - Menteng","2342","3073780515702","Belcube Spread Cheese Plain 24 Cubes","L1-CHL-DC17-T1-2","Fresh","21"
"98","MTG - Menteng","48240","7622202803833","Cadbury Dairy Milk Crisp-it 52gram","","Fresh","54"
"98","MTG - Menteng","31539","8992704412215","Bumifood Ebi Furai","L1-FRZ-CF1-T1-K5-1","Frozen","120"
"98","MTG - Menteng","16765","8801052040523","Jongga Mat Kimchi","L1-CHL-DC14-T1-1","Fresh","60"
"98","MTG - Menteng","44510","8993319050144","Yoseo Creamix Caramel Topping Choco Nut Crunch Yogurt","","Fresh","30"
"98","MTG - Menteng","10929","8991001112910","Silverqueen Green Tea Matcha","","Fresh","60"
"98","MTG - Menteng","30325","634268","Mini OG Crunch Astro Goods x Dough Lab","L1-CHL-DC2-T2-15","Fresh","15"
"98","MTG - Menteng","43113","10000000000154","Lengkuas Astro Farm","BAD INBOUND","Fresh","1"
"98","MTG - Menteng","30521","291203","Hangjeongsal Pork Cheek","","Frozen","90"
"98","MTG - Menteng","46812","10000000004481","Bumbu Masak Machmudah BMM Lodeh","","Fresh","15"
"98","MTG - Menteng","31778","370660","Pisang Kepok Kuning Astro Farm","L1-AMF-RF3-T5-2","Fresh","1"
"98","MTG - Menteng","1347","8993351129105","Greenfields Fresh Milk Full Cream","","Fresh","7"
"98","MTG - Menteng","32748","8999999600808","Walls Magnum Mango Yoghurt Parfait","","Frozen","120"
"98","MTG - Menteng","5978","283259","Kim's Tempe Ungkep Bumbu Kuning","L1-FRZ-CF8-T2-K3-3","Fresh","4"
"98","MTG - Menteng","36715","8994457140308","Pawmeals Sensitive Series La La Lamb Cooked Makanan Anjing Basah","L1-FRZ-CF13-T2-K6-3","Fresh","30"
"98","MTG - Menteng","44654","10000000003748","Kenikir Astro Farm","BADFRESH-1","Fresh","1"
"98","MTG - Menteng","37143","342801","Salmon Cube Saikoro","","Frozen","60"
"98","MTG - Menteng","1756","8999898962199","Biokul Stired Yogurt Plain","L1-CHL-DC20-T5-1","Fresh","15"
"98","MTG - Menteng","3615","616338","Kangkung Hydroponic Astro Farm","","Fresh","1"
"98","MTG - Menteng","46181","10000000004313","Anggur Hijau Shine Muscat Less Seed Ekonomis Astro Farm","BAD INBOUND","Fresh","1"
"98","MTG - Menteng","51159","8997233141766","Miasso Sosis Cheese Bomb","L1-FRZ-CF1-T2-K7-3","Frozen","90"
"98","MTG - Menteng","46132","10000000004215","Ready to Blend Smoothies Tropical Twist","BAD INBOUND","Frozen","60"
"98","MTG - Menteng","22742","462315","Lada Putih Bubuk Astro Basics","L2-AMD-B1-T2-5","Fresh","90"
"98","MTG - Menteng","6764","770655","Paket Masak Sayur Sop Astro Goods","","Fresh","2"
"98","MTG - Menteng","979","6942836703288","Hershey's Kisses Chocolate Almond","L1-CHL-DC2-T2-18","Fresh","70"
"98","MTG - Menteng","5139","640772","Fruit Melon Greeniesweet Size XXL - Astro Farm","","Fresh","1"
"98","MTG - Menteng","22743","528382","Cabai Bubuk Halus Astro Basics","L2-AMD-B1-T5-5","Fresh","90"
"98","MTG - Menteng","26474","8993351123172","Greenfields Ricotta Cheese","L1-CHL-DC18-T3-13","Fresh","7"
"98","MTG - Menteng","50360","10000000005347","The Good Harvest Pakcoy Hidroponik","","Fresh","1"
"98","MTG - Menteng","6584","8999898279013","Diamond Ice Cream Durian","","Frozen","30"
"98","MTG - Menteng","44687","10000000003754","Nutriale Complete Raw Beef Makanan Anjing Basah","L1-FRZ-CF13-T1-K5-3","Fresh","30"
"98","MTG - Menteng","5680","980634","Esperto Coffee Caramel Latte","","Fresh","75"
"98","MTG - Menteng","4049","663224","Jeruk Limau Astro Farm 9-11 pcs","","Fresh","1"
"98","MTG - Menteng","32319","201321","Ayam Organik Parting 9 Berkah Chicken","","Frozen","75"
"98","MTG - Menteng","23540","8994448900195","Chicken Breast Fillet Marinade Shawarma Bitte Dada Ayam","","Frozen","90"
"98","MTG - Menteng","47559","10000000004507","Jack's Wagyu Burger Grainfed","L1-FRZ-CF11-T2-K3-4","Frozen","90"
"98","MTG - Menteng","5094","143802","CP Ayam Parting 12 Frozen","","Frozen","75"
"98","MTG - Menteng","50931","10000000005255","Eat Me Brand Green Power Salad","L1-CHL-DC3-T4-7","Fresh","1"
"98","MTG - Menteng","33314","8993351120027","Greenfields Original Yogurt","L1-CHL-DC20-T2-2","Fresh","7"
"98","MTG - Menteng","683","8997207636595","Baby Cumi Utuh Java Sea","","Frozen","75"
"98","MTG - Menteng","48625","10000000004917","Cabe Merah Besar Organik","L1-CHL-DC5-T5-7","Fresh","1"
"98","MTG - Menteng","1722","214222","Telur Ayam Negeri Astro Farm","L1-AMD-A2-T6-1","Fresh","12"
"98","MTG - Menteng","1641","8999999569266","Cornetto Boba Brown Sugar Cheese Ice Cream","","Frozen","90"
"98","MTG - Menteng","37521","331275","Azaki Tempe","L1-CHL-DC16-T6-5","Fresh","2"
"98","MTG - Menteng","688","8993200667390","Cimory Yogurt Squeeze Honey/Yoghurt","","Fresh","7"
"98","MTG - Menteng","47578","8995555150756","Kimbo Probites Bakso Sweet & Spicy","","Frozen","45"
"98","MTG - Menteng","43432","8993351120485","Greenfields Yogurt Drink Original","","Fresh","35"
"98","MTG - Menteng","45088","8801007922010","Bibigo Sliced Radish Kimchi","","Fresh","30"
"98","MTG - Menteng","42814","10101000038","Villadorp Sosis Sapi Cocktail Premium","","Frozen","45"
"98","MTG - Menteng","44379","10000000003593","Sunpride Melon Honey Emerald 1 pcs","","Fresh","1"
"98","MTG - Menteng","8127","8997231940392","Pipiltin Snack Chocolate Dots Honeycomb 50gr","","Fresh","30"
"98","MTG - Menteng","2489","8997228861518","Amazing Farm American Mix Salad To Go","","Fresh","1"
"98","MTG - Menteng","43227","10000000000194","Kepala Ayam Bersih Astro Farm 450-550gram","","Frozen","60"
"98","MTG - Menteng","758","923181","Kale Curly - Astro Farm","","Fresh","2"
"98","MTG - Menteng","2570","621269","Sereh Astro Farm","L1-CHL-DC6-T1-3","Fresh","1"
"98","MTG - Menteng","45957","10000000004310","Apel Fuji Blush Premium Size L Astro Farm 1 pcs","","Fresh","1"
"98","MTG - Menteng","32200","8998866820479","Glico Wings Jcone Black & Pink","","Frozen","90"
"98","MTG - Menteng","23464","992778","Kecombrang Astro Farm","L1-CHL-DC7-T2-5","Fresh","2"
"98","MTG - Menteng","1852","769828120801","Binggrae Melona Ice Cream","","Frozen","45"
"98","MTG - Menteng","4301","885268","Paket Masak X Bapak2ID Kwetiau Goreng Sapi","","Fresh","2"
"98","MTG - Menteng","47901","10000000004671","Pureeland Grass Fed Ghee Butter Favorit Mix BB Booster","","Frozen","30"
"98","MTG - Menteng","42156","944903","Usus Sapi Rebus Astro Farm","","Frozen","90"
"98","MTG - Menteng","6390","414190","Paket Masak Semur Daging Kentang X Kecap Bango","","Fresh","1"
"98","MTG - Menteng","47091","10000000004574","Kelapa Muda Diamond Astro Farm","L1-CHL-DC23-T1-3","Fresh","1"
"98","MTG - Menteng","47774","8995226404904","Pork Bacon Mamas","L1-FRZ-CF13-T1-K6-4","Frozen","30"
"98","MTG - Menteng","35303","8991004001105","Brecxelle Rujak Cireng Original","","Frozen","15"
"98","MTG - Menteng","27184","7499221174318","Heavenly Blush Greek Yogurt Original","L1-CHL-DC19-T1-7","Fresh","12"
"98","MTG - Menteng","52175","10000000005725","Acaii Overnight Oats Chocolate","BAD INBOUND","Fresh","1"
"98","MTG - Menteng","32759","9415007054641","Cream Cheese Anchor","","Fresh","3"
"98","MTG - Menteng","49364","10000000005000","Roti Sobek Cokelat A Basics","L2-AMD-G6-T4-1","Fresh","2"
"98","MTG - Menteng","4336","455625","Salmon Fillet Kirimi Astro Farm","","Frozen","60"
"98","MTG - Menteng","36274","874638","Ribeye Meltique Import","","Frozen","90"
"98","MTG - Menteng","24092","774191","Daging Picanha Wagyu Steak MB5 Astro Farm","","Frozen","90"
"98","MTG - Menteng","36057","8993207240558","Fiesta Chicken Nugget","L1-FRZ-CF1-T1-K5-3","Frozen","45"
"98","MTG - Menteng","52175","10000000005725","Acaii Overnight Oats Chocolate","","Fresh","1"
"98","MTG - Menteng","21153","336304","Kurma Berbuka Puasa","","Fresh","1"
"98","MTG - Menteng","397","8995229804237","Belfoods Uenaaak Nugget Ayam Small/Naget","","Frozen","30"
"98","MTG - Menteng","41896","8997228750041","Pick Me Telur Ayam Omega 3","BAD INBOUND","Fresh","9"
"98","MTG - Menteng","5770","480261","Anggur Long Thompson Less Seed Astro Farm","","Fresh","1"
"98","MTG - Menteng","2351","9556001032898","Kit Kat Wafer Finger Cokelat","","Fresh","60"
"98","MTG - Menteng","44811","10000000003856","Udang Kupas Vanamei Size S Astro Farm","L1-FRZ-CF3-T1-K2-3","Frozen","90"
"98","MTG - Menteng","8966","623886","Bumbu Dasar Putih Astro Goods","L1-CHL-DC14-T2-13","Fresh","9"
"98","MTG - Menteng","5601","452349","Lada Putih Utuh Astro Farm","","Fresh","60"
"98","MTG - Menteng","49744","10000000005149","Roti Sobek Pistachio Kunafa Astro Goods","L2-AMD-G6-T3-5","Fresh","2"
"98","MTG - Menteng","3065","8997213710326","Hometown Fresh Milk","","Fresh","5"
"98","MTG - Menteng","3646","745760915811","IMI Tahu Putih Bandung","","Fresh","2"
"98","MTG - Menteng","6703","8997227170727","YoyiC Blueberry Fermented Milk/Minuman Prebiotik","","Fresh","7"
"98","MTG - Menteng","44892","2030000006","Bu Rudy Sambal Ijo Sachet","L1-CHL-DC14-T2-19","Fresh","7"
"98","MTG - Menteng","25304","8994130900441","Belfoods Royal Hongdae Chicken","","Frozen","90"
"98","MTG - Menteng","51570","8994046010333","My Roti Tawar Lembut Premium Extra Tebal 6 Slice","","Fresh","3"
"98","MTG - Menteng","36438","437664","Cabe Merah Keriting Astro Farm","L1-CHL-DC5-T5-2","Fresh","1"
"98","MTG - Menteng","47504","10000000004491","Shabu Slices Grassfed MB2 Astro Farm Signature 250gram","L1-FRZ-CF11-T2-K3-7","Frozen","90"
"98","MTG - Menteng","35215","8992907996772","Sari Kue Dorayaki Strawberry","L2-AMD-G5-T5-5","Fresh","2"
"98","MTG - Menteng","557","720594","Nanas Madu Astro Farm 1 pcs","","Fresh","1"
"98","MTG - Menteng","51721","745125242422","Bluder Cokro Bluder Coklat Keju Single","","Fresh","2"
"98","MTG - Menteng","24035","822207","Timun Acar Astro Farm","L1-CHL-DC7-T5-1","Fresh","2"
"98","MTG - Menteng","47196","10000000004226","Sapi Iris Mercon Astro Goods","","Frozen","15"
"98","MTG - Menteng","14265","8993200661442","Kanzler Cheese Bratwurst Sausages","","Frozen","45"
"98","MTG - Menteng","9339","839294","Ayam Kampung Asli KaumFarm 900gr-1kg","","Frozen","7"
"98","MTG - Menteng","32335","8997207520313","El Primo Premium Beef Frankfurter Sausages","","Frozen","45"
"98","MTG - Menteng","40940","805403","Raw Pet Gourmet Minis Chicken Duck & Romaine Makanan Anjing Basah","L1-FRZ-CF13-T2-K3-3","Fresh","30"
"98","MTG - Menteng","46032","10000000004244","Rossa Farm Telur Ayam Omega 3","L1-AMD-A4-T2-2","Fresh","7"
"98","MTG - Menteng","24091","864575","Daging Wagyu Misuji Beef Slice Astro Farm","L1-FRZ-CF11-T2-K4-3","Frozen","90"
"98","MTG - Menteng","47513","8801007957883","Bibigo Mandu Vegetable Dumplings Japchae","","Frozen","45"
"98","MTG - Menteng","6532","8991999110318","Milk Life Fresh Milk Chocolate","","Fresh","7"
"98","MTG - Menteng","47899","10000000004677","Pureeland Fat MPASI Oil Chicken & Garlic Oil BB Booster","","Frozen","30"
"98","MTG - Menteng","45465","10000000004152","Jeruk Tangold Astro Farm 5-6 pcs","L1-CHL-DC11-T4-2","Fresh","1"
"98","MTG - Menteng","6828","944529","Roti Tawar Kupas A Basics","L2-AMD-G6-T2-1","Fresh","2"
"98","MTG - Menteng","47086","10000000004577","Mixed Vegetables 4ways Astro Farm","","Frozen","60"
"98","MTG - Menteng","5917","945939","Heirloom Baby Airo's Galaxy Apple 125ml","","Fresh","7"
"98","MTG - Menteng","34429","9986260302003","Weiwang Siomay Ayam","","Frozen","30"
"98","MTG - Menteng","2772","8999898561323","Diamond Keju Cheddar","L1-CHL-DC17-T2-11","Fresh","20"
"98","MTG - Menteng","48238","10000000004854","Mangga Kweni Astro Farm","L1-AMF-RF5-T4-3","Fresh","1"
"98","MTG - Menteng","46405","8997014358222","Cedea Fish and Chicken Nugget Original 500 g","","Frozen","45"
"98","MTG - Menteng","6699","522181","Tahu Coklat Segitiga","L1-CHL-DC16-T5-1","Fresh","2"
"98","MTG - Menteng","48273","8997236201450","Metzger Smoked Beef","","Frozen","90"
"98","MTG - Menteng","6622","815955","Buah Ciplukan - Astro Farm","","Fresh","1"
"98","MTG - Menteng","35046","922676","Etira Jamur Champignon Slice","BAD INBOUND","Fresh","1"
"98","MTG - Menteng","50773","9023176","Triple Three Foods Italian Prosciutto Parma","L1-FRZ-CF13-T1-K5-5","Frozen","90"
"98","MTG - Menteng","44230","10000000003590","Daun Seledri Organik","BAD INBOUND","Fresh","1"
"98","MTG - Menteng","4052","472728","Paket Masak Sapo Tahu Astro Goods","","Fresh","2"
"98","MTG - Menteng","35313","519882","Homjuice Red Series","","Fresh","2"
"98","MTG - Menteng","47485","8997222497737","Wahana Estate Frozen Sweet Potato Beniazuma","L1-FRZ-CF11-T2-K8-2","Frozen","45"
"98","MTG - Menteng","8762","669600","Mami Lana Mala Xiang Guo Noodle","","Fresh","20"
"98","MTG - Menteng","5006","995879","Paket Masak Sop Iga Sapi - Astro Goods","","Fresh","1"
"98","MTG - Menteng","3984","8993406202500","Yummy Mascarpone Keju Krim","","Fresh","28"
"98","MTG - Menteng","31277","8999898975465","Biokul Greek Yogurt Topping Cookies","L1-CHL-DC20-T3-6","Fresh","12"
"98","MTG - Menteng","26009","8993200669011","Cimory Stick Blueberry Yogurt Box","L1-CHL-DC18-T2-14","Fresh","45"
"98","MTG - Menteng","48018","10000000004264","Ayam Broiler 8 Potong Astro Farm 450-500gram","","Frozen","90"
"98","MTG - Menteng","41317","658982","Paha Ayam Fillet Marinasi Teriyaki Astro Farm 450-550gram","","Frozen","75"
"98","MTG - Menteng","36804","9556195101073","Seafoodking Premium Crab Stick","","Frozen","30"
"98","MTG - Menteng","4958","8997226414020","Emina Mozzarella Cheese Slice 5's","L1-CHL-DC17-T4-2","Fresh","45"
"98","MTG - Menteng","23601","8993036114006","Kong Kee Tahu Rasa Udang 140gram","L1-CHL-DC15-T4-5","Fresh","2"
"98","MTG - Menteng","3360","280097","Jamur Enoki","L1-CHL-DC15-T5-1","Fresh","1"
"98","MTG - Menteng","48426","7499221239840","Heavenly Donut Gandum","L1-FRZ-CF8-T1-K6-2","Frozen","114"
"98","MTG - Menteng","36440","150924","Brokoli Ekonomis Astro Farm","BAD INBOUND","Fresh","1"
"98","MTG - Menteng","3121","8997022121986","Jeruk Baby Sunpride - Astro Farm","","Fresh","1"
"98","MTG - Menteng","46954","8998866820745","Waku Waku Chocoloop 35ml","","Frozen","90"
"98","MTG - Menteng","5514","183283","Gingernuts Ronde Biscoff Creamylk 150gr","","Frozen","15"
"98","MTG - Menteng","7610","806393","Blackpepper Sauce - Astro Goods","","Fresh","30"
"98","MTG - Menteng","42433","131410","Acaii Tea Glow Recipe","","Fresh","2"
"98","MTG - Menteng","30580","400656","Acaii Tea Detox Shot","","Fresh","2"
"98","MTG - Menteng","36740","317697","Leunca Astro Farm","L1-CHL-DC12-T3-4","Fresh","1"
"98","MTG - Menteng","3069","487370","Ikan Asin Peda Merah","","Frozen","75"
"98","MTG - Menteng","41761","590411","Sambal Balado Ati Ampela Frozen Khas Betawi Kafe Betawi x Astro Goods","","Fresh","12"
"98","MTG - Menteng","31527","8997207631002","Udang Laut Kupas Bersih L Java Sea","","Frozen","90"
"98","MTG - Menteng","41045","3608580765097","Bonne Maman Apricot Preserve Jam","L1-CHL-DC18-T3-3","Fresh","75"
"98","MTG - Menteng","44928","10000000003955","Labu Siam Acar Ekonomis Astro Farm","L1-CHL-DC7-T2-6","Fresh","1"
"98","MTG - Menteng","36889","8997234089029","Ribu Rasa Chicken Bites Sambal Ijo","","Frozen","45"
"98","MTG - Menteng","43651","10000000000440","Bayam Hijau Organik","","Fresh","1"
"98","MTG - Menteng","8512","8994130900175","Paha Ayam Atas Sreeya","","Frozen","45"
"98","MTG - Menteng","3124","403690","Jamur Shitake","L1-CHL-DC15-T3-5","Fresh","1"
"98","MTG - Menteng","1594","8999898962304","Biokul Stired Yogurt Plain","","Fresh","12"
"98","MTG - Menteng","52040","10000000005813","Jeruk Dandy Mandy Astro Farm","BAD INBOUND","Fresh","1"
"98","MTG - Menteng","28091","877037","Bawang Merah Kupas Astro Farm","BAD INBOUND","Fresh","2"
"98","MTG - Menteng","28338","142217","Samcan Daging Babi","L1-FRZ-CF13-T1-K2-6","Frozen","90"
"98","MTG - Menteng","48266","10000000004717","Gyukushi AUS Wagyu Astro Farm Signature 200gr","L1-FRZ-CF11-T2-K4-5","Frozen","90"
"98","MTG - Menteng","6627","176743","Belimbing Madu - Astro Farm","","Fresh","1"
"98","MTG - Menteng","2055","8993207135007","Fiesta Chicken Nugget","","Fresh","45"
"98","MTG - Menteng","23740","754792","Kentang - Astro Farm","BAD INBOUND","Fresh","1"
"98","MTG - Menteng","5678","316046","Esperto Coffee Lotus Biscoff Latte","","Fresh","75"
"98","MTG - Menteng","41342","679793","Kapri Manis Astro Farm","","Fresh","1"
"98","MTG - Menteng","35061","427704","Ayam Parting 8 Bumbu Kuning Astro Basics 500-600gram","","Frozen","75"
"98","MTG - Menteng","6288","8999999558918","Cornetto Mini Unicorn Ice Cream 12pcs x 28ml","","Frozen","45"
"98","MTG - Menteng","24767","8999898300038","Diamond Fresh Milk Chocolate","","Fresh","7"
"98","MTG - Menteng","47234","8992704102116","Bumifood Quick Bites Crab Stik","","Frozen","100"
"98","MTG - Menteng","25272","859913","Manggis Lokal Astro Farm 4-6 pcs","BADFRESH-1","Fresh","1"
"98","MTG - Menteng","45035","8999898970026","Diamond Fresh Milk Strawberry","","Fresh","7"
"98","MTG - Menteng","3611","356862","Sawi Hijau Konvensional Astro Farm","BAD INBOUND","Fresh","1"
"98","MTG - Menteng","40930","8997016810896","Monggo Dark Chocolate 77% of Cocoa Tablet","L1-CHL-DC2-T1-21","Fresh","90"
"98","MTG - Menteng","44014","10000000000674","Ceker Ayam Tanpa Tulang Astro Farm","","Frozen","60"
"98","MTG - Menteng","31252","8992907952327","Sari Roti Sandwich Coklat","","Fresh","2"
"98","MTG - Menteng","47539","10000000004473","Japanese Wagyu A5 Karubi Astro Farm Signature 100gram","","Frozen","90"
"98","MTG - Menteng","47951","10000000004783","KC Original Smoked Duck","L1-FRZ-CF3-T2-K2-3","Frozen","60"
"98","MTG - Menteng","34150","561693","Mangga Gedong Astro Farm 3-4 pcs","","Fresh","1"
"98","MTG - Menteng","4700","8994046010029","My Roti Tawar Kupas","L2-AMD-G5-T1-1","Fresh","2"
"98","MTG - Menteng","32617","10196157","Kin Cats Raw Food Fish & Chicken Makanan Kucing Basah","L1-FRZ-CF13-T2-K3-9","Fresh","45"
"98","MTG - Menteng","18710","8991001302434","Ceres Meses Dark Chocolate","","Fresh","54"
"98","MTG - Menteng","45896","10000000004210","Tomat Marzano Astro Farm","L1-CHL-DC13-T5-6","Fresh","1"
"98","MTG - Menteng","2057","8993200348312","Kanzler Singles Original Ready to Eat Sausages","L1-CHL-DC2-T1-44","Frozen","30"
"98","MTG - Menteng","4693","838846","Oma Elly Fresh Pasta Egg Spaghetti 500gr","","Frozen","45"
"98","MTG - Menteng","25625","461595","Sayap Ayam Marinasi Healti Ciken 400-500gram","","Frozen","75"
"98","MTG - Menteng","4604","725236","My Sister Bakes Brioche Braids Cinnamon 75gr","","Fresh","1"
"98","MTG - Menteng","48530","10000000004875","Kurma Sukkari","","Fresh","30"
"98","MTG - Menteng","2959","8999999047207","Walls Paddle Pop Rainbow","L1-FRZ-CF10-T2-K1-5","Frozen","75"
"98","MTG - Menteng","3625","286534","Kangkung Konvensional Astro Farm","","Fresh","1"
"98","MTG - Menteng","5517","334926","Fiesta Steak Marinated Chicken Grill (2 Portions)","","Fresh","45"
"98","MTG - Menteng","28224","841942","Alpukat Okido Premium Size L Astro Farm 1 pcs","L1-AMF-RF7-T5-2","Fresh","1"
"98","MTG - Menteng","2978","7614500010013","Toblerone Milk Chocolate/Cokelat","","Fresh","60"
"98","MTG - Menteng","47505","10000000004495","Daging Shabu Japanese Wagyu A5 Astro Farm Signature 200gram","","Frozen","90"
"98","MTG - Menteng","47238","8997232420305","Sosis Dada Ayam Asap Mooyam MOON MATE","L1-FRZ-CF8-T2-K6-5","Frozen","90"
"98","MTG - Menteng","190","330220","Jeruk Medan Astro Farm 4-5 pcs","DC-BADSTOCK-38","Fresh","1"
"98","MTG - Menteng","22714","724655","Ayam Bakar Astro Goods x Bebek Goreng Crispy Begok","","Fresh","2"
"98","MTG - Menteng","4053","582061","Daun Jeruk Astro Farm","","Fresh","1"
"98","MTG - Menteng","5431","966436","Kapsim Daging Babi Slice","L1-FRZ-CF13-T1-K7-6","Frozen","90"
"98","MTG - Menteng","49728","8997014358253","Cedea Eomuk Bar Cheese Tasty","BADFRESH-1","Frozen","45"
"98","MTG - Menteng","24850","8994181210605","Eat Me Brand Asparagus","","Fresh","2"
"98","MTG - Menteng","32551","8993406602508","Yummy Ricotta Cheese","L1-CHL-DC19-T4-5","Fresh","30"
"98","MTG - Menteng","50732","8992907001957","Sari Roti Tawar Gandum Kupas​","L2-AMD-G4-T2-4","Fresh","2"
"98","MTG - Menteng","36413","8997220411100","Kin Yogurt Slurp XL Mango Pouch","","Fresh","45"
"98","MTG - Menteng","40790","8997009741015","Hanzel Frankfurter Original Sausages","","Frozen","45"
"98","MTG - Menteng","36447","977901","Wagyu MB5 Beef Slice Meatboys x Astro Farm","L1-FRZ-CF11-T1-K4-2","Frozen","90"
"98","MTG - Menteng","6136","8999999034672","Walls Cornetto Mini Disc Tiramisu & Dark Chocolate 12 x 28ml","","Frozen","90"
"98","MTG - Menteng","31343","779133","Dried Thyme Leaves Astro Goods","L2-AMD-B9-T3-13","Fresh","90"
"98","MTG - Menteng","6758","319674","Pear Golden RRC Astro Farm","","Fresh","1"
"98","MTG - Menteng","8031","969653","Honey Garlic Sauce Astro Goods","","Fresh","28"
"98","MTG - Menteng","36657","871410","Cumi Cabe Hijau Sigle Portion Kafe Betawi & Astro Goods","","Fresh","30"
"98","MTG - Menteng","42434","131409","Acaii Tea Skinny Lemonade","","Fresh","2"
"98","MTG - Menteng","42030","474027","Wag and Whisk Cooked Chicken All Life Stages Makanan Anjing Basah","","Fresh","30"
"98","MTG - Menteng","45249","10000000004057","Bawang Mix Merah Putih Astro Farm","","Fresh","1"
"98","MTG - Menteng","36593","644110","Chicken Saikoro Astro Farm","L1-FRZ-CF2-T2-K3-4","Frozen","75"
"98","MTG - Menteng","29207","764315","Dry Rubs Mediterranean Grill Astro Goods","L2-AMD-C12-T2-7","Fresh","90"
"98","MTG - Menteng","2965","8993492101121","Golden Farm French Fries Crinkle Cut","","Frozen","45"
"98","MTG - Menteng","44927","10000000003954","Lettuce Head Ekonomis Astro Farm","BAD INBOUND","Fresh","2"
"98","MTG - Menteng","4063","746618","INVALID Astro Spice Lada Putih Utuh 100gr","","Fresh","60"
"98","MTG - Menteng","88","8994466330042","Dada Ayam Boneless Fillet Organik Probiotik Natural Poultry","L1-FRZ-CF5-T2-K4-3","Frozen","75"
"98","MTG - Menteng","46947","8885013133424","Aice Crispy Balls Cookies n Cream Stick 65ml","","Frozen","90"
"98","MTG - Menteng","44931","10000000003958","Kembang Kol Potong Astro Farm","BAD INBOUND","Fresh","1"
"98","MTG - Menteng","1069","8885012290272","Ribena Blackcurrant Drink","","Fresh","60"
"98","MTG - Menteng","33947","8993200669240","Cimory Bites Yuzu Yogurt","","Fresh","45"
"98","MTG - Menteng","45359","10000000003997","Daging Sengkel Ekonomis Fatty Cuts","","Frozen","90"
"98","MTG - Menteng","36435","901597","Cabe Hijau Keriting Astro Farm","BAD INBOUND","Fresh","1"
"98","MTG - Menteng","4712","735621","Daun Salam Astro Farm","","Fresh","1"
"98","MTG - Menteng","33307","243054","Nangka Kupas Astro Farm","","Fresh","1"
"98","MTG - Menteng","1901","8991001121615","Silverqueen Classic Cashew","","Fresh","90"
"98","MTG - Menteng","6829","678162","Farmer's Low Cholesterol Egg Astro Farm","","Fresh","12"
"98","MTG - Menteng","43793","10000000000605","Towang Tahu Kuning Organik Non GMO","","Fresh","2"
"98","MTG - Menteng","21765","8997205610023","Sunrise Bawang Bombay","","Fresh","2"
"98","MTG - Menteng","3012","8994130899790","Ayam Nanas Potong 9 Sreeya","BAD INBOUND","Frozen","45"
"98","MTG - Menteng","30504","8993492102111","Edo Pancake Original","","Frozen","35"
"98","MTG - Menteng","32340","8997023079538","Bernardi Tom Yum Instan","","Frozen","30"
"98","MTG - Menteng","47481","10000000004644","Nanas Batu Hijau Astro Farm","L1-AMF-RF7-T6-2","Fresh","1"
"98","MTG - Menteng","32087","994084","Jeruk Mandarin Wokam Daun Astro Farm","","Fresh","1"
"98","MTG - Menteng","5995","886972","Puedes Sambal Korek Bawang","","Fresh","45"
"98","MTG - Menteng","43738","10000000000525","Mangga Indramayu Astro Farm 2-3 pcs","BAD INBOUND","Fresh","1"
"98","MTG - Menteng","40715","963621","Cadbury E-packs 30G x 4pc","","Fresh","45"
"98","MTG - Menteng","51162","8994450110018","Superior Tahu Pong","","Fresh","15"
"98","MTG - Menteng","5598","477778","Anggur Autumn Less Seed Premium Astro Farm","BAD INBOUND","Fresh","1"
"98","MTG - Menteng","40708","737712","Fumak Astro Farm","","Fresh","1"
"98","MTG - Menteng","37152","419471","Daging Rendang Import","DC-BADSTOCK-38","Frozen","90"
"98","MTG - Menteng","32619","10145328","Kin Cats Raw Rabbit & Quail Makanan Kucing Basah","","Fresh","30"
"98","MTG - Menteng","31900","965657","Ikan Dori NBL Premium","L1-FRZ-CF3-T1-K1-2","Frozen","60"
"98","MTG - Menteng","3842","363558","Baby Sawi Hijau Hydroponic Astro Farm","BAD INBOUND","Fresh","1"
"98","MTG - Menteng","44403","8992770191007","Ajinomoto Chicken Gyoza","","Frozen","45"
"98","MTG - Menteng","2689","8993351128603","Greenfields Fresh Jersey Milk","L1-CHL-DC1-T3-3","Fresh","7"
"98","MTG - Menteng","23837","8801052064796","Jongga Mat Kimchi/Cut Cabbage Kimchi","","Fresh","15"
"98","MTG - Menteng","2376","8901233024233","Cadbury Dairy Milk Oreo","","Fresh","60"
"98","MTG - Menteng","43649","10000000000438","Lidah Buaya Astro Farm","BAD INBOUND","Fresh","1"
"98","MTG - Menteng","25153","391217","Telur Ayam Negeri Astro Farm","","Fresh","12"
"98","MTG - Menteng","40971","8997018651442","Karawaci Sosis Sapi Serbaguna","","Frozen","45"
"98","MTG - Menteng","7283","169742","Kol Ungu Astro Farm 1 pcs","L1-CHL-DC7-T2-3","Fresh","1"
"98","MTG - Menteng","6352","559929","Paket Masak Gule Tahu","","Fresh","1"
"98","MTG - Menteng","5825","616180","Heirloom Kolaknana Baby Friendly Greek Yoghurt 125ml","","Fresh","7"
"98","MTG - Menteng","3713","737663","Daun Kucai Astro Farm","","Fresh","1"
"98","MTG - Menteng","44716","10000000003699","Inbolic Sugar-Free Tomato Ketchup","","Fresh","90"
"98","MTG - Menteng","227","11310013","Sibas Ikan Gindara Fillet","","Frozen","75"
"98","MTG - Menteng","50190","51934710381","California Select Farm Mozarella Shredded Cheese USA 8oz","L1-CHL-DC18-T1-3","Fresh","40"
"98","MTG - Menteng","43262","10000000000261","Daun Salam Astro Farm","","Fresh","1"
"98","MTG - Menteng","43249","8999999608385","Walls Magnum Strawberry Panna","","Frozen","130"
"98","MTG - Menteng","44670","10000000003789","Ayam Kampung Bumbu Kuning Oke Chicken","","Frozen","90"
"98","MTG - Menteng","9340","417716","Ayam Kampung KaumFarm Parting 8pcs 800-900gr","","Frozen","7"
"98","MTG - Menteng","4054","305581","Paket Masak Sop Kimlo Astro Goods","","Fresh","2"
"98","MTG - Menteng","40879","505633","Homjuice Cold-Pressed Juice Celery Remedy","","Fresh","2"
"98","MTG - Menteng","47093","10000000004570","Singkong Kupas Astro Farm","L1-CHL-DC12-T4-3","Fresh","1"
"98","MTG - Menteng","6064","763352","Chicken Teriyaki Astro Farm","L1-FRZ-CF2-T2-K7-4","Frozen","75"
"98","MTG - Menteng","46178","10000000004304","Apel Fuji Sunmoon Astro Farm 1 pcs","","Fresh","1"
"98","MTG - Menteng","9946","869630","Sambal Nusantara Terasi Astro Goods/Sambel","","Fresh","5"
"98","MTG - Menteng","50953","8885013134681","Aice Crispy Balls Shine Muscat with Popping Candy","L1-FRZ-CF6-T1-K3-1","Frozen","90"
"98","MTG - Menteng","5805","745110055761","Frozchick Ayam Bumbu Balado","","Frozen","30"
"98","MTG - Menteng","22855","474278","Wortel Berastagi Astro Farm","BAD INBOUND","Fresh","1"
"98","MTG - Menteng","45453","10000000004102","Shoyu Garlic Butter Astro Goods","","Fresh","15"
"98","MTG - Menteng","45004","10000000003993","Kerang Simping Utuh Ekonomis","","Frozen","75"
"98","MTG - Menteng","7707","419218","Ayam Goreng Presto Frozen Astro Goods","","Fresh","2"
"98","MTG - Menteng","45282","10000000004034","Cabe Merah Keriting Tanpa Tangkai Astro Farm","L1-CHL-DC5-T5-1","Fresh","1"
"98","MTG - Menteng","51868","8993351128146","Greenfields Lactose Free Fresh Milk","L1-CHL-DC1-T4-7","Fresh","7"
"98","MTG - Menteng","6628","673517","Salak Pondoh Astro Farm 10-14 pcs","BAD INBOUND","Fresh","1"
"98","MTG - Menteng","51363","10000000005624","SNIFFF Bowl Salmon Berries Makanan Anjing Basah","L1-FRZ-CF13-T2-K8-7","Frozen","21"
"98","MTG - Menteng","1294","8993036114013","Kongkee Tofu Telur/Tahu Telur","","Fresh","45"
"98","MTG - Menteng","8512","8994130900175","Paha Ayam Atas Sreeya","L1-FRZ-CF9-T1-K2-1","Frozen","45"
"98","MTG - Menteng","6241","475124","Jengkol Matang Astro Farm","L1-CHL-DC5-T3-5","Fresh","1"
"98","MTG - Menteng","35433","8991071410466","Grouu Finger Food Melted Cheese Meatball Snack Bayi","","Fresh","90"
"98","MTG - Menteng","6906","936302","Tempe Jumbo Daun","","Fresh","2"
"98","MTG - Menteng","5932","8997238580027","Deli & Co Double Choux Vanila Pastry","L1-FRZ-CF8-T2-K5-3","Fresh","45"
"98","MTG - Menteng","25308","590811","Hondashi Fish Powder Astro Goods","L2-AMD-A12-T6-2","Fresh","90"
"98","MTG - Menteng","5901","793379","Vinlins Japanese Cotton Bread Cheese 140gr","","Fresh","1"
"98","MTG - Menteng","24231","2579610010009","BakedIDFood Soft Cookie Choco Chips Frozen","","Fresh","45"
"98","MTG - Menteng","48271","8997236200323","Metzger Beef Fillet Medallion","L1-FRZ-CF3-T2-K3-4","Frozen","90"
"98","MTG - Menteng","5560","345210","Fiesta Steak Barbeque Sauce","","Fresh","90"
"98","MTG - Menteng","43904","10000000000685","Australian Beef Wagyu Tallow Tenji Meats","","Fresh","90"
"98","MTG - Menteng","45713","10000000004162","Mixed Berries Frozen IQF","","Frozen","60"
"98","MTG - Menteng","30708","8991646000153","Rejuve Cold Pressed Juice U.GLW","","Fresh","2"
"98","MTG - Menteng","32435","8999898962694","Biokul Set Yogurt Plain","","Fresh","7"
"98","MTG - Menteng","46200","10000000004416","Jeruk Limau Organik Astro Farm","L1-CHL-DC10-T3-2","Fresh","1"
"98","MTG - Menteng","3071","792142","Ikan Asin Japuh","","Frozen","75"
"98","MTG - Menteng","47907","10000000004683","Pureeland Grass Fed Ghee Butter Garlic BB Booster","","Frozen","30"
"98","MTG - Menteng","22309","465520","Mom & Spice Ayam Tangkap Aceh Astro Goods Choice","","Fresh","2"
"98","MTG - Menteng","8984","4000417118301","Ritter Sport Tower Color Mini","","Fresh","21"
"98","MTG - Menteng","32415","8993406800805","Yummy Plain Yogurt","L1-CHL-DC20-T5-7","Fresh","21"
"98","MTG - Menteng","3839","944442","Baby Bayam Hydroponic Astro Farm","","Fresh","1"
"98","MTG - Menteng","27248","871730","Melon Saga Premium Size XL Astro Farm","","Fresh","1"
"98","MTG - Menteng","3653","9556001091437","Nestle Crunch Stick","L1-FRZ-CF6-T1-K6-2","Frozen","90"
"98","MTG - Menteng","52185","10000000005728","Acaii Overnight Oats Black Sesame Kinako","L1-CHL-DC22-T3-5","Fresh","1"
"98","MTG - Menteng","43702","10000000000531","Daging Sapi Sop Grass Fed","","Frozen","90"
"98","MTG - Menteng","35432","8991071410473","Grouu Finger Food Salmon Pom Pom Snack Bayi","","Fresh","90"
"98","MTG - Menteng","50721","8885013133059","Aice Histeria Matcha","","Frozen","90"
"98","MTG - Menteng","8688","864608","Sweet Pear Astro Farm 3-6 pcs","","Fresh","1"
"98","MTG - Menteng","43238","8994452100017","Leuga Gurame Bumbu Kuning","L1-FRZ-CF7-T1-K3-3","Frozen","30"
"98","MTG - Menteng","5559","223485","Fiesta Steak Brown Sauce","","Fresh","90"
"98","MTG - Menteng","40602","882319","Amazing Farm Horenzo Hydroponic","","Fresh","1"
"98","MTG - Menteng","49814","10000000005164","Anggur Seedless Crunchy Pop","","Fresh","1"
"98","MTG - Menteng","46195","10000000004407","Baby Labu Siam Organik","L1-CHL-DC7-T2-8","Fresh","1"
"98","MTG - Menteng","5426","180879","Daging Paha Babi","BADFRESH-1","Frozen","90"
"98","MTG - Menteng","43800","8991004051803","Manalagi Tahu Putih Mika","BAD INBOUND","Fresh","2"
"98","MTG - Menteng","8934","8997213710111","Bonanza Bakso Sapi Gold","L1-FRZ-CF4-T1-K2-2","Frozen","45"
"98","MTG - Menteng","4426","843702","A-M Kulit Pangsit Special Siomay 10 x 10 cm 50 Lembar","","Fresh","14"
"98","MTG - Menteng","21014","8994046110101","My Roti Pie Cheese","BADFRESH-1","Fresh","2"
"98","MTG - Menteng","36498","792446","Ground Beef Angus Grassfed Meatboys x Astro Farm","L1-FRZ-CF11-T1-K2-2","Frozen","90"
"98","MTG - Menteng","27768","800190","Fresh Bites Buah Potong Mixed Fruits","","Fresh","1"
"98","MTG - Menteng","5480","95502489","Kit Kat 2 Finger Cokelat","","Fresh","90"
"98","MTG - Menteng","1899","8991001111647","Silverqueen Chunky Bar Cashew","","Fresh","30"
"98","MTG - Menteng","3904","7499221195153","Heavenly Blush Tummy Lemon Sugar Free Yogurt Drink 180ml","","Fresh","21"
"98","MTG - Menteng","47095","8998880000093","Wild Jacks Beef Bacon Flakes","","Frozen","90"
"98","MTG - Menteng","37652","889186","Daging Slice Beef Ekonomis Fatty Cuts","","Frozen","90"
"98","MTG - Menteng","3849","434834","Celery Stick Astro Farm 750-900 gram","","Fresh","1"
"98","MTG - Menteng","42921","10000000000136","Duku Astro Farm","","Fresh","1"
"98","MTG - Menteng","23135","626679","Paha Ayam Bawah Astro Farm Regular","","Frozen","60"
"98","MTG - Menteng","6629","199563","Belimbing Dewi Astro Farm 2-3 pcs","BAD INBOUND","Fresh","1"
"98","MTG - Menteng","2967","8993492101084","Golden Farm Kernel Corn","L1-FRZ-CF11-T1-K8-1","Frozen","45"
"98","MTG - Menteng","28815","637344","Kari India Bubuk Astro Goods","","Fresh","90"
"98","MTG - Menteng","43110","10000000000155","Cabe Hijau Rawit Astro Farm","L1-CHL-DC5-T3-8","Fresh","1"
"98","MTG - Menteng","3135","9556001239754","Kit Kat Chunky Milk Chocolate","","Fresh","60"
"98","MTG - Menteng","23535","8994448900119","Chicken Breast Fillet Marinade Original Bitte","L1-FRZ-CF8-T2-K3-8","Frozen","90"
"98","MTG - Menteng","40929","8997016811114","Monggo Volcanic Salt Dark Chocolate 69% of Cocoa Tablet","L1-CHL-DC2-T1-48","Fresh","90"
"98","MTG - Menteng","6202","10138021","Kin Raw Dog Food Chicken Pumpkin & Greens Makanan Anjing","L1-FRZ-CF13-T2-K2-6","Fresh","30"
"98","MTG - Menteng","5904","989107","Apel Fuji Blush Premium Size L Astro Farm 4-6 pcs","L1-CHL-DC9-T2-1","Fresh","1"
"98","MTG - Menteng","49315","8997007220291","Nafra Bumbu Kelapa Gonseng","L1-CHL-DC14-T2-2","Fresh","45"
"98","MTG - Menteng","52225","5413121351602","The Belgian Chocolate Hearts","DC-TRANSIT-5","Fresh","45"
"98","MTG - Menteng","40953","443105","Raw Pet Gourmet Minis Duck Coconut & Parsley Makanan Anjing Basah","L1-FRZ-CF13-T2-K3-5","Fresh","30"
"98","MTG - Menteng","45379","10000000004093","Daun Bawang Ekonomis Astro Farm","L1-CHL-DC6-T2-2","Fresh","1"
"98","MTG - Menteng","6129","516055","Vilo Ice Cream Crunchy Ferrero Rocher 90ml","","Frozen","45"
"98","MTG - Menteng","733","8994592014038","Tulip Choco Chips Dark Compound","","Fresh","45"
"98","MTG - Menteng","6259","8997220410196","Kin Fresh Milk Full Cream/Susu Segar","","Fresh","7"
"98","MTG - Menteng","5592","442544","Kentang Rendang Astro Farm","","Fresh","1"
"98","MTG - Menteng","6506","723143","Ikan Gurame Bersih Utuh Astro Farm","L1-FRZ-CF7-T1-K4-3","Frozen","60"
"98","MTG - Menteng","40951","522383","Raw Pet Gourmet Minis Beef, Goat & Pumpkin Makanan Basah Anjing","","Fresh","30"
"98","MTG - Menteng","2571","768668","Jagung Acar Astro Farm","","Fresh","1"
"98","MTG - Menteng","26277","513711","Ikan Bawal Hitam Bersih Astro Farm","","Frozen","60"
"98","MTG - Menteng","24835","766035","Black Salmon Fillet Astro Farm","","Frozen","60"
"98","MTG - Menteng","37009","458068","Bawang Merah Kupas Astro Farm","BAD INBOUND","Fresh","2"
"98","MTG - Menteng","43107","10000000000159","Kembung FIllet","L1-FRZ-CF7-T2-K4-5","Frozen","30"
"98","MTG - Menteng","2533","8995229800321","Belfoods Fav Chicken Nugget","","Frozen","45"
"98","MTG - Menteng","3740","8997017180134","Yun Yi Tahu Putih","","Fresh","2"
"98","MTG - Menteng","45365","10000000004005","Iga Konro Ekonomis","","Frozen","90"
"98","MTG - Menteng","47927","10000000004791","Hungry Alana Tori Paitan Broth Kaldu Ayam Probiotik MPASI","","Frozen","30"
"98","MTG - Menteng","5763","358154","Pear Pakam Afrika - Astro Farm","","Fresh","1"
"98","MTG - Menteng","24265","8997234140737","Sibas Salmon Teriyaki Ready To Heat","","Frozen","90"
"98","MTG - Menteng","2425","8993110040726","So Good Chicken Nugget Original","","Frozen","45"
"98","MTG - Menteng","5607","999764","Ikan Mujair Bumbu Kuning Astro Farm","L1-FRZ-CF7-T1-K6-2","Frozen","28"
"98","MTG - Menteng","44771","10000000003836","Daging Oseng Ekonomis Fatty Cuts","","Frozen","90"
"98","MTG - Menteng","22931","8999999593803","Walls 2in1 Marie & Chocolate Es Krim","","Frozen","90"
"98","MTG - Menteng","11990","708937","Emping Asin A Basics","","Fresh","28"
"98","MTG - Menteng","3906","370654","Oyong Astro Farm","","Fresh","1"
"98","MTG - Menteng","2452","316392","Daun Mint","","Fresh","1"
"98","MTG - Menteng","46921","8995555150930","Kimbo Probites Korean Hot & Spicy","","Frozen","30"
"98","MTG - Menteng","31491","745073","Ikan Ekor Kuning Bersih","L1-FRZ-CF7-T2-K2-6","Frozen","60"
"98","MTG - Menteng","23047","472324","Blackberries Frozen IQF","","Frozen","30"
"98","MTG - Menteng","35375","602046","Buah Lontar Kupas Astro Farm 8-10 pcs","","Fresh","1"
"98","MTG - Menteng","43738","10000000000525","Mangga Indramayu Astro Farm 2-3 pcs","L1-AMF-RF5-T6-3","Fresh","1"
"98","MTG - Menteng","46907","9782549790086","Omahan Kitchen Ayam Bumbu Kuning 1 Ekor","BADFRESH-1","Fresh","23"
"98","MTG - Menteng","47542","8993071700356","Belfoods Chicken Nugget BTS With Pizza Flavored","","Frozen","150"
"98","MTG - Menteng","6628","673517","Salak Pondoh Astro Farm 10-14 pcs","L1-CHL-DC23-T1-2","Fresh","1"
"98","MTG - Menteng","8967","106121","Bumbu Dasar Merah Astro Goods","BAD INBOUND","Fresh","9"
"98","MTG - Menteng","5687","5740900835306","Lurpak Unsalted Butter","L1-CHL-DC17-T4-5","Fresh","45"
"98","MTG - Menteng","44028","5010652998476","Millac Gold Whipping, Cooking, Pouring Cream","","Fresh","60"
"98","MTG - Menteng","237","381102","Minori Strawberry Lokal Super","L1-CHL-DC10-T2-5","Fresh","1"
"98","MTG - Menteng","43545","10000000000348","Wagyu Ribeye MB 6-7 AUS Grain Fed","","Frozen","90"
"98","MTG - Menteng","49730","8994467130016","Huntsman Chicken Bratwurst with Cheese","L1-FRZ-CF4-T2-K4-9","Frozen","90"
"98","MTG - Menteng","31800","8993200345618","Kanzler Garlic Frankfurter Sausages","","Frozen","45"
"98","MTG - Menteng","26019","642768","8 Fruitz Strawberry Frozen (IQF)","","Frozen","60"
"98","MTG - Menteng","5435","8997231850035","Mujigae Spicy Rapokki /Ramen Topokki","","Fresh","45"
"98","MTG - Menteng","43111","10000000000144","Daun Jeruk Astro Farm","BAD INBOUND","Fresh","1"
"98","MTG - Menteng","44233","10000000003588","Selada Romaine Konvensional Astro Farm","L1-CHL-DC3-T5-3","Fresh","1"
"98","MTG - Menteng","3070","309480","Udang Rebon","","Frozen","75"
"98","MTG - Menteng","51229","8994449370690","Olivivero IQF Mix Sweet Potato","L1-FRZ-CF11-T1-K8-2","Frozen","90"
"98","MTG - Menteng","42022","732097","Wag & Whisk Gently Cooked Beef All Life Stages Makanan Kucing Basah","L1-FRZ-CF13-T2-K3-1","Fresh","30"
"98","MTG - Menteng","23159","76840101184","Ben&Jerry's Pistachio Ice Cream","","Frozen","60"
"98","MTG - Menteng","3781","808115","Grumpy Kitchen Truffle Trio Funghi (Frozen) 90gr","","Fresh","1"
"98","MTG - Menteng","25035","391291","Ayam Broiler Utuh Astro Farm","","Frozen","60"
"98","MTG - Menteng","24130","8994130900373","Dada Boneless BLD Ayam Nanas Sreeya","L1-FRZ-CF5-T2-K8-3","Frozen","45"
"98","MTG - Menteng","44696","10000000003778","Lemon Lokal Astro Farm 2-5 pcs","L1-AMF-RF4-T4-1","Fresh","1"
"98","MTG - Menteng","47893","10000000004736","Soofresh Strawberry Korea","","Fresh","1"
"98","MTG - Menteng","5806","745110055747","Frozchick Ayam Bumbu Cabe Ijo","","Frozen","30"
"98","MTG - Menteng","40306","930027","Kulit Ayam Sate Bumbu Kuning Astro Farm 450-550gram","","Frozen","75"
"98","MTG - Menteng","3381","8994943001618","Spring Asparagus Tub 250gr","","Fresh","2"
"98","MTG - Menteng","186","324263","Kunyit Astro Farm","L1-AMF-RF8-T6-2","Fresh","1"
"98","MTG - Menteng","47619","8994457140346","Pawmeals Young & Adult Stage Perky Porky Cooked Makanan Anjing Basah 1kg","","Frozen","30"
"98","MTG - Menteng","49623","661706051323","Lurpak Spreadable Salted Butter 10pcs x 8gr","","Fresh","45"
"98","MTG - Menteng","2373","7622210640994","Cadbury Dairy Milk Cashew Nut Cokelat 57 gram","","Fresh","45"
"98","MTG - Menteng","22725","340155","Tauge Jepang Astro Farm","BAD INBOUND","Fresh","1"
"98","MTG - Menteng","44434","8993492102272","Edo Mini Puff Pastry Sheet","L1-FRZ-CF8-T1-K1-3","Frozen","60"
"98","MTG - Menteng","47571","239731001425200","Dr. Bebek Smoked Duck 200gram","","Frozen","60"
"98","MTG - Menteng","37522","589400","Azaki Tempe Plant Base Non GMO","","Fresh","2"
"98","MTG - Menteng","3617","749769","Daun Kemangi Astro Farm","BAD INBOUND","Fresh","1"
"98","MTG - Menteng","1345","8993351123110","Greenfields Mozzarella Cheese","","Fresh","35"
"98","MTG - Menteng","6763","345901","Paket Masak Sayur Lodeh Sasa","","Fresh","2"
"98","MTG - Menteng","21070","982059","Cumi Cabe Hijau Kafe Betawi x Astro 200gram","","Fresh","30"
"98","MTG - Menteng","8744","147060","Roti Gandum Kupas 10 Slices A Basics","","Fresh","2"
"98","MTG - Menteng","14191","711844110052","(S) ABC Kecap Manis Botol 620ml","","Fresh","90"
"98","MTG - Menteng","44431","8993492102074","Edo Mini Pau Isi Ayam Kecap","","Frozen","45"
"98","MTG - Menteng","6997","700443","Anggur Crimson Less Seed Astro Farm","","Fresh","1"
"98","MTG - Menteng","2670","8997014450216","Prochiz Gold Cheddar Cheese","L1-CHL-DC17-T2-12","Fresh","45"
"98","MTG - Menteng","42618","3608580765127","Bonne Maman Honey Preserve Jam","L1-CHL-DC18-T3-6","Fresh","75"
"98","MTG - Menteng","5853","755543","Pare Astro Farm","L1-CHL-DC7-T5-7","Fresh","1"
"98","MTG - Menteng","38","147334","Terong Ungu Astro Farm","L1-CHL-DC7-T6-6","Fresh","1"
"98","MTG - Menteng","46776","10000000004482","Bumbu Masak Machmudah BMM Kare","L1-CHL-DC14-T1-5","Fresh","15"
"98","MTG - Menteng","5682","708073","Ikan Selar Astro Farm","L1-FRZ-CF7-T2-K1-3","Frozen","60"
"98","MTG - Menteng","4052","472728","Paket Masak Sapo Tahu Astro Goods","BAD INBOUND","Fresh","2"
"98","MTG - Menteng","6830","435124","Farmer's Omega 3 Eggs Astro Farm","BAD INBOUND","Fresh","12"
"98","MTG - Menteng","37008","982252","Bawang Putih Kating Astro Farm","BAD INBOUND","Fresh","2"
"98","MTG - Menteng","1894","8991001111944","Delfi Take It 4Fingers Milk","L1-CHL-DC2-T1-20","Fresh","90"
"98","MTG - Menteng","5156","769391","Dimsum Inc Mix Pao 12pcs","","Frozen","5"
"98","MTG - Menteng","42954","10000000000156","Daun Seledri Astro Farm","BAD INBOUND","Fresh","1"
"98","MTG - Menteng","4065","731451","Ubi Merah Astro Farm","L1-AMF-RF8-T4-4","Fresh","1"
"98","MTG - Menteng","50264","881001000999","Friday Creamery Say Cheeze","L1-FRZ-CF10-T2-K1-8","Frozen","90"
"98","MTG - Menteng","40961","8991649001089","Benfarm Chicken Nugget Premium","","Frozen","45"
"98","MTG - Menteng","14203","711844120167","(S) ABC Sambal Ayam Goreng 135ml","","Fresh","0"
"98","MTG - Menteng","51488","8993110052811","So Nice Sosis Ayam Sedaaap 375gr","L1-FRZ-CF8-T1-K9-5","Frozen","60"
"98","MTG - Menteng","6567","8991001111609","Silverqueen Bites Chocolate Cashew","","Fresh","90"
"98","MTG - Menteng","35787","8993492102685","Edo Pizza Baguette Beef Bolognese","","Frozen","30"
"98","MTG - Menteng","1380","8994036541632","Aroma Pork Smoked Ham","L1-FRZ-CF13-T2-K7-5","Frozen","90"
"98","MTG - Menteng","45007","10000000003985","Ikan Dori Ekonomis","","Frozen","60"
"98","MTG - Menteng","5540","8998002020428","Seafoodking Vegetable Fish Cake Premium","","Frozen","30"
"98","MTG - Menteng","5756","8994046110026","My Roti Danish Bread Chocolate","L2-AMD-G5-T2-1","Fresh","2"
"98","MTG - Menteng","40933","8997016810261","Monggo Strawberry Dark Chocolate 58% of Cocoa Bar","","Fresh","30"
"98","MTG - Menteng","23665","138806","Ikan Tongkol Utuh Astro Farm","L1-FRZ-CF7-T1-K7-1","Frozen","60"
"98","MTG - Menteng","26265","8994046030010","My Roti Sobek Jepang Coklat","","Fresh","2"
"98","MTG - Menteng","44817","10000000003862","Timun Jepang Kyuri Astro Farm","L1-CHL-DC7-T5-6","Fresh","1"
"98","MTG - Menteng","5804","194205","Daun Pisang Astro Farm","L1-CHL-DC6-T2-5","Fresh","1"
"98","MTG - Menteng","29573","659286","Jeruk Mandarin Shantang Birma Seedless Astro Farm","","Fresh","1"
"98","MTG - Menteng","1859","8801104900010","Binggrae Power Cap Semangka Ice Tube","","Frozen","90"
"98","MTG - Menteng","25527","477757","Shoyu Ramen Astro Goods x Baba Ramen","","Fresh","15"
"98","MTG - Menteng","31344","544122","Dried Rosemary Leaves Astro Goods","L2-AMD-B9-T3-2","Fresh","90"
"98","MTG - Menteng","5939","307798","Dough Lab The Monster Cookies 1pcs","","Fresh","1"
"98","MTG - Menteng","4005","195540","Buy 1 Highland Tomato Cherry Truss 250gr Free 1 Tomato Cherry Truss 250gr","","Fresh","1"
"98","MTG - Menteng","6238","363741","Labu Butternut Astro Farm","","Fresh","1"
"98","MTG - Menteng","36689","410821","Brooklyn Pecan Pie by Gotham Treats","","Fresh","1"
"98","MTG - Menteng","22378","972942","Apel Royal Gala Astro Farm 3-4 pcs","L1-CHL-DC9-T2-6","Fresh","1"
"98","MTG - Menteng","26276","848562","Pork Moksal","","Frozen","90"
"98","MTG - Menteng","36886","861613","Daging Sate Kambing Import","","Frozen","90"
"98","MTG - Menteng","36442","598137","Ubi Cilembu Astro Farm","","Fresh","1"
"98","MTG - Menteng","5905","406531","Pear Forelle Australia - Astro Farm","","Fresh","1"
"98","MTG - Menteng","6846","8994023000029","Meg Cheddar Keju Blok","","Fresh","45"
"98","MTG - Menteng","45713","10000000004162","Mixed Berries Frozen IQF","L1-FRZ-CF8-T1-K7-3","Frozen","60"
"98","MTG - Menteng","22948","443374","Jeruk Mandarin Afourer Seedless Astro Farm 3-7 pcs","BAD INBOUND","Fresh","1"
"98","MTG - Menteng","41952","106391","Paha Kulit Babi Potong Dadu","L1-FRZ-CF13-T1-K8-5","Frozen","90"
"98","MTG - Menteng","21054","8998866820578","Glico Wings Haku Es Krim Tokyo Cheese Delight","","Frozen","0"
"98","MTG - Menteng","9239","158187","Puyo Silky Chocolate","","Fresh","1"
"98","MTG - Menteng","45710","10000000004157","Strawberry Frozen IQF","L1-FRZ-CF8-T2-K7-2","Frozen","60"
"98","MTG - Menteng","242","386489","Sawi Putih Astro Farm","L1-CHL-DC7-T1-2","Fresh","2"
"98","MTG - Menteng","40962","8999999607371","Walls Magnum Cafe Au Lait","","Frozen","45"
"98","MTG - Menteng","32437","8999898967958","Biokul Mango Yogurt Drink","","Fresh","7"
"98","MTG - Menteng","2079","80768258","Kinder Joy Chocolate For Girls","","Fresh","45"
"98","MTG - Menteng","31882","606593","Iga Gondrong Sapi Import","L1-FRZ-CF12-T1-K6-1","Frozen","90"
"98","MTG - Menteng","50476","10000000005379","Smoked Chicken Breast Astro Farm","L1-FRZ-CF4-T2-K3-7","Frozen","60"
"98","MTG - Menteng","37657","747209","Daging Slice Meltique Import","","Frozen","90"
"98","MTG - Menteng","43691","10000000000341","SRT Kulit Tahu Kuning 12cm x 12cm","","Frozen","45"
"98","MTG - Menteng","6387","270750","Paket Masak Udang Telor Asin","","Fresh","1"
"98","MTG - Menteng","32265","2100000380572","Mamita Mambucha Artisan Tea Kombucha Butterfly Pea Lemonade","","Fresh","10"
"98","MTG - Menteng","48265","8721274641325","Wall's Calippo Pokemon Peach Mango Ice Cream","","Frozen","60"
"98","MTG - Menteng","38737","689078","Bawang Bombay Ekonomis Astro Farm","","Fresh","1"
"98","MTG - Menteng","652","9415007043058","Anchor Salted Butter Minidish 7gr x 10 pcs","","Fresh","45"
"98","MTG - Menteng","50416","8721274611786","Wall's Cookies Cream & Strawberry Cheese Ice Cream","L1-FRZ-CF6-T1-K2-2","Frozen","90"
"98","MTG - Menteng","41342","679793","Kapri Manis Astro Farm","L1-CHL-DC12-T1-5","Fresh","1"
"98","MTG - Menteng","5599","432907","Anggur Adora Seedless Astro Farm","L1-CHL-DC8-T2-2","Fresh","1"
"98","MTG - Menteng","43797","8991004051834","Manalagi Tahu Pong Goreng","","Fresh","2"
"98","MTG - Menteng","46908","8993110004186","So Good Crispy Chicken Stick","","Frozen","45"
"98","MTG - Menteng","7158","708146","Ayam Parting 6-7 Frozen CP","","Frozen","75"
"98","MTG - Menteng","8059","153560","Boneless Short Rib Choice (Karubi Choice) US","","Frozen","90"
"98","MTG - Menteng","50735","8994450020065","Filetto Pangasius Fillets Frozen","L1-FRZ-CF7-T1-K4-2","Frozen","90"
"98","MTG - Menteng","49724","8995209802369","Etira Breaded Mushroom Hot and Spicy","L1-FRZ-CF8-T2-K3-6","Frozen","180"
"98","MTG - Menteng","5017","876825","Kolang Kaling - Astro Farm","","Fresh","1"
"98","MTG - Menteng","8964","856840","[Promo] Meg Process Cream Cheese 500gr","","Fresh","45"
"98","MTG - Menteng","44931","10000000003958","Kembang Kol Potong Astro Farm","L1-CHL-DC12-T1-3","Fresh","1"
"98","MTG - Menteng","49854","10000000005015","BARK Beef Stew Makanan Anjing Basah","","Frozen","30"
"98","MTG - Menteng","40931","8997016810858","Monggo Matcha White Chocolate 33% of Cocoa Tablet","L1-CHL-DC2-T2-16","Fresh","90"
"98","MTG - Menteng","37009","458068","Bawang Merah Kupas Astro Farm","","Fresh","2"
"98","MTG - Menteng","32631","10151605","Kin Raw Dog Food Rabbit, Celery & Blackberries Makanan Anjing","","Fresh","45"
"98","MTG - Menteng","5673","5760466738088","Arla Cheese Spread","L1-CHL-DC18-T4-14","Fresh","45"
"98","MTG - Menteng","51317","10000000005481","Bunga Bawang Astro Farm","DC-BADSTOCK-38","Fresh","1"
"98","MTG - Menteng","36795","9557240433200","Seafoodking Sandwich Tofu","","Frozen","30"
"98","MTG - Menteng","44926","10000000003953","Sawi Putih Ekonomis Astro Farm","","Fresh","1"
"98","MTG - Menteng","43440","10000000000297","Selada Romaine Organik","L1-CHL-DC3-T3-3","Fresh","1"
"98","MTG - Menteng","44655","10000000003749","Temulawak Astro Farm","","Fresh","1"
"98","MTG - Menteng","2966","8993492101107","Golden Farm French Fries Shoestring","","Frozen","45"
"98","MTG - Menteng","23601","8993036114006","Kong Kee Tahu Rasa Udang 140gram","","Fresh","2"
"98","MTG - Menteng","3125","966088","Jamur Shimeji Coklat","","Fresh","1"
"98","MTG - Menteng","14264","8993200668243","Kanzler Singles Gochujang Ready to Eat Sausages","L1-CHL-DC2-T2-25","Frozen","30"
"98","MTG - Menteng","22948","443374","Jeruk Mandarin Afourer Seedless Astro Farm 3-7 pcs","L1-CHL-DC11-T4-1","Fresh","1"
"98","MTG - Menteng","5578","359495","Daun Pandan Astro Farm","L1-CHL-DC6-T1-1","Fresh","1"
"98","MTG - Menteng","14898","8995152001802","Merbabu Gula Merah","L2-AMD-C11-T4-1","Fresh","120"
"98","MTG - Menteng","43867","10000000000645","Udang Kupas Size L Wild Caught","","Frozen","90"
"98","MTG - Menteng","34126","725731","Moon Cake Jambu Biji Ang Hap Siang","","Fresh","12"
"98","MTG - Menteng","43686","8997228750102","Pick Me Telur Ayam Kampung Merah Omega","","Fresh","9"
"98","MTG - Menteng","213","354871","Pear Century Astro Farm 3-5 pcs","L1-CHL-DC9-T4-1","Fresh","1"
"98","MTG - Menteng","21594","8999999589912","Walls Paddle Pop Twister Magic","","Frozen","45"
"98","MTG - Menteng","32400","238959","Apel Red Del Astro Farm 2pcs","","Fresh","1"
"98","MTG - Menteng","50983","8938508547562","Bibigo Sliced Cabbage Kimchi","","Fresh","30"
"98","MTG - Menteng","31488","366828","Bumi Tempe Non GMO Mix Chia Seeds","","Fresh","2"
"98","MTG - Menteng","44791","10000000003866","Kentang Rendang Astro Farm","BAD INBOUND","Fresh","1"
"98","MTG - Menteng","46198","10000000004412","Ubi Cilembu Organik","","Fresh","1"
"98","MTG - Menteng","22101","598799","Kerang Dara Utuh Besar Astro Farm","","Frozen","75"
"98","MTG - Menteng","22749","921955","Ketumbar Bubuk Halus Astro Basics","","Fresh","90"
"98","MTG - Menteng","6262","8997220410530","Kin Fresh Milk Japanese Strawberry 950ml","","Fresh","7"
"98","MTG - Menteng","30710","8991646000092","Rejuve Cold Pressed Juice Beat That","L1-CHL-DC18-T4-10","Fresh","2"
"98","MTG - Menteng","40936","8997016811107","Monggo Matcha Speculaas White Chocolate 33% of Cocoa Bar","L1-CHL-DC2-T1-47","Fresh","30"
"98","MTG - Menteng","30728","999436","Cashew Choco Buzz Blend Astro Goods","","Fresh","60"
"98","MTG - Menteng","36416","8997014450759","Prochiz Premium Cheddar Cheese","","Fresh","45"
"98","MTG - Menteng","3865","641476","Acaii Tea Chlorophyll Green","","Fresh","3"
"98","MTG - Menteng","41432","115570","Bumbu Sendok Bawang Merah Iris dalam Minyak","L1-FRZ-CF8-T2-K8-5","Fresh","21"
"98","MTG - Menteng","5052","76840002542","Ben & Jerry's Netflix & Chill'd Ice Cream","","Frozen","60"
"98","MTG - Menteng","41046","3608580765080","Bonne Maman Raspberry Preserve Jam","","Fresh","75"
"98","MTG - Menteng","43570","10000000000419","Kangkung Organik","BAD INBOUND","Fresh","1"
"98","MTG - Menteng","46193","10000000004405","Lafresa Strawberry Baby","","Fresh","1"
"98","MTG - Menteng","7266","101655","Lettuce Head Astro Farm","L1-CHL-DC7-T3-2","Fresh","2"
"98","MTG - Menteng","46200","10000000004416","Jeruk Limau Organik Astro Farm","","Fresh","1"
"98","MTG - Menteng","37650","383779","Singkong Astro Farm","","Fresh","1"
"98","MTG - Menteng","22741","584947","Paprika Bubuk Astro Basics","","Fresh","90"
"98","MTG - Menteng","41044","3608580765103","Bonne Maman Blueberry Preserve Jam","","Fresh","75"
"98","MTG - Menteng","44663","10000000003807","Sayap Ayam Middle Wings HOT Oke Chicken","","Frozen","90"
"98","MTG - Menteng","5067","462708","Ikan Kembung Banjar Astro Farm","L1-FRZ-CF3-T1-K7-1","Frozen","60"
"98","MTG - Menteng","27844","8997228750171","Pick Me Telur Bebek Mentah","","Fresh","7"
"98","MTG - Menteng","30561","996062","Ikan Patin Utuh Bersih 500-600gram","","Frozen","60"
"98","MTG - Menteng","4325","219615","Astro Goods Puree Jambu Merah","","Frozen","1"
"98","MTG - Menteng","23459","795187","Ikan Cakalang Utuh Astro Farm","","Frozen","60"
"98","MTG - Menteng","5764","874193","Anggur Sweet Sapphire Astro Farm","","Fresh","2"
"98","MTG - Menteng","33789","3451790562631","Elle & Vire Unsalted Butter Spread & Cook 60% Fat","L1-CHL-DC17-T3-12","Fresh","30"
"98","MTG - Menteng","9278","189049","Latteria Choco Mint Gelato x Astro Goods","","Frozen","30"
"98","MTG - Menteng","44328","10000000003622","Brokoli Frozen Import","L1-FRZ-CF11-T2-K6-4","Frozen","60"
"98","MTG - Menteng","32649","8995209800730","Etira Jamur Champignon Whole","L1-CHL-DC15-T5-4","Fresh","120"
"98","MTG - Menteng","42","8992907952136","Sari Roti Tawar Kupas","","Fresh","2"
"98","MTG - Menteng","37007","586053","Bawang Putih Astro Farm","","Fresh","2"
"98","MTG - Menteng","3770","499319","Kokonat Pure Coconut Water","","Fresh","3"
"98","MTG - Menteng","47000","8906078783000","Hyfun French Fries Shoestring","L1-FRZ-CF11-T2-K7-5","Frozen","45"
"98","MTG - Menteng","50361","10000000005346","The Good Harvest Sawi Hijau Hidroponik","","Fresh","1"
"98","MTG - Menteng","1935","263837","Pear Xiang Lie Astro Farm 3-4 pcs","","Fresh","1"
"98","MTG - Menteng","6111","607415","Cumi Sero Astro Farm","L1-FRZ-CF3-T1-K3-2","Frozen","60"
"98","MTG - Menteng","552","715237","Baby Buncis Astro Farm","L1-CHL-DC12-T4-4","Fresh","1"
"98","MTG - Menteng","45967","10000000004111","Ayam Sambal Matah Astro Goods","","Frozen","15"
"98","MTG - Menteng","40606","609146","Furou Mango Frozen IQF","L1-FRZ-CF8-T1-K7-5","Frozen","60"
"98","MTG - Menteng","37010","745698","Bawang Putih Kupas Astro Farm","BADFRESH-1","Fresh","2"
"98","MTG - Menteng","34415","8997023078678","Rious Gold Cake Mini Choco Cheese","L1-FRZ-CF8-T2-K7-7","Frozen","45"
"98","MTG - Menteng","45377","10000000004091","Buncis Ekonomis Astro Farm","L1-CHL-DC12-T3-6","Fresh","1"
"98","MTG - Menteng","25158","737252","Nanas Honi Baby Astro Farm 500-900 gram","BADFRESH-1","Fresh","1"
"98","MTG - Menteng","32709","8993200664979","Cimory Yogurt Drink Original Low Fat","","Fresh","35"
"98","MTG - Menteng","51040","10000000005479","Fruitist Blueberry Jumbo","","Fresh","1"
"98","MTG - Menteng","43894","10000000000620","Rustic Baguette Astro Goods x BRAUD","","Fresh","2"
"98","MTG - Menteng","277","428134","Tomat Cherry - Astro Farm","","Fresh","1"
"98","MTG - Menteng","5606","894367","Patin Bumbu Kuning Isi 3 Ekor 400-500gram","","Frozen","75"
"98","MTG - Menteng","2557","162785","Sawi Putih Astro Farm","L1-CHL-DC7-T1-8","Fresh","1"
"98","MTG - Menteng","26477","8993374321852","Fiesta Seafood Shumai Shrimp","","Frozen","45"
"98","MTG - Menteng","48555","8994450020058","Filetto Pangasius Frozen Glazing 20% 350gram","L1-FRZ-CF3-T1-K7-3","Frozen","90"
"98","MTG - Menteng","51482","10000000005593","MISO Cooked Minced Lamb Recipe Makanan Anjing Basah","L1-CHL-DC-TRANSIT","Frozen","21"
"98","MTG - Menteng","32723","8999898301011","Diamond Fresh Milk Non Fat","L1-CHL-DC1-T5-9","Fresh","5"
"98","MTG - Menteng","3782","325329","Grumpy Kitchen Truffle Chicken Mushroom (Frozen) 110gr","","Fresh","1"
"98","MTG - Menteng","46190","10000000004401","Lettuce Head Organik","L1-CHL-DC7-T3-6","Fresh","1"
"98","MTG - Menteng","3628","984510","Pakcoy Konvensional Astro Farm","L1-CHL-DC3-T5-1","Fresh","1"
"98","MTG - Menteng","363","304195","Apel Envy NZ - Astro Farm","","Fresh","1"
"98","MTG - Menteng","44672","10000000003785","Paha Ayam Fillet Marinasi BBQ Oke Chicken","L1-FRZ-CF5-T2-K3-2","Frozen","90"
"98","MTG - Menteng","43111","10000000000144","Daun Jeruk Astro Farm","L1-CHL-DC5-T1-3","Fresh","1"
"98","MTG - Menteng","21014","8994046110101","My Roti Pie Cheese","","Fresh","2"
"98","MTG - Menteng","33204","8997014357386","Cedea Chikuwa","","Frozen","30"
"98","MTG - Menteng","22854","427620","Daun Bawang Astro Farm","","Fresh","1"
"98","MTG - Menteng","40928","8997016811404","Monggo Salty Caramel Dark Chocolate 69% of Cocoa Bar","","Fresh","30"
"98","MTG - Menteng","5677","186254","Esperto Coffee Matcha","","Fresh","75"
"98","MTG - Menteng","47091","10000000004574","Kelapa Muda Diamond Astro Farm","BAD INBOUND","Fresh","1"
"98","MTG - Menteng","5104","8997226411326","Emina Stick Pizza Cheese isi 2pcs","","Fresh","60"
"98","MTG - Menteng","317","462660","Timun Fresh Astro Farm","BADFRESH-1","Fresh","1"
"98","MTG - Menteng","28233","8995229804138","Belfoods Royal Cheese Frankfurter Sausages","L1-FRZ-CF1-T2-K1-1","Frozen","45"
"98","MTG - Menteng","5360","8994130899868","Belfoods Royal Gangnam Chicken","","Frozen","60"
"98","MTG - Menteng","45955","10000000004299","Apel Fuji Wangshan Premium Astro Farm 1 pcs","DC-BADSTOCK-38","Fresh","1"
"98","MTG - Menteng","5674","5711953091940","Arla Mozzarella Shredded Cheese","L1-CHL-DC17-T4-6","Fresh","45"
"98","MTG - Menteng","50768","10000000005456","Pindang Cakalang","","Frozen","60"
"98","MTG - Menteng","31111","8992854000119","Sunfresh Premium Orange Juice Unsweetened","","Fresh","15"
"98","MTG - Menteng","32","3444009","Reeses Peanut Butter Cups","","Fresh","60"
"98","MTG - Menteng","47951","10000000004783","KC Original Smoked Duck","","Frozen","60"
"98","MTG - Menteng","2027","7622300270919","Kraft Quick Melt Mozza Cheese","","Fresh","36"
"98","MTG - Menteng","5120","247369","Astro Baristas Mango Tango","","Fresh","1"
"98","MTG - Menteng","2279","9555573001301","Everbest Ring Roll Vegetarian Kembang Tahu Hotpot","L1-FRZ-CF4-T1-K4-3","Frozen","45"
"98","MTG - Menteng","31252","8992907952327","Sari Roti Sandwich Coklat","BADFRESH-1","Fresh","2"
"98","MTG - Menteng","33100","8997014356136","Cedea Tahu Bakso Seafood","L1-FRZ-CF8-T2-K4-3","Frozen","30"
"98","MTG - Menteng","42374","491197","Ikan Tuna Bluefin Toro Saltic Portion","","Frozen","45"
"98","MTG - Menteng","22101","598799","Kerang Dara Utuh Besar Astro Farm","L1-FRZ-CF7-T2-K4-3","Frozen","75"
"98","MTG - Menteng","4477","123352","Avocado Coffee Gelato by Luceria 120gr","","Frozen","45"
"98","MTG - Menteng","42220","828533","Quah Bumbu Kuah Kaldu Ayam Kampung Cair","L1-FRZ-CF8-T2-K1-4","Fresh","45"
"98","MTG - Menteng","42365","132066","Furou Pineapple Frozen IQF","L1-FRZ-CF8-T2-K7-3","Frozen","60"
"98","MTG - Menteng","23465","8997205611587","Sunrise Red Tomato","","Fresh","2"
"98","MTG - Menteng","26222","127051","Kulit Ayam Premium BestChicken 450-550gram","","Frozen","45"
"98","MTG - Menteng","45442","10000000004132","Pear Singo Wangshan 1 pcs","","Fresh","1"
"98","MTG - Menteng","47788","10000000004777","Sunpride Apel Fuji Gift Box","","Fresh","1"
"98","MTG - Menteng","22100","367601","Kerang Kepa Utuh Astro Farm","","Frozen","75"
"98","MTG - Menteng","41651","242544","Matcha Dream Gelato Astro Goods x Oma Elly","","Frozen","7"
"98","MTG - Menteng","51077","8994046030027","My Roti Sobek Cokelat Keju","","Fresh","4"
"98","MTG - Menteng","33315","8993351120621","Greenfields Plain Yogurt","L1-CHL-DC20-T2-1","Fresh","7"
"98","MTG - Menteng","119","12422034","Sibas Ikan Tenggiri Steak Cut 400-500gram","","Frozen","75"
"98","MTG - Menteng","45455","10000000004105","Sambal Bajak Astro Goods","L1-CHL-DC14-T2-9","Fresh","10"
"98","MTG - Menteng","36887","286229","Pork Belly Daging Slice","L1-FRZ-CF13-T1-K6-3","Frozen","90"
"98","MTG - Menteng","46189","10000000004400","Kacang Merah Organik","","Fresh","1"
"98","MTG - Menteng","27263","696639","Premium Kani Mayo Onigiri","","Fresh","1"
"98","MTG - Menteng","31116","8992854000218","Sunfresh Premium Apple Juice","L1-CHL-DC22-T1-3","Fresh","15"
"98","MTG - Menteng","1658","9415007301585","Anchor Unsalted Butter","","Fresh","15"
"98","MTG - Menteng","6494","8994023000364","Meg Process Cream Cheese","","Fresh","45"
"98","MTG - Menteng","43696","10000000000346","SRT Kulit Dimsum Siomay Kuning 8cm","","Frozen","45"
"98","MTG - Menteng","31273","8993492102715","Perfetto Mozzarella Cheese","L1-CHL-DC18-T1-10","Fresh","21"
"98","MTG - Menteng","4915","122843","Viennetta Hampers Sultan Ramadhan - Es Krim Wall's","","Frozen","45"
"98","MTG - Menteng","40969","8997018651275","ILgusto Sosis Bratwurst Blackpepper 5pcs","","Frozen","45"
"98","MTG - Menteng","47335","10000000004587","Resep Roemah Bumbu Kuah Instant Anak Semur Ayam","","Frozen","30"
"98","MTG - Menteng","25272","859913","Manggis Lokal Astro Farm 4-6 pcs","L1-AMF-RF9-T5-4","Fresh","1"
"98","MTG - Menteng","3470","8993200345717","Kanzler Singles Hot Ready to Eat Sausages","","Frozen","30"
"98","MTG - Menteng","2172","978499","Oma Elly Frozen Small Mac n Cheese 7cm x 12cm","","Fresh","7"
"98","MTG - Menteng","6063","366683","Daging Ayam Giling Astro Farm","","Frozen","75"
"98","MTG - Menteng","646","807866","Wortel Berastagi Astro Farm","L1-CHL-DC13-T1-3","Fresh","1"
"98","MTG - Menteng","48257","8990114000008","Campina Korean Shine Muscat","BAD INBOUND","Frozen","300"
"98","MTG - Menteng","43656","10000000000494","Jagung Manis Organik","","Fresh","1"
"98","MTG - Menteng","4618","9415262905870","Anchor Culinary Cooking Cream UHT","","Fresh","60"
"98","MTG - Menteng","45962","10000000004106","Ayam Kungpao Astro Goods","","Frozen","15"
"98","MTG - Menteng","3688","7499221123132","Heavenly Blush Yoguruto Strawberry Yogurt Drink","L1-CHL-DC19-T3-10","Fresh","45"
"98","MTG - Menteng","36740","317697","Leunca Astro Farm","","Fresh","1"
"98","MTG - Menteng","50417","8721274611779","Wall's Cookies Cream & Strawberry Cheese Ice Cream","L1-FRZ-CF6-T1-K1-4","Frozen","90"
"98","MTG - Menteng","24231","2579610010009","BakedIDFood Soft Cookie Choco Chips Frozen","L1-CHL-DC2-T2-14","Fresh","45"
"98","MTG - Menteng","4342","597936","Ubi Cilembu Astro Farm","","Fresh","1"
"98","MTG - Menteng","2966","8993492101107","Golden Farm French Fries Shoestring","L1-FRZ-CF11-T2-K6-1","Frozen","45"
"98","MTG - Menteng","9644","267022","Promo - Emina Stick Pizza Cheese 2s","","Fresh","0"
"98","MTG - Menteng","5831","144377","Ikan Tenggiri Giling","L1-FRZ-CF3-T2-K4-4","Frozen","60"
"98","MTG - Menteng","34773","8997210983624","My Chef Smiley Cut French Fries","","Frozen","30"
"98","MTG - Menteng","8982","80135906","Ferrero Rocher Chocolate T5","","Fresh","45"
"98","MTG - Menteng","44672","10000000003785","Paha Ayam Fillet Marinasi BBQ Oke Chicken","","Frozen","90"
"98","MTG - Menteng","32634","10148950","KIN Beef Mix Cooked Makanan Anjing Basah","L1-FRZ-CF13-T2-K1-3","Fresh","45"
"98","MTG - Menteng","50003","10000000005216","Cabe Hijau Rawit Tanpa Tangkai Astro Farm 100 gram","L1-CHL-DC5-T4-7","Fresh","1"
"98","MTG - Menteng","8002","535079","Latteria x Astro - Ferrero Choco Gelato 90 ml","","Frozen","21"
"98","MTG - Menteng","49411","8993492000110","Perfetto Shredded Mozzarella Cheese","L1-CHL-DC17-T1-9","Fresh","45"
"98","MTG - Menteng","30535","8991728000712","Joyday Neapolitan 3in1 Flavors","L1-FRZ-CF6-T1-K2-3","Frozen","90"
"98","MTG - Menteng","32105","8999999559601","Wall's Paddle Pop Ice Cream Minion Cup - Es Krim Walls","","Frozen","75"
"98","MTG - Menteng","44927","10000000003954","Lettuce Head Ekonomis Astro Farm","L1-CHL-DC7-T2-4","Fresh","2"
"98","MTG - Menteng","480","633758","Apel Fuji Astro Farm 5-6 pcs","BAD INBOUND","Fresh","1"
"98","MTG - Menteng","43229","10000000000186","Paha Ayam Bawah Negeri Organik Probiotik Astro Farm","","Frozen","75"
"98","MTG - Menteng","51163","8997207636236","JavaSea Scallop Daging (30 IC) Mixed","L1-FRZ-CF7-T2-K3-5","Frozen","60"
"98","MTG - Menteng","43738","10000000000525","Mangga Indramayu Astro Farm 2-3 pcs","","Fresh","1"
"98","MTG - Menteng","42870","10000000000147","Roti Sobek Keju Astro Goods x Kiri Cheese","","Fresh","2"
"98","MTG - Menteng","34286","8991001111869","Silverqueen Chunky Orange Peel 85gram","","Fresh","30"
"98","MTG - Menteng","2536","8993406102503","Yummy Cream Cheese","","Fresh","35"
"98","MTG - Menteng","32268","2100000380626","Mamita Mambucha Artisan Tea Lavender Bottle","L1-CHL-DC22-T2-11","Fresh","10"
"98","MTG - Menteng","23153","241040","[Frozen] Butter Croissant 70-75 gr","","Fresh","2"
"98","MTG - Menteng","44664","10000000003804","Ayam Parting 8 Bumbu Kuning Oke Chicken","L1-FRZ-CF5-T2-K6-3","Frozen","90"
"98","MTG - Menteng","26264","8994046010128","My Roti Tawar Tabur Gula","","Fresh","2"
"98","MTG - Menteng","5529","9557240427209","SeafoodKing Chikuwa Fish Cake","","Frozen","45"
"98","MTG - Menteng","317","462660","Timun Fresh Astro Farm","","Fresh","1"
"98","MTG - Menteng","41339","579336","Daun Perilla/Wijen Astro Farm","L1-CHL-DC5-T1-7","Fresh","1"
"98","MTG - Menteng","42411","889768","Striploin Steak MB7 Tenji Meat","","Frozen","90"
"98","MTG - Menteng","29614","813257","Acaii Paket Hampers CNY 2024","","Fresh","2"
"98","MTG - Menteng","27764","226502","Apel Sekai Ichi Premium Size L - Astro Farm 250gr - 300gr/pcs","","Fresh","1"
"98","MTG - Menteng","44016","10000000000700","Acaii Tea x Hindsight Tangelo Drinks","","Fresh","2"
"98","MTG - Menteng","49853","10000000005014","BARK Pork Pasta Makanan Anjing Basah","L1-FRZ-CF13-T2-K3-10","Frozen","30"
"98","MTG - Menteng","6261","8997220410554","Kin Fresh Milk Thai Tea","","Fresh","7"
"98","MTG - Menteng","48966","10000000004996","Anggur Sweet Globe","","Fresh","1"
"98","MTG - Menteng","30711","8991646000061","Rejuve Cold Pressed Juice Green Glory","L1-CHL-DC18-T4-6","Fresh","2"
"98","MTG - Menteng","3894","637227","Wortel Stick","","Fresh","2"
"98","MTG - Menteng","4520","169358","GIOI Satay Lilit 500gr","","Fresh","30"
"98","MTG - Menteng","8058","567743","Boneless Short Rib Prime (Karubi Prime) US","","Frozen","90"
"98","MTG - Menteng","45462","10000000004101","Tempe Orek Astro Goods","L2-AMD-C9-T3-1","Fresh","5"
"98","MTG - Menteng","49571","8994462370028","EatSambel Sambal Ireng 15gr x 12 sachets","L2-AMD-C14-T1-7","Fresh","40"
"98","MTG - Menteng","44932","10000000003959","Timun Organik Astro Farm","L1-CHL-DC7-T4-1","Fresh","1"
"98","MTG - Menteng","449","8995229804145","Belfoods Sosis Ayam 6pcs","L1-FRZ-CF4-T2-K8-2","Frozen","45"
"98","MTG - Menteng","26911","8997033430008","Shinshuichi Enachan Miso Tauco Putih Khas Jepang","","Fresh","90"
"98","MTG - Menteng","46033","10000000004245","Rossa Farm Telur Ayam Immune Booster","","Fresh","7"
"98","MTG - Menteng","46204","8997022060414","Il Gelato Froyo Yoghurt Strawberry Banana 100 gram","L1-FRZ-CF6-T2-K6-8","Frozen","75"
"98","MTG - Menteng","630","794101","Jeruk Nipis Astro Farm 5-7 pcs","BADFRESH-1","Fresh","1"
"98","MTG - Menteng","36438","437664","Cabe Merah Keriting Astro Farm","BAD INBOUND","Fresh","1"
"98","MTG - Menteng","2532","8993071010110","Belfoods Royal Chicken Nugget","L1-FRZ-CF1-T2-K8-3","Frozen","45"
"98","MTG - Menteng","5804","194205","Daun Pisang Astro Farm","","Fresh","1"
"98","MTG - Menteng","44014","10000000000674","Ceker Ayam Tanpa Tulang Astro Farm","L1-FRZ-CF2-T2-K1-4","Frozen","60"
"98","MTG - Menteng","1631","8999999536527","Magnum Mini Mix Ice Cream 45ml x 6 pcs","","Frozen","90"
"98","MTG - Menteng","46190","10000000004401","Lettuce Head Organik","BAD INBOUND","Fresh","1"
"98","MTG - Menteng","6626","842399","Semangka Inul Kuning - Astro Farm","","Fresh","1"
"98","MTG - Menteng","4483","8999898309024","Jungle Juice Orange","L1-CHL-DC22-T1-11","Fresh","60"
"98","MTG - Menteng","32638","876740","Kin Dog Food Goat Milk/Makanan Anjing","","Fresh","30"
"98","MTG - Menteng","47195","10000000004225","Sapi Iris Limau Astro Goods","","Frozen","15"
"98","MTG - Menteng","31925","7499221194194","Heavenly Blush Greek Yogurt Lychee","L1-CHL-DC19-T2-3","Fresh","12"
"98","MTG - Menteng","44328","10000000003622","Brokoli Frozen Import","","Frozen","60"
"98","MTG - Menteng","9176","6907992823584","Joyday Mulberry Red Velvet","","Frozen","90"
"98","MTG - Menteng","2082","8992907953270","Sari Roti Tawar Jumbo","BAD INBOUND","Fresh","2"
"98","MTG - Menteng","32637","745604479059","KIN Lamb Broth Dog Food Topper","","Fresh","45"
"98","MTG - Menteng","32212","77782680072","Johnsonville Beddar With Cheddar Smoked Sausage Pork","","Frozen","30"
"98","MTG - Menteng","29183","422608","Ikan Bawal Putih Bersih Astro Farm","","Frozen","60"
"98","MTG - Menteng","5746","8997207638322","Java Sea Ikan Bawal Putih","","Frozen","75"
"98","MTG - Menteng","31287","8997220410851","KIN Bugarian Slimberries Yogurt Drink","L1-CHL-DC19-T5-6","Fresh","75"
"98","MTG - Menteng","36794","8998002020626","Seafoodking Shrimp Wongko","","Frozen","30"
"98","MTG - Menteng","43261","10000000000260","Temukunci Astro Farm","","Fresh","1"
"98","MTG - Menteng","46034","10000000004246","Rossa Farm Telur Ayam Low Cholesterol","L1-AMD-A4-T2-3","Fresh","7"
"98","MTG - Menteng","32318","299678","Dada Boneless Organik Berkah Chicken","BADFRESH-1","Frozen","75"
"98","MTG - Menteng","5932","8997238580027","Deli & Co Double Choux Vanila Pastry","","Fresh","45"
"98","MTG - Menteng","48565","881002000633","Friday Creamery Mint Choco Breeze Mini","","Frozen","75"
"98","MTG - Menteng","33949","8993200669301","Cimory Bites Strawberry Mango Yogurt","L1-CHL-DC18-T5-8","Fresh","45"
"98","MTG - Menteng","9338","400154","Ayam Kampung Asli KaumFarm 700-800gr","","Frozen","7"
"98","MTG - Menteng","24088","318604","Daging Saikoro AUS - Astro Goods","","Frozen","7"
"98","MTG - Menteng","46941","9556001308757","Nestle Milo Kaw Stick","L1-FRZ-CF6-T2-K3-6","Frozen","45"
"98","MTG - Menteng","50027","8721274611335","Wall's Magnum Pistachio Ice Cream","L1-FRZ-CF6-T2-K2-5","Frozen","150"
"98","MTG - Menteng","44656","10000000003762","Semangka Merah Astro Farm 1 pcs","","Fresh","1"
"98","MTG - Menteng","391","533455","Jahe Putih Astro Farm","","Fresh","1"
"98","MTG - Menteng","4481","8999898561033","Jungle Juice Guava","","Fresh","60"
"98","MTG - Menteng","50332","10000000005241","Tuna Saku Fillet","","Frozen","75"
"98","MTG - Menteng","40960","8991649001164","Benfarm Honey Chicken Wings","L1-FRZ-CF1-T1-K1-2","Frozen","45"
"98","MTG - Menteng","3658","9556001232151","Nestle Milo Ice Cream Stick Multipack 6x60ml","","Frozen","45"
"98","MTG - Menteng","5918","111622","Heirloom Airo's Mello Biscoff 200gr","","Fresh","7"
"98","MTG - Menteng","4922","558971","NoPre Mama's Kimchi Sawi","","Fresh","28"
"98","MTG - Menteng","6997","700443","Anggur Crimson Less Seed Astro Farm","BAD INBOUND","Fresh","1"
"98","MTG - Menteng","2565","8997212940014","Ayyomi Telor Omega 3 Eggs/Telur","","Fresh","7"
"98","MTG - Menteng","7613","375245","Balado Sauce - Astro Goods","","Fresh","30"
"98","MTG - Menteng","50870","8997207520450","El Primo Chicken Garlic Sausage","L1-FRZ-CF4-T2-K7-8","Frozen","90"
"98","MTG - Menteng","4605","477994","My Sister Bakes Brioche Braids Dark Choco Seasalt 75gr","","Fresh","1"
"98","MTG - Menteng","75","188841","INVALID - Baby Pakchoy 250gr","","Fresh","1"
"98","MTG - Menteng","50146","10000000005228","Ikan Lele Bersih Utuh","L1-FRZ-CF7-T1-K3-2","Frozen","60"
"98","MTG - Menteng","8925","957057","Come-Xia Siu Mai","","Frozen","7"
"98","MTG - Menteng","48621","10000000004920","Timun Jepang Kyuri Organik","","Fresh","1"
"98","MTG - Menteng","4004","866443","Buy 1 Highland 50/50 Mesclun & Wild 100gr + Dressing Free 1 Mesclun 100gr","","Fresh","2"
"98","MTG - Menteng","45361","10000000003996","Kakap Fillet Skinless","L1-FRZ-CF3-T2-K5-4","Frozen","60"
"98","MTG - Menteng","49725","8993200000036","Kanzler Singles Sosis Tom Yum","L1-CHL-DC2-T2-20","Frozen","45"
"98","MTG - Menteng","475","632085","Kentang Astro Farm","","Fresh","1"
"98","MTG - Menteng","47515","8721274611281","Walls Avocado Brownie Ice Cream Tubs","L1-FRZ-CF6-T2-K1-2","Frozen","90"
"98","MTG - Menteng","22717","475266","Bebek Sambel Rica-Rica Astro Goods x Bebek Goreng Crispy Begok","","Fresh","45"
"98","MTG - Menteng","47236","8992704101539","Bumifood Quick Bites Odeng 60gram","","Frozen","100"
"98","MTG - Menteng","42031","456283","Wag & Whisk Gently Cooked Chicken All Life Stages Makanan Kucing Basah","L1-FRZ-CF13-T2-K5-2","Fresh","30"
"98","MTG - Menteng","908","3415581533187","Haagen-Dazs Belgian Ice Cream Chocolate Mini Cup","","Frozen","60"
"98","MTG - Menteng","46612","5740900804302","Lurpak Spreadable Slightly Salted Butter","L1-CHL-DC18-T3-12","Fresh","45"
"98","MTG - Menteng","27770","759301","Jeruk Clemen Gold  Astro Farm","","Fresh","1"
"98","MTG - Menteng","47241","8997015800423","Daily Fresh Mixed Vegetables 500gram","","Frozen","45"
"98","MTG - Menteng","6060","372220","Beef Saikoro Meltique Import","","Frozen","90"
"98","MTG - Menteng","45255","10000000004031","Rahsa Nusantara Sapujagad Alit Leci Vitamin Herbal Daya Tahan Tubuh Anak","","Fresh","30"
"98","MTG - Menteng","50770","3410700020012","Triple Three Foods Southern Style BBQ Pork Ribs","L1-FRZ-CF13-T1-K1-1","Frozen","90"
"98","MTG - Menteng","29212","210676","Pear Packham Astro Farm 2-3 pcs","DC-BADSTOCK-38","Fresh","1"
"98","MTG - Menteng","3363","179237","Oma Elly Gelato Mint to Be 460ml","","Frozen","7"
"98","MTG - Menteng","128","8992907952631","Sari Roti Tawar Double Soft","BAD INBOUND","Fresh","2"
"98","MTG - Menteng","5509","982505","Salak Pondoh Astro Farm 5-7 pcs","L1-CHL-DC23-T1-1","Fresh","1"
"98","MTG - Menteng","43801","10000000000604","Sawi Putih Organik","BAD INBOUND","Fresh","1"
"98","MTG - Menteng","5820","8997022464052","Kopitiam Thai Tea","","Fresh","75"
"98","MTG - Menteng","2028","7622210557858","Kraft All in One Cheddar Cheese","L1-CHL-DC17-T4-10","Fresh","45"
"98","MTG - Menteng","1931","183812","Kacang Panjang Astro Farm","BADFRESH-1","Fresh","1"
"98","MTG - Menteng","30709","8991646000030","Rejuve Cold Pressed Juice Asian Green","L1-CHL-DC18-T4-9","Fresh","2"
"98","MTG - Menteng","3895","822425","Kentang Stick","","Fresh","1"
"98","MTG - Menteng","48257","8990114000008","Campina Korean Shine Muscat","","Frozen","300"
"98","MTG - Menteng","35756","8993110000430","So Good Bakso Sapi Kuah","L1-FRZ-CF1-T2-K4-1","Frozen","30"
"98","MTG - Menteng","32431","8999898975748","Biokul To Go Plain Yogurt","L1-CHL-DC20-T4-6","Fresh","7"
"98","MTG - Menteng","35363","8991071682443","Green Rebel Truffle Cheeze Keju Nabati","L1-CHL-DC17-T4-15","Fresh","90"
"98","MTG - Menteng","51158","8994010020993","Hometown Artisan Dairy Creamy Yogurt Squeeze Honi Pineapple","L1-CHL-DC18-T5-13","Fresh","45"
"98","MTG - Menteng","644","807369","Pepaya California Jumbo Astro Farm","","Fresh","1"
"98","MTG - Menteng","5927","8997228750133","Pick Me Telur Puyuh Mentah","L1-AMD-A2-T2-4","Fresh","9"
"98","MTG - Menteng","8027","702034","Sukiyaki Collagen Broth Astro Goods","","Fresh","0"
"98","MTG - Menteng","45464","8995555118596","Kimbo Sosis Sapi Serbaguna Cocktail 27pcs","","Frozen","45"
"98","MTG - Menteng","47090","10000000004575","Kelapa Ijo Kupas Astro Farm","","Fresh","1"
"98","MTG - Menteng","23539","8994448900188","Chicken Thighs Fillet Marinade Red Hot Bitte Paha Ayam","L1-FRZ-CF8-T2-K6-7","Frozen","90"
"98","MTG - Menteng","746","910952","Beef Sirloin Steak","","Frozen","7"
"98","MTG - Menteng","47902","10000000004673","Pureeland Bumbu MPASI ⁠Gulai","","Frozen","30"
"98","MTG - Menteng","43437","10000000000301","Brokoli Organik","L1-CHL-DC12-T1-2","Fresh","1"
"98","MTG - Menteng","31955","392486","Kacang Edamame Astro Farm","L1-CHL-DC12-T4-6","Fresh","1"
"98","MTG - Menteng","6245","8998009790140","Campina Es Krim Potong Neapolitan","","Frozen","45"
"98","MTG - Menteng","2871","8993351129211","Greenfields Fresh Milk Low Fat","L1-CHL-DC1-T3-4","Fresh","7"
"98","MTG - Menteng","6563","8991001503664","Delfi Chic Choc Choco Mini","L1-CHL-DC2-T1-36","Fresh","90"
"98","MTG - Menteng","42315","337645","Santan Kelapa Murni Kental Frozen Astro Farm","L1-FRZ-CF8-T1-K3-4","Frozen","1"
"98","MTG - Menteng","33948","8993200669271","Cimory Bites Berry Blend Yogurt","","Fresh","45"
"98","MTG - Menteng","6240","837369","Labu Kabocha Orange Astro Farm","","Fresh","1"
"98","MTG - Menteng","3612","297148","Pakcoy Hydroponic Astro Farm","L1-CHL-DC3-T4-1","Fresh","1"
"98","MTG - Menteng","45723","10000000004220","Brokoli Potong Astro Farm","","Fresh","1"
"98","MTG - Menteng","51032","8721274612370","Walls Feast Pop Cookies and Cream Ice Cream 4x16ml","BAD INBOUND","Frozen","90"
"98","MTG - Menteng","4862","8992071055000","Fiesta Ds Spicy Wing","","Frozen","30"
"98","MTG - Menteng","35182","486820","Ayam Kampung Organik Probiotik+Jamu Regular Hona Farm","","Frozen","75"
"98","MTG - Menteng","30485","133684","Jeruk Lime Premium Astro Farm 2-3 pcs","","Fresh","1"
"98","MTG - Menteng","43427","10000000000242","Burger Bun A Basics 4pcs","","Fresh","2"
"98","MTG - Menteng","3777","344459","Roti Tania Nastar Wisman 450g","","Fresh","2"
"98","MTG - Menteng","297","449507","Daun Seledri Astro Farm","BAD INBOUND","Fresh","1"
"98","MTG - Menteng","23836","852734","Cherry - Astro Farm","","Fresh","1"
"98","MTG - Menteng","31256","8992907952549","Sari Kue Dorayaki Cokelat","L2-AMD-G5-T4-5","Fresh","2"
"98","MTG - Menteng","43090","8993492102722","Perfetto Mozzarella Cheese","","Fresh","45"
"98","MTG - Menteng","26837","712538","Bumbu Pecel Astro Goods","L1-CHL-DC14-T1-10","Fresh","7"
"98","MTG - Menteng","52079","3228022910023","President Unsalted Butter","L1-CHL-DC19-T1-9","Fresh","45"
"98","MTG - Menteng","2521","8991001112903","Silverqueen Green Tea Matcha","","Fresh","90"
"98","MTG - Menteng","43109","10000000000143","Cabe Merah Keriting Astro Farm","BAD INBOUND","Fresh","1"
"98","MTG - Menteng","3660","9556001287434","Nestle Kit Kat Gold Stick","","Frozen","45"
"98","MTG - Menteng","32614","10138026","Kin Raw Dog Food Wild Fish, Beef & Turkey Makanan Anjing","","Fresh","30"
"98","MTG - Menteng","26278","779556","Ikan Kuwe Bersih Astro Farm","L1-FRZ-CF7-T1-K2-3","Frozen","60"
"98","MTG - Menteng","23664","153398","Daging Sengkel Import Astro Farm","L1-FRZ-CF12-T1-K2-2","Frozen","90"
"98","MTG - Menteng","51577","10000000005552","Amazing Farm Pop Salad","L1-CHL-DC23-T3-1","Fresh","1"
"98","MTG - Menteng","6042","8997215311064","SHB Durian Monthong Palu Frozen Premium 1 pack","","Frozen","75"
"98","MTG - Menteng","41340","995958","Pisang Raja Buluh","BAD INBOUND","Fresh","1"
"98","MTG - Menteng","32827","8992220380005","Giggly Coco Fresh Young Coconut/Kelapa Muda","","Fresh","7"
"98","MTG - Menteng","45119","10000000004017","Tomat Cherry Hydroponic Big Fresh","","Fresh","1"
"98","MTG - Menteng","600","766333","Pisang Cavendish Astro Farm 2-4 pcs","BADFRESH-1","Fresh","1"
"98","MTG - Menteng","47504","10000000004491","Shabu Slices Grassfed MB2 Astro Farm Signature 250gram","","Frozen","90"
"98","MTG - Menteng","4938","8992907780012","Sari Roti Klasik Kasur Keju","","Fresh","2"
"98","MTG - Menteng","439","596577","Blueberry Premium Astro Farm","","Fresh","1"
"98","MTG - Menteng","6085","886324","[Bundle] Yakult Minuman Prebiotik isi 5pcs","","Fresh","7"
"98","MTG - Menteng","1891","8991001501011","Delfi Chic Choc","L1-CHL-DC2-T3-7","Fresh","90"
"98","MTG - Menteng","44673","10000000003783","Paha Ayam Fillet Marinasi Teriyaki Oke Chicken","","Frozen","90"
"98","MTG - Menteng","4282","611354","Astro X Furutu Orenji-Grape Sando 150gr","","Fresh","0"
"98","MTG - Menteng","43353","8991728000941","Joyday Tiramisu Ice Cream Sandwich","L1-FRZ-CF6-T2-K6-7","Frozen","130"
"98","MTG - Menteng","25530","340880","Dry Ramen Astro Goods x Baba Ramen","","Fresh","14"
"98","MTG - Menteng","4434","8998866820561","Glico Wings Frostbite Crunchy Double Choco","","Frozen","90"
"98","MTG - Menteng","3851","8994943000376","Highland Tomato Cherry Truss","","Fresh","2"
"98","MTG - Menteng","21771","8991788973025","Sakura Tahu Kotak Sutera Soft Biru","","Fresh","9"
"98","MTG - Menteng","4232","616963","IP Farm Jagung Hokkaido Tomorokoshi","","Fresh","1"
"98","MTG - Menteng","6057","745990","Daging Sapi Giling Import","L1-FRZ-CF11-T1-K2-1","Frozen","90"
"98","MTG - Menteng","36060","8993207240879","Fiesta Zoo Nugget","","Frozen","45"
"98","MTG - Menteng","6148","303503","Moon Cake Cokelat Keju Ang Hap Siang 1","","Fresh","7"
"98","MTG - Menteng","128","8992907952631","Sari Roti Tawar Double Soft","","Fresh","2"
"98","MTG - Menteng","33216","8997009741251","Sumber Selera Bakso Sapi Serbaguna Daging Sapi dan Ayam 25 pcs","","Frozen","30"
"98","MTG - Menteng","24121","900352","Dada Ayam Utuh Astro Farm","L1-FRZ-CF2-T1-K3-2","Frozen","60"
"98","MTG - Menteng","3740","8997017180134","Yun Yi Tahu Putih","BAD INBOUND","Fresh","2"
"98","MTG - Menteng","48273","8997236201450","Metzger Smoked Beef","L1-FRZ-CF3-T2-K3-2","Frozen","90"
"98","MTG - Menteng","32339","9916500103107","Bernardi Bakso Sapi Kasar 25pcs","L1-FRZ-CF4-T1-K6-2","Frozen","30"
"98","MTG - Menteng","46131","10000000004214","Ready to Blend Smoothies Mango Tango","","Frozen","60"
"98","MTG - Menteng","22871","477564","Melon Aiko Premium Size XL","","Fresh","1"
"98","MTG - Menteng","36481","252403","Apel Fuji Blush Premium Size L 2-3 pcs","","Fresh","1"
"98","MTG - Menteng","34318","460056","Dang Sweet Melon Marakaito 1 pcs","L1-AMF-RF9-T3-6","Fresh","1"
"98","MTG - Menteng","6506","723143","Ikan Gurame Bersih Utuh Astro Farm","","Frozen","60"
"98","MTG - Menteng","1331","8993200663064","Cimory Yogurt Drink Plain","L1-CHL-DC18-T2-8","Fresh","35"
"98","MTG - Menteng","49567","10000000004994","EatSambel Cakalang Rindu","L2-AMD-C14-T3-5","Fresh","2"
"98","MTG - Menteng","45254","10000000004030","Rahsa Nusantara Sapujagad Alit REGAS Obat Batuk Pilek","","Fresh","30"
"98","MTG - Menteng","43570","10000000000419","Kangkung Organik","","Fresh","1"
"98","MTG - Menteng","6704","8997227170734","YoyiC Orange Fermented Milk/Minuman Prebiotik","","Fresh","7"
"98","MTG - Menteng","21114","988716","Opor Ayam Kuah Merah Kafe Betawi x Astro Goods","","Fresh","14"
"98","MTG - Menteng","50110","8993207267647","Fiesta Cheesy Bombs","L1-FRZ-CF1-T2-K6-1","Frozen","60"
"98","MTG - Menteng","30405","8999898976806","Diamond Ice Cream Bubur Sum Sum/Es Krim","","Frozen","90"
"98","MTG - Menteng","6147","971569","Moon Cake Keju Ang Hap Siang 1","","Fresh","7"
"98","MTG - Menteng","6509","177813","Ikan Balita Nila Merah Astro Basics","","Frozen","75"
"98","MTG - Menteng","9242","897883","Puyo Silky Peach","","Fresh","1"
"98","MTG - Menteng","31400","229013","Sambal Matah Astro Goods","L1-CHL-DC14-T2-14","Fresh","15"
"98","MTG - Menteng","44020","10000000000704","Selada Keriting Hydroponic Astro Farm","","Fresh","1"
"98","MTG - Menteng","36793","8998002020640","Seafoodking Shrimp Siumay","","Frozen","30"
"98","MTG - Menteng","46776","10000000004482","Bumbu Masak Machmudah BMM Kare","RACK-BAD","Fresh","15"
"98","MTG - Menteng","30575","8994046010296","My Roti Daily Bread Roti Tawar","L2-AMD-G5-T1-2","Fresh","2"
"98","MTG - Menteng","4058","572248","Kencur Astro Farm","L1-AMF-RF8-T5-4","Fresh","1"
"98","MTG - Menteng","32185","9916500102100","Bernardi Bakso Sapi Besar 25pcs","","Frozen","90"
"98","MTG - Menteng","50720","8997002710025","King Food Rolade Sapi","L1-FRZ-CF4-T2-K8-3","Frozen","90"
"98","MTG - Menteng","50926","8885013132199","Aice Histeria Peach","L1-FRZ-CF10-T2-K3-5","Frozen","90"
"98","MTG - Menteng","41751","7622201762193","Cadbury Dairy Milk Oreo 60gr","L1-CHL-DC2-T1-24","Fresh","45"
"98","MTG - Menteng","33379","3415584126188","Haagen-Dasz Matcha Green Tea","","Frozen","60"
"98","MTG - Menteng","7661","8851932439336","Walls Feast Pop Vanilla & Caramel","","Frozen","90"
"98","MTG - Menteng","544","706750","Tomat Cherry Astro Farm","","Fresh","1"
"98","MTG - Menteng","43572","10000000000420","Kembang Kol Organik","L1-CHL-DC12-T2-5","Fresh","1"
"98","MTG - Menteng","25533","667408","Chicken Curry Astro Goods x Kyoto Kitchen","","Fresh","14"
"98","MTG - Menteng","43637","8992994000017","Yakult Rasa Mangga Minuman Prebiotik","","Fresh","7"
"98","MTG - Menteng","43796","10000000000601","Smoked Salmon Premium","","Frozen","60"
"98","MTG - Menteng","1936","747852","Mangga Alpukat Astro Farm 3-4 pcs","BADFRESH-1","Fresh","1"
"98","MTG - Menteng","6725","760237","Amazing Farm Baby Cos","","Fresh","1"
"98","MTG - Menteng","48495","10000000004859","Kurma Sukari Astro Farm","","Fresh","30"
"98","MTG - Menteng","39037","670593","Pet Meal Box Porkee Makanan Anjing Basah 500gram","L1-FRZ-CF13-T2-K8-5","Fresh","45"
"98","MTG - Menteng","45958","8993492101596","Edo Ebi Furai","L1-FRZ-CF8-T1-K2-6","Frozen","45"
"98","MTG - Menteng","42342","9421016151493","Westgold Unsalted Butter","L1-CHL-DC17-T3-10","Fresh","45"
"98","MTG - Menteng","6755","949572","Matoa Astro Farm","L1-CHL-DC8-T1-8","Fresh","1"
"98","MTG - Menteng","6493","8994023000692","Meg Keju Slice Melt 5 Slices/Keju","","Fresh","30"
"98","MTG - Menteng","712","869122","Sambal Khas Bu Rudy Sambal Bawang","","Fresh","15"
"98","MTG - Menteng","48034","8992907996307","Sari Roti Tawar Milky Soft Jumbo","L2-AMD-G4-T1-3","Fresh","2"
"98","MTG - Menteng","44970","10000000003977","Buah Naga Merah Ekonomis Astro Farm","L1-AMF-RF7-T3-2","Fresh","1"
"98","MTG - Menteng","42070","8992907141004","Sari Roti Tawar Choco Chips","L2-AMD-G4-T2-2","Fresh","2"
"98","MTG - Menteng","31255","8992907952334","Sari Roti Sandwich Krim Keju","L2-AMD-G5-T5-1","Fresh","2"
"98","MTG - Menteng","24801","8994456540086","Athien Otak - Otak Super","","Frozen","4"
"98","MTG - Menteng","44765","10000000003697","Inbolic Sugar-Free Spicy Mayonnaise with Olive Oil","","Fresh","90"
"98","MTG - Menteng","47737","8991071680180","Green Rebel Crispy Fried Chick'n 220gram","","Frozen","45"
"98","MTG - Menteng","45891","8997015494233","Green Valley Shredded Cheddar Cheese","L1-CHL-DC18-T2-13","Fresh","45"
"98","MTG - Menteng","47481","10000000004644","Nanas Batu Hijau Astro Farm","","Fresh","1"
"98","MTG - Menteng","44667","10000000003796","Kulit Ayam Marinasi Original Oke Chicken","","Frozen","90"
"98","MTG - Menteng","43250","8999999608408","Walls Magnum Mini Classic, Almond & Strawberry Panna (45ml x 6)","","Frozen","90"
"98","MTG - Menteng","22740","381154","Lada Hitam Bubuk Astro Basics","","Fresh","90"
"98","MTG - Menteng","29206","514562","Dry Rubs Spicy Barbecue Astro Goods","L2-AMD-B1-T3-10","Fresh","90"
"98","MTG - Menteng","6001","8993200664337","Kanzler Frankfurter Cocktail Sausages","L1-FRZ-CF4-T2-K7-1","Frozen","45"
"98","MTG - Menteng","5780","8885013130058","Aice Chocolate Crispy","BAD INBOUND","Frozen","90"
"98","MTG - Menteng","24493","105567","Jeruk Sunkist Cara Cara Seedless Astro Farm 3-6 pcs","","Fresh","1"
"98","MTG - Menteng","40674","8999999601683","Walls Twister Grape Lychee 55 ml","","Frozen","30"
"98","MTG - Menteng","6731","562243","Es Lilin Brasil Rasa Kelapa Muda","L1-FRZ-CF10-T2-K2-2","Frozen","45"
"98","MTG - Menteng","35185","574528","Ayam Negeri Organik Probiotik Parting 8 Hona Farm","","Frozen","75"
"98","MTG - Menteng","1075","8885013130690","Aice Mochi Strawberry Ice Cream 1pcs","","Frozen","45"
"98","MTG - Menteng","48242","8997014450995","Prochiz Quick Melt Cheddar Keju Slice 10’s","L1-CHL-DC17-T4-14","Fresh","45"
"98","MTG - Menteng","2374","8901233026510","Cadbury Dairy Milk Lickables Cup Cokelat","","Fresh","45"
"98","MTG - Menteng","23","8994466330202","Paha Ayam Parting Organik Probiotik Natural Poultry","","Frozen","75"
"98","MTG - Menteng","23077","645964","Anggur Moondrops Less Seed Astro Farm","","Fresh","1"
"98","MTG - Menteng","4952","149585","Pisang Cavendish Baby Astro Farm 5-6 pcs","BAD INBOUND","Fresh","1"
"98","MTG - Menteng","429","11311020","Sibas Ikan Kakap Merah Fillet","","Frozen","75"
"98","MTG - Menteng","50693","10000000005350","Golden Natura Mixed Berries Whole Frozen","","Frozen","60"
"98","MTG - Menteng","43697","10000000000347","SRT Ringroll Tofu Bell Roll","","Frozen","45"
"98","MTG - Menteng","8363","8999999569235","Walls Magnum New Mini Mix","L1-FRZ-CF10-T1-K1-6","Frozen","90"
"98","MTG - Menteng","44666","10000000003798","Kulit Ayam Bumbu Kuning Oke Chicken","L1-FRZ-CF5-T2-K2-2","Frozen","90"
"98","MTG - Menteng","40386","701067","Sayap Ayam Utuh Marinasi HOT Astro Farm 450-550gram","","Frozen","75"
"98","MTG - Menteng","3114","496006","Daging Sapi Giling Low Fat Import","","Frozen","90"
"98","MTG - Menteng","1916","279601","Kembang Kol Astro Farm","","Fresh","1"
"98","MTG - Menteng","24153","777484","Wasabi Explosion Cashew Astro Goods","","Fresh","60"
"98","MTG - Menteng","6105","863386","Daging Shortplate Slice US Astro Farm","","Frozen","90"
"98","MTG - Menteng","827","8992994110112","Yakult Minuman Probiotik","L1-CHL-DC1-T1-1","Fresh","7"
"98","MTG - Menteng","24121","900352","Dada Ayam Utuh Astro Farm","","Frozen","60"
"98","MTG - Menteng","31704","9310264910016","Bega Stringers Mozzarella Cheese 4 pcs x 20gr","L1-CHL-DC19-T3-8","Fresh","21"
"98","MTG - Menteng","6731","562243","Es Lilin Brasil Rasa Kelapa Muda","","Frozen","45"
"98","MTG - Menteng","41048","3608580765066","Bonne Maman Strawberry Preserve Jam","","Fresh","75"
"98","MTG - Menteng","90","204642","Jambu Kristal Astro Farm 2-3 pcs","BADFRESH-1","Fresh","1"
"98","MTG - Menteng","42713","372200","Paru Mentah Utuh Astro Farm","","Frozen","90"
"98","MTG - Menteng","3687","7499221163183","Heavenly Blush Yoguruto Original Yogurt Drink","","Fresh","45"
"98","MTG - Menteng","31819","917697","Mushroom Pasta Sauce Astro Goods x Oma Elly","","Fresh","28"
"98","MTG - Menteng","44772","10000000003838","Daging Semur Ekonomis Fatty Cuts","L1-FRZ-CF12-T1-K1-3","Frozen","90"
"98","MTG - Menteng","44775","10000000003846","Udang Kupas Vanamei Size S Astro Farm","","Frozen","90"
"98","MTG - Menteng","23665","138806","Ikan Tongkol Utuh Astro Farm","","Frozen","60"
"98","MTG - Menteng","44817","10000000003862","Timun Jepang Kyuri Astro Farm","","Fresh","1"
"98","MTG - Menteng","37655","369295","Daging Slice Beef Ekonomis Fatty Cuts","","Frozen","90"
"98","MTG - Menteng","47094","8998880000086","Wild Jacks Beef Bacon Cube 100gram","L1-FRZ-CF8-T2-K1-10","Frozen","90"
"98","MTG - Menteng","46177","10000000004300","Pear Century Astro Farm 1 pcs","","Fresh","1"
"98","MTG - Menteng","46622","8997016810391","Monggo Chocolate Tablet with Caramel Brittle","L1-CHL-DC2-T3-5","Fresh","90"
"98","MTG - Menteng","5377","8991001502254","Delfi Chacha Milk Chocolate","L1-CHL-DC2-T1-29","Fresh","90"
"98","MTG - Menteng","35879","694824","Tahu Susu Putih 8pcs","","Fresh","2"
"98","MTG - Menteng","51078","8994046010104","My Roti Tawar Gandum High Fiber 10 Slice","","Fresh","3"
"98","MTG - Menteng","22474","8993904004415","Indofood Espessia Es Potong Rasa Es Teler Es Krim","","Frozen","45"
"98","MTG - Menteng","45250","10000000004059","Bawang Mix Merah Putih Kupas Astro Farm","BAD INBOUND","Fresh","1"
"98","MTG - Menteng","5681","458519","Mangga Manalagi Astro Farm 4-5 pcs","L1-AMF-RF5-T6-4","Fresh","1"
"98","MTG - Menteng","35788","8993492102708","Edo Pizza Baguette Spinach & Cream","","Frozen","30"
"98","MTG - Menteng","380","426918","Jeruk Sunkist Navel Seedless Astro Farm 2-3 pcs","BAD INBOUND","Fresh","1"
"98","MTG - Menteng","42717","8991071683433","Green Rebel Mozzarella Cheese Style Block","L1-CHL-DC17-T3-4","Fresh","45"
"98","MTG - Menteng","43658","10000000000496","Horenzo Organik","","Fresh","1"
"98","MTG - Menteng","37651","913022","Daging Slice Ekonomis Beef Less Fatty Cuts","BADFRESH-1","Frozen","90"
"98","MTG - Menteng","37149","308143","Cumi Sotong 10/20 Javasea","","Frozen","60"
"98","MTG - Menteng","26018","501373","8 Fruitz Blueberries Frozen (IQF)","L1-FRZ-CF8-T1-K7-2","Frozen","60"
"98","MTG - Menteng","43856","8995555216315","Kimbo Burger Sapi Istimewa Isi 6","","Frozen","45"
"98","MTG - Menteng","51718","745125242361","Bluder Cokro Bluder Keju Single","BADFRESH-1","Fresh","2"
"98","MTG - Menteng","47766","10000000004737","Strawberry Korea Astro Farm","","Fresh","1"
"98","MTG - Menteng","6631","806535","Anggur Hijau Shine Muscat Less Seed Astro Farm","BADFRESH-1","Fresh","1"
"98","MTG - Menteng","33866","925286","Truffle Soup Astro Goods","","Fresh","15"
"98","MTG - Menteng","47937","10000000004352","Paha Ayam Giling Astro Farm 500gram","","Frozen","90"
"98","MTG - Menteng","33759","8997219660021","Gustosa Pizza Quattro Formaggi","","Frozen","45"
"98","MTG - Menteng","1693","8998866820356","Glico Wings Haku Strawberry & Crispy Choco Monaka","L1-FRZ-CF6-T2-K4-2","Frozen","45"
"98","MTG - Menteng","30500","113500","Bumbu Sendok Merah Bumbu Dasar","","Fresh","12"
"98","MTG - Menteng","47558","8995555150718","Kimbo Probites New York Melting Cheese","","Frozen","45"
"98","MTG - Menteng","32696","7499221184324","Heavenly Blush Greek Yogurt Plain","","Fresh","7"
"98","MTG - Menteng","5509","982505","Salak Pondoh Astro Farm 5-7 pcs","","Fresh","1"
"98","MTG - Menteng","5683","167732","Tenggiri Steak Astro Farm","","Frozen","60"
"98","MTG - Menteng","49362","10000000004984","Pisang Cavendish Cluster 2-3 pcs","","Fresh","1"
"98","MTG - Menteng","4126","230653","Astro X Sweetooth Ice Cream Black Galaxies 240ml","","Frozen","90"
"98","MTG - Menteng","46615","8850329315918","Meiji Mixed Berry Yogurt","L1-CHL-DC19-T5-1","Fresh","7"
"98","MTG - Menteng","49314","8997007220260","Nafra Bumbu Empal Daging","L1-CHL-DC14-T2-18","Fresh","45"
"98","MTG - Menteng","4866","137609","Daun Singkong Astro Farm","L1-CHL-DC6-T5-3","Fresh","1"
"98","MTG - Menteng","31880","555796","Burger Patty 100% Black Angus Meatboys isi 3pcs","","Frozen","90"
"98","MTG - Menteng","36063","8993207240589","Fiesta Stikie Nugget","L1-FRZ-CF1-T1-K7-1","Frozen","45"
"98","MTG - Menteng","46906","9785497900101","Omahan Kitchen Ayam Kalasan 1 Ekor","","Fresh","23"
"98","MTG - Menteng","47763","10000000004732","Soofresh Strawberry Korea","","Fresh","1"
"98","MTG - Menteng","113","230171","Lemon California Lokal Astro Farm 5-7 pcs","BADFRESH-1","Fresh","1"
"98","MTG - Menteng","50355","10000000005261","Lidah Buaya Organik","L1-CHL-DC6-T2-6","Fresh","1"
"98","MTG - Menteng","218","8997207638315","Ikan Bawal Putih Java Sea","","Frozen","75"
"98","MTG - Menteng","2457","8997220410103","KIN Bulgarian Blueberry Yogurt Drink","L1-CHL-DC19-T5-8","Fresh","45"
"98","MTG - Menteng","32339","9916500103107","Bernardi Bakso Sapi Kasar 25pcs","","Frozen","30"
"98","MTG - Menteng","73","8993207568935","Fiesta Chicken Nuggets/Naget","","Frozen","30"
"98","MTG - Menteng","44769","10000000003834","Daging Giling Ekonomis Fatty Cuts","L1-FRZ-CF11-T1-K2-3","Frozen","90"
"98","MTG - Menteng","1891","8991001501011","Delfi Chic Choc","","Fresh","90"
"98","MTG - Menteng","5151","920356","Dimsum Inc Shiumay 12 pcs","","Frozen","45"
"98","MTG - Menteng","14437","7622210681614","Cadbury Dairy Milk Cashew Nut Cokelat","","Fresh","45"
"98","MTG - Menteng","6243","8998009790195","Campina Royal Choco Brownies","","Frozen","45"
"98","MTG - Menteng","3773","948881","Ikan Teri Medan","L1-FRZ-CF3-T2-K2-5","Frozen","75"
"98","MTG - Menteng","4617","682357","Buy 1 Get 1 Walls Magnum Double Choco 90ml","","Frozen","45"
"98","MTG - Menteng","40714","323562","Cadbury E-packs 150K without Hazelnut","","Fresh","45"
"98","MTG - Menteng","40383","596364","Mangga Kiojay Astro Farm","","Fresh","1"
"98","MTG - Menteng","3741","8997017180011","Kim's Tahu Kuning 10 pcs","BAD INBOUND","Fresh","2"
"98","MTG - Menteng","2368","877462","Oma Elly Gelato Dark Chocolate 500ml","","Frozen","3"
"98","MTG - Menteng","1844","9415007031659","Anchor Extra Yield Cooking Cream","","Fresh","90"
"98","MTG - Menteng","42608","8994457140087","Pawmeals Young & Adult Beeflicious Cooked Makanan Anjing Basah","","Fresh","60"
"98","MTG - Menteng","42365","132066","Furou Pineapple Frozen IQF","","Frozen","60"
"98","MTG - Menteng","47571","239731001425200","Dr. Bebek Smoked Duck 200gram","L1-FRZ-CF5-T2-K3-3","Frozen","60"
"98","MTG - Menteng","5674","5711953091940","Arla Mozzarella Shredded Cheese","","Fresh","45"
"98","MTG - Menteng","22746","528548","Bawang Bombay Bubuk Astro Basics","","Fresh","90"
"98","MTG - Menteng","40960","8991649001164","Benfarm Honey Chicken Wings","","Frozen","45"
"98","MTG - Menteng","22378","972942","Apel Royal Gala Astro Farm 3-4 pcs","","Fresh","1"
"98","MTG - Menteng","42024","688832","Wag and Whisk Cooked Pork All Life Stages Makanan Anjing Basah","L1-FRZ-CF13-T2-K2-5","Fresh","30"
"98","MTG - Menteng","25035","391291","Ayam Broiler Utuh Astro Farm","L1-FRZ-CF2-T1-K4-3","Frozen","60"
"98","MTG - Menteng","23728","8993071020119","Belfoods Royal Crispy Karaage","L1-FRZ-CF1-T1-K1-1","Frozen","45"
"98","MTG - Menteng","22372","5760466820882","Arla Whipping Cream 36% Fat","L1-CHL-DC18-T2-15","Fresh","60"
"98","MTG - Menteng","1071","8885013130201","Aice Vanilla Mochi","L1-FRZ-CF10-T1-K1-4","Frozen","120"
"98","MTG - Menteng","22958","9415007055648","Anchor Unsalted Butter","","Fresh","45"
"98","MTG - Menteng","965","8993200666959","Cimory Squeeze Blueberry Yogurt","L1-CHL-DC18-T5-10","Fresh","45"
"98","MTG - Menteng","32833","8994130900670","Belfoods Chicken Cocktail Sausages","","Frozen","45"
"98","MTG - Menteng","30243","8999999599706","Walls Paddle Pop Upin Ipin Ice Cream","L1-FRZ-CF10-T2-K1-4","Frozen","90"
"98","MTG - Menteng","45451","10000000004142","Telur Prima Omega 9","L1-AMD-A3-T5-4","Fresh","7"
"98","MTG - Menteng","47232","8995226401927","Dada Ayam Tomato Chili Mooyam MOON MATE","","Frozen","90"
"98","MTG - Menteng","30534","8991728000705","Joyday Mango Smoothie Ice Cream","","Frozen","90"
"98","MTG - Menteng","36447","977901","Wagyu MB5 Beef Slice Meatboys x Astro Farm","","Frozen","90"
"98","MTG - Menteng","437","471497","Anggur Red Globe Astro Farm 450-500 gram","","Fresh","1"
"98","MTG - Menteng","32520","8991071411753","Grouu Bone Broth Salmon MPASI Makanan Bayi Anak Refill","","Fresh","30"
"98","MTG - Menteng","3285","755681328","Jeruk Sunkist Navel 500gr (Near Exp. Date)","","Fresh","0"
"98","MTG - Menteng","36063","8993207240589","Fiesta Stikie Nugget","","Frozen","45"
"98","MTG - Menteng","750","916897","Ayam Broiler Organik Probiotik + Jamu Regular 800-900gr Natural Poultry","","Frozen","75"
"98","MTG - Menteng","43262","10000000000261","Daun Salam Astro Farm","L1-CHL-DC5-T1-4","Fresh","1"
"98","MTG - Menteng","32570","8993200665006","Cimory Yogurt Drink Strawberry & Mango Zero Sugar","L1-CHL-DC18-T2-7","Fresh","35"
"98","MTG - Menteng","22867","8991102715515","Amani Yogurt Drink Mixed Orange","","Fresh","90"
"98","MTG - Menteng","37010","745698","Bawang Putih Kupas Astro Farm","L1-AMF-RF8-T4-1","Fresh","2"
"98","MTG - Menteng","44911","10000000003750","Jantung Pisang Astro Farm 900-1200 gram","","Fresh","1"
"98","MTG - Menteng","13981","984371","Rendang Suwir & Kacang Merah - Astro Goods","","Fresh","30"
"98","MTG - Menteng","46792","10000000004485","Bumbu Masak Machmudah BMM Gule","L1-CHL-DC14-T1-6","Fresh","15"
"98","MTG - Menteng","47197","10000000004504","Cakalang Rica Astro Goods","L1-FRZ-CF8-T2-K4-6","Frozen","15"
"98","MTG - Menteng","51361","10000000005622","SNIFFF Bowl Pork Banger and Mash Makanan Anjing Basah","L1-FRZ-CF13-T1-K2-7","Frozen","21"
"98","MTG - Menteng","728","8999898299035","Diamond Fresh Milk Plain","L1-CHL-DC1-T5-8","Fresh","7"
"98","MTG - Menteng","10048","961410","Ayam Negeri Organik Probiotik+Jamu Regular Parting 8 800-900gr LactoFarm","","Frozen","75"
"98","MTG - Menteng","3391","617574","Cabe Merah Rawit Astro Farm","L1-CHL-DC5-T4-8","Fresh","1"
"98","MTG - Menteng","32265","2100000380572","Mamita Mambucha Artisan Tea Kombucha Butterfly Pea Lemonade","L1-CHL-DC22-T2-9","Fresh","10"
"98","MTG - Menteng","46611","8997015494219","Green Valley Block Mozzarella Cheese","","Fresh","45"
"98","MTG - Menteng","48423","7499221239819","Heavenly Donut Kentang","L1-FRZ-CF8-T1-K5-6","Frozen","114"
"98","MTG - Menteng","37147","351314","Ikan Saba Fillet 400-450gram","","Frozen","60"
"98","MTG - Menteng","38736","276524","Wortel Berastagi Ekonomis Astro Farm","L1-CHL-DC13-T1-2","Fresh","1"
"98","MTG - Menteng","2178","591471","Oma Elly Frozen Pizza Napoletana Diameter 20cm","","Fresh","7"
"98","MTG - Menteng","31398","170767","Sambal Gandaria Astro Goods","","Fresh","15"
"98","MTG - Menteng","25158","737252","Nanas Honi Baby Astro Farm 500-900 gram","L1-AMF-RF7-T6-4","Fresh","1"
"98","MTG - Menteng","35783","361932","Picanha Wagyu MB7 Steak Meatboys x Astro Goods","","Frozen","90"
"98","MTG - Menteng","5528","9557240410201","Seafood King Salmon Ball","","Frozen","45"
"98","MTG - Menteng","36441","625709","Kunyit Astro Farm","L1-AMF-RF8-T5-3","Fresh","1"
"98","MTG - Menteng","8526","400132","Iga Sapi Import Astro Farm","","Frozen","90"
"98","MTG - Menteng","409","564399","Buncis Super Astro Farm","","Fresh","1"
"98","MTG - Menteng","35879","694824","Tahu Susu Putih 8pcs","L1-CHL-DC16-T3-6","Fresh","2"
"98","MTG - Menteng","4955","8997226412033","Emina Mozzarella Cheese Block","L1-CHL-DC17-T1-4","Fresh","60"
"98","MTG - Menteng","22892","246954","Cumi Flower Astro Farm","L1-FRZ-CF7-T2-K5-1","Frozen","75"
"98","MTG - Menteng","45716","10000000004190","Wortel Baby Lokal Astro Farm","BAD INBOUND","Fresh","1"
"98","MTG - Menteng","48017","10000000004263","Kulit Ayam Kampung 500gram","","Frozen","75"
"98","MTG - Menteng","45280","10000000004032","Cabe Merah Rawit Tanpa Tangkai Astro Farm","L1-CHL-DC5-T2-4","Fresh","1"
"98","MTG - Menteng","33191","4953206020241","Miyatake Sanuki Yude Udon Noodle","L1-CHL-DC14-T5-2","Fresh","60"
"98","MTG - Menteng","34149","229343","Jeruk Peras Manis Siam Madu Astro Farm 8-12 pcs","L1-AMF-RF4-T4-3","Fresh","1"
"98","MTG - Menteng","550","713049","Bakso Warisan Ibu Tahu Bakso Sapi Premium 8 pcs","L1-FRZ-CF4-T2-K6-6","Frozen","45"
"98","MTG - Menteng","21584","958893","Premium Creamy Egg Onigiri 120gr","","Fresh","1"
"98","MTG - Menteng","1930","138006","Timun Jepang Kyuri Astro Farm","L1-CHL-DC7-T6-2","Fresh","1"
"98","MTG - Menteng","31223","366789","Ikan Gurame Bumbu Kuning","L1-FRZ-CF7-T1-K6-1","Frozen","28"
"98","MTG - Menteng","4074","420390","Paket Masak Balado Ikan Asin Kapasan - Astro Goods","","Fresh","1"
"98","MTG - Menteng","25843","8994130899998","Ampela Ayam Bersih Sreeya Gizzard","","Frozen","35"
"98","MTG - Menteng","43861","8993492101428","Golden Farm Shoestring Coated","L1-FRZ-CF11-T2-K7-2","Frozen","90"
"98","MTG - Menteng","51487","8993110002342","So Good Crispy Bbq Wings 400gr","L1-FRZ-CF1-T2-K1-5","Frozen","60"
"98","MTG - Menteng","45365","10000000004005","Iga Konro Ekonomis","L1-FRZ-CF12-T1-K4-2","Frozen","90"
"98","MTG - Menteng","25272","859913","Manggis Lokal Astro Farm 4-6 pcs","","Fresh","1"
"98","MTG - Menteng","4964","204608","Buah Naga Merah Astro Farm","L1-AMF-RF7-T2-1","Fresh","1"
"98","MTG - Menteng","32434","8999898975762","Biokul To Go Bluberry Yogurt","L1-CHL-DC20-T4-8","Fresh","7"
"98","MTG - Menteng","1931","183812","Kacang Panjang Astro Farm","BAD INBOUND","Fresh","1"
"98","MTG - Menteng","36235","612063","Ayam Kampung Giling Astro Farm","L1-FRZ-CF2-T1-K1-2","Frozen","75"
"98","MTG - Menteng","35312","808959","Homjuice Orange Series","","Fresh","2"
"98","MTG - Menteng","22744","339863","Kayu Manis Bubuk Astro Basics","L2-AMD-B1-T1-6","Fresh","90"
"98","MTG - Menteng","6250","8990114000343","Campina Hula Hula Durian Cup","","Frozen","45"
"98","MTG - Menteng","40309","306587","Sayap Ayam Drums Wings Marinasi HOT Astro Farm 450-550gram","","Frozen","75"
"98","MTG - Menteng","545","9415007043072","Anchor Unsalted Butter Minidish 10 pcs x 7gr","L1-CHL-DC18-T1-12","Fresh","45"
"98","MTG - Menteng","32632","10151607","Kin Dog Food Turkey, Chia & Beetroot/Makanan Anjing","","Fresh","45"
"98","MTG - Menteng","44814","10000000003859","Timun Fresh Astro Farm","","Fresh","1"
"98","MTG - Menteng","36218","8997015498866","Arla Christmas Bundle Natural Cream Cheese 2x150gr","","Fresh","45"
"98","MTG - Menteng","43740","10000000000515","Mangga Gedong Astro Farm 2-3 pcs","BADFRESH-1","Fresh","1"
"98","MTG - Menteng","345","493711","Melon Sky Rocket Astro Farm 1 pcs","","Fresh","1"
"98","MTG - Menteng","4062","844791","Ketumbar Utuh - Astro Goods","","Fresh","60"
"98","MTG - Menteng","44434","8993492102272","Edo Mini Puff Pastry Sheet","","Frozen","60"
"98","MTG - Menteng","48623","10000000004922","Cabe Hijau Rawit Organik","L1-CHL-DC5-T5-4","Fresh","1"
"98","MTG - Menteng","4343","608149","Ubi Jepang Astro Farm","","Fresh","1"
"98","MTG - Menteng","26752","8997207520283","El Primo Beef Cheese Sausages","","Frozen","45"
"98","MTG - Menteng","40972","8997018650834","Karawaci Otak-Otak Ikan Panjang","","Frozen","45"
"98","MTG - Menteng","42068","8992907996321","Sari Roti Klasik Kasur Krim Messes","","Fresh","2"
"98","MTG - Menteng","41953","825595","Ikan Salem Utuh","","Frozen","60"
"98","MTG - Menteng","28815","637344","Kari India Bubuk Astro Goods","L2-AMD-B9-T5-14","Fresh","90"
"98","MTG - Menteng","25090","9556084000050","Kart's Roti Canai 8pcs","","Frozen","60"
"98","MTG - Menteng","21814","597842","Paru Rebus Slice Import Astro Farm","","Frozen","90"
"98","MTG - Menteng","35555","839251","Telur Ayam Negeri Astro Farm","","Fresh","11"
"98","MTG - Menteng","32616","10196151","Kin Raw Dog Food Goat, Lamb & Green Beans Makanan Anjing","","Fresh","30"
"98","MTG - Menteng","41956","8993036212405","Kong Kee Tahu Sutera","L1-CHL-DC16-T2-1","Fresh","2"
"98","MTG - Menteng","29812","596838","Lada Sichuan - Astro Farm","","Fresh","10"
"98","MTG - Menteng","1295","8993036326058","Kongkee Cincau Tawar","","Fresh","2"
"98","MTG - Menteng","6700","5413081250489","Mydibel Kentang Hasbrowns Triangel","","Frozen","30"
"98","MTG - Menteng","2990","535039","Daging Slice Brisket Import Astro Farm","L1-FRZ-CF12-T2-K8-4","Frozen","90"
"98","MTG - Menteng","3125","966088","Jamur Shimeji Coklat","L1-CHL-DC15-T2-3","Fresh","1"
"98","MTG - Menteng","1007","8690637720888","Walls Viennetta Vanilla Chocolate Ice Cream 800ml","","Frozen","45"
"98","MTG - Menteng","45963","10000000004107","Honey Garlic Chicken Astro Goods","","Frozen","15"
"98","MTG - Menteng","35424","8991071410312","Grouu Cooking Series Bumbu Dasar Rendang MPASI","","Fresh","90"
"98","MTG - Menteng","30557","192676","Salak Madu - Astro Farm","","Fresh","1"
"98","MTG - Menteng","30762","80824107","Kinder Creamy T12","L1-CHL-DC2-T1-3","Fresh","45"
"98","MTG - Menteng","2069","797027","Basil Italy","","Fresh","0"
"98","MTG - Menteng","43110","10000000000155","Cabe Hijau Rawit Astro Farm","BAD INBOUND","Fresh","1"
"98","MTG - Menteng","31859","8993110051364","So Good Chicken Nugget Animal Pizza","","Frozen","30"
"98","MTG - Menteng","40934","8997016810018","Monggo Dark Chocolate 58% of Cocoa Bar","","Fresh","30"
"98","MTG - Menteng","32417","8993351123158","Greenfields Bocconcini Cheese","","Fresh","7"
"98","MTG - Menteng","3136","841388","Daging Sapi Tenderloin/Has Dalam","","Frozen","90"
"98","MTG - Menteng","30506","472439","Acaii Tea Kids Jelly Berry","","Fresh","2"
"98","MTG - Menteng","34863","8991001663665","ChaCha Minion Limited Edition 2x12.5gr Free Toys","","Fresh","45"
"98","MTG - Menteng","4824","8993207568256","Fiesta Spicy Chicken Ayam Bumbu","","Frozen","45"
"98","MTG - Menteng","36444","518091","Ubi Ungu Astro Farm","","Fresh","1"
"98","MTG - Menteng","44234","10000000003585","Selada Keriting Konvensional Astro Farm","L1-CHL-DC3-T4-4","Fresh","1"
"98","MTG - Menteng","13728","8991001243157","Van Houten Dark 52% Cocoa Almond 40gram","","Fresh","60"
"98","MTG - Menteng","6108","228854","Black Angus Sirloin Steak AUS Meat Boys","","Frozen","90"
"98","MTG - Menteng","28312","7622210789129","Cadbury Dairy Milk Chocolate","L1-CHL-DC2-T1-50","Fresh","45"
"98","MTG - Menteng","32400","238959","Apel Red Del Astro Farm 2pcs","DC-BADSTOCK-38","Fresh","1"
"98","MTG - Menteng","43550","8997236190433","Sven's Prosciutto","L1-FRZ-CF13-T2-K8-8","Frozen","90"
"98","MTG - Menteng","44491","8994457140261","Pawmeals Sensitive Series Porkpaparazzi Cooked Makanan Anjing Basah","L1-FRZ-CF13-T2-K5-7","Frozen","30"
"98","MTG - Menteng","44924","10000000003951","Cabe Merah Keriting Ekonomis Astro Farm","BAD INBOUND","Fresh","1"
"98","MTG - Menteng","42415","950624","Bone Marrow import","","Frozen","90"
"98","MTG - Menteng","33204","8997014357386","Cedea Chikuwa","L1-FRZ-CF4-T2-K8-8","Frozen","30"
"98","MTG - Menteng","4958","8997226414020","Emina Mozzarella Cheese Slice 5's","","Fresh","45"
"98","MTG - Menteng","4272","405573","[Promo] Anchor Salted Butter 100gr","","Fresh","45"
"98","MTG - Menteng","51957","8997015182642","Freshtize Spicy Wings 500gram","L1-FRZ-CF1-T2-K6-3","Frozen","90"
"98","MTG - Menteng","31535","8992704202311","Bumifood Fish & Chips","","Frozen","45"
"98","MTG - Menteng","4470","914226","Baba Bake Sheep Premium Milk Cake with Cheese 85gr","","Fresh","1"
"98","MTG - Menteng","978","6942836703226","Hershey's Kisses Chocolate Milk","","Fresh","70"
"98","MTG - Menteng","45892","8997015494226","Green Valley Shredded Mozzarella Cheese","L1-CHL-DC18-T1-13","Fresh","45"
"98","MTG - Menteng","457","616358","Labu Siam Astro Farm","BAD INBOUND","Fresh","1"
"98","MTG - Menteng","90","204642","Jambu Kristal Astro Farm 2-3 pcs","","Fresh","1"
"98","MTG - Menteng","45087","8801007164366","Bibigo Sliced Napa Cabbage Kimchi","","Fresh","30"
"98","MTG - Menteng","6762","260764","Paket Masak Sayur Asem Sasa","","Fresh","2"
"98","MTG - Menteng","101","213373","Paprika Hijau Astro Farm","BAD INBOUND","Fresh","1"
"98","MTG - Menteng","7279","8997215450725","Kleanmie Shirataki Noodle Ayam Rica Pedas","","Fresh","90"
"98","MTG - Menteng","1718","882369","Daun Basil konvensional - Astro Farm","","Fresh","1"
"98","MTG - Menteng","26843","8997234540285","Riverland Umami Aonori Cocktail Sausage/Sosis","","Frozen","30"
"98","MTG - Menteng","44232","10000000003587","Bayam Hijau Konvensional Astro Farm","L1-CHL-DC4-T4-3","Fresh","1"
"98","MTG - Menteng","5152","552860","Dimsum Inc Har Gau","","Frozen","5"
"98","MTG - Menteng","30709","8991646000030","Rejuve Cold Pressed Juice Asian Green","","Fresh","2"
"98","MTG - Menteng","10924","8991001112965","Silverqueen Very Berry Yoghurt","","Fresh","60"
"98","MTG - Menteng","31287","8997220410851","KIN Bugarian Slimberries Yogurt Drink","","Fresh","75"
"98","MTG - Menteng","44695","10000000003770","Jeruk Nipis Astro Farm 3-5 pcs","BADFRESH-1","Fresh","1"
"98","MTG - Menteng","50775","9017176","Triple Three Foods Breakfast Ham","L1-FRZ-CF13-T2-K2-2","Frozen","90"
"98","MTG - Menteng","6389","156931","Paket Masak Gulai Kambing X Kecap Bango","","Fresh","1"
"98","MTG - Menteng","22776","814483","Meatboys Tenderloin Angus AUS x Astro Goods","","Frozen","90"
"98","MTG - Menteng","46927","10000000004501","Beef Bulgalbi Astro Farm Signature","","Frozen","90"
"98","MTG - Menteng","47095","8998880000093","Wild Jacks Beef Bacon Flakes","L1-FRZ-CF8-T2-K1-5","Frozen","90"
"98","MTG - Menteng","43798","8991004051827","Manalagi Tahu Kuning","L1-CHL-DC16-T6-2","Fresh","2"
"98","MTG - Menteng","3743","8997017180226","Kim's Tempe","L1-CHL-DC16-T4-3","Fresh","2"
"98","MTG - Menteng","314","461862","Bawang Bombay Astro Farm","L1-AMF-RF1-T1-2","Fresh","1"
"98","MTG - Menteng","32400","238959","Apel Red Del Astro Farm 2pcs","L1-CHL-DC9-T3-7","Fresh","1"
"98","MTG - Menteng","48271","8997236200323","Metzger Beef Fillet Medallion","","Frozen","90"
"98","MTG - Menteng","5743","8997241510028","Striploin Meltique Ryou Pouch","","Frozen","90"
"98","MTG - Menteng","45369","10000000004082","MyFruits Kelengkeng Bangkok","","Fresh","1"
"98","MTG - Menteng","32266","2100000380596","Mamita Mambucha Artisan Tea Lavender Bottle","L1-CHL-DC22-T2-7","Fresh","10"
"98","MTG - Menteng","5604","985987","Ikan Nila Merah Bumbu Kuning Astro Farm","","Frozen","28"
"98","MTG - Menteng","48034","8992907996307","Sari Roti Tawar Milky Soft Jumbo","","Fresh","2"
"98","MTG - Menteng","29559","862327","Durian Papi Monthong Frozen Premium 460gr-500gr/pack","","Frozen","90"
"98","MTG - Menteng","4941","8992907730017","Sari Roti Sobek Coklat Srikaya","BADFRESH-1","Fresh","2"
"98","MTG - Menteng","50928","8997002040580","Bandeng Juwana Asap Presto Vakum Dus","","Frozen","60"
"98","MTG - Menteng","41956","8993036212405","Kong Kee Tahu Sutera","","Fresh","2"
"98","MTG - Menteng","47229","8997232420282","Bakso Dada Ayam Mooyam MOON MATE","","Frozen","90"
"98","MTG - Menteng","30498","284954","Bumbu Sendok Putih Bumbu Dasar","","Fresh","12"
"98","MTG - Menteng","40956","418381","Raw Pet Gourmet Minis Salmon, Chicken & Spinach Makanan Basah Anjing","","Fresh","30"
"98","MTG - Menteng","8522","8994130900250","Sayap Ayam Utuh Chicken Wings Sreeya","L1-FRZ-CF9-T1-K4-1","Frozen","45"
"98","MTG - Menteng","28230","974333","Melon Aiko Premium Size L","","Fresh","1"
"98","MTG - Menteng","22754","8997205610658","Sunrise Bawang Putih Kating Pipil","","Fresh","2"
"98","MTG - Menteng","2950","8993221100036","Sakake Tofu Kotak Soft/Tahu","","Fresh","2"
"98","MTG - Menteng","42231","8997014350257","Cedea Korean Stick Original","","Frozen","60"
"98","MTG - Menteng","42989","8994452100024","Leuga Nila Bumbu Kuning","L1-FRZ-CF3-T1-K4-3","Frozen","30"
"98","MTG - Menteng","5620","231626","Paha Ayam Utuh BestChicken","","Frozen","75"
"98","MTG - Menteng","32451","8999999602680","Walls Paddle Pop Banana Race","","Frozen","90"
"98","MTG - Menteng","6040","8997215311224","SHB Durian Musang King Frozen","","Frozen","30"
"98","MTG - Menteng","40336","420372","Sufarm Kecambah","","Fresh","1"
"98","MTG - Menteng","777","937709","Buah Naga Merah Astro Farm 1 pcs","L1-AMF-RF7-T3-1","Fresh","1"
"98","MTG - Menteng","42866","7499221243120","Heavenly Blush Yoguruto Mango Yogurt Drink","","Fresh","45"
"98","MTG - Menteng","21811","432539","Buah Naga Putih Astro Farm","","Fresh","1"
"98","MTG - Menteng","6757","650725","Anggur Black Magic Mesir - Astro Farm","","Fresh","1"
"98","MTG - Menteng","40958","110967","Raw Pet Gourmet Minis Turkey, Wild Fish & Berries Makanan Basah Anjing","L1-FRZ-CF13-T2-K3-4","Fresh","30"
"98","MTG - Menteng","36481","252403","Apel Fuji Blush Premium Size L 2-3 pcs","L1-CHL-DC9-T2-2","Fresh","1"
"98","MTG - Menteng","46126","8993110004858","Olagud Chicken Saikoro Blackpepper","","Frozen","60"
"98","MTG - Menteng","3847","530694","Daun Mint Astro Farm","","Fresh","1"
"98","MTG - Menteng","6830","435124","Farmer's Omega 3 Eggs Astro Farm","L1-AMD-A4-T6-1","Fresh","12"
"98","MTG - Menteng","22029","509839","Selada Keriting Konvensional Astro Farm","BAD INBOUND","Fresh","1"
"98","MTG - Menteng","6732","449850","Es Lilin Brasil Rasa Kopyor","","Frozen","45"
"98","MTG - Menteng","44690","10000000003759","Godoggie Healthy Chicken Barkday Cake","","Fresh","120"
"98","MTG - Menteng","50722","8885013132618","Kaluli Zero Sucrose Yoghurt Cup","L1-FRZ-CF10-T2-K1-6","Frozen","90"
"98","MTG - Menteng","46132","10000000004215","Ready to Blend Smoothies Tropical Twist","","Frozen","60"
"98","MTG - Menteng","45955","10000000004299","Apel Fuji Wangshan Premium Astro Farm 1 pcs","L1-CHL-DC9-T4-4","Fresh","1"
"98","MTG - Menteng","41531","982786","Ikan Teri Jengki","L1-FRZ-CF3-T2-K1-1","Frozen","20"
"98","MTG - Menteng","44849","10000000003913","Ikan Asin Cucut Astro Farm","","Frozen","20"
"98","MTG - Menteng","35555","839251","Telur Ayam Negeri Astro Farm","L1-AMD-A1-T6-1","Fresh","11"
"98","MTG - Menteng","6530","8991999110615","Milk Life Fresh Milk Lactose Free Original","","Fresh","7"
"98","MTG - Menteng","335","485802","Tomat Merah Astro Farm","L1-CHL-DC13-T5-1","Fresh","1"
"98","MTG - Menteng","37146","781219","Kerang Tiram Kupas","L1-FRZ-CF7-T2-K3-6","Frozen","75"
"98","MTG - Menteng","45370","10000000004084","Apel Fuji Sunmoon  2 pcs","","Fresh","1"
"98","MTG - Menteng","46036","10000000004248","Rossa Farm Telur Ayam Kampung","","Fresh","7"
"98","MTG - Menteng","6858","8997009742180","Sumber Selera Bakso SB Serbaguna Daging Sapi dan Ayam 50pcs","","Frozen","30"
"98","MTG - Menteng","2079","80768258","Kinder Joy Chocolate For Girls","L1-CHL-DC2-T2-4","Fresh","45"
"98","MTG - Menteng","5055","76840100477","Ben & Jerry's Chocolate Fudge Brownie Ice Cream","","Frozen","60"
"98","MTG - Menteng","50869","8997207520252","El Primo Beef Breakfast Premium Sausage","L1-FRZ-CF4-T2-K1-2","Frozen","90"
"98","MTG - Menteng","6236","487884","Daun Pucuk Labu - Astro Farm","","Fresh","1"
"98","MTG - Menteng","46621","8997016811503","Monggo Chocolate Tablet Dark 100% of Cocoa 80gram","L1-CHL-DC2-T1-30","Fresh","90"
"98","MTG - Menteng","21052","8993200347315","Kanzler Singles Mini Sausages","L1-CHL-DC2-T1-42","Frozen","30"
"98","MTG - Menteng","23605","495849","Coco Loco Kelapa Ijo","L1-CHL-DC23-T2-1","Fresh","4"
"98","MTG - Menteng","45249","10000000004057","Bawang Mix Merah Putih Astro Farm","L1-AMF-RF1-T5-1","Fresh","1"
"98","MTG - Menteng","36436","958259","Cabe Hijau Rawit Astro Farm","","Fresh","1"
"98","MTG - Menteng","46923","8995555418290","Kimbo Gold Plus Beef Cocktail","","Frozen","45"
"98","MTG - Menteng","8687","673529","Pepaya Hawai Astro Farm 1 pcs","BAD INBOUND","Fresh","1"
"98","MTG - Menteng","4111","429933","Oregano Fresh Herb - Astro Goods","","Fresh","1"
"98","MTG - Menteng","49365","10000000005001","Roti Tawar Kupas Jumbo A Basics 300g","BADFRESH-1","Fresh","2"
"98","MTG - Menteng","46913","8995555184744","Kimbo Probites German Bratwurst","","Frozen","45"
"98","MTG - Menteng","46128","8993110004872","Olagud Chicken Slice","","Frozen","60"
"98","MTG - Menteng","51074","8885013134056","Aice Vanilla Cookies Cup","L1-FRZ-CF6-T2-K7-5","Frozen","90"
"98","MTG - Menteng","44827","10000000003911","Jeruk Medan Ekonomis Astro Farm 4-5 pcs","L1-AMF-RF7-T4-3","Fresh","1"
"98","MTG - Menteng","31026","8997014450711","Prochiz Quick Melt Keju","","Fresh","45"
"98","MTG - Menteng","6138","8999999042257","Walls Neopolitana 3in1 Es Krim","L1-FRZ-CF6-T1-K5-2","Frozen","90"
"98","MTG - Menteng","32854","442271","Heavenly Blush Greek Yogurt Classic 200ml","","Fresh","45"
"98","MTG - Menteng","32698","7499221113119","Heavenly Blush Yo Kiddo Strawberry Brocoli Yogurt Drink ","","Fresh","100"
"98","MTG - Menteng","4952","149585","Pisang Cavendish Baby Astro Farm 5-6 pcs","BADFRESH-1","Fresh","1"
"98","MTG - Menteng","32728","8999898410034","Jungle Juice Lemon","L1-CHL-DC22-T1-9","Fresh","60"
"98","MTG - Menteng","42036","318910","Wag & Whisk Gently Cooked Tuna All Life Stages Makanan Kucing Basah","L1-FRZ-CF13-T2-K3-2","Fresh","30"
"98","MTG - Menteng","37491","655001","Sourdough Astro Goods x BRAUD","","Fresh","2"
"98","MTG - Menteng","24341","947089","Kalala - Kelapa Muda","","Fresh","3"
"98","MTG - Menteng","5759","622666","Mangga Indramayu Astro Farm 3-4 pcs","","Fresh","1"
"98","MTG - Menteng","42210","799910","Escobark Gently Cooked Chicken Makanan Anjing Basah","","Fresh","30"
"98","MTG - Menteng","36658","450133","Buncis Orek Tempe Single Portion Kafe Betawi x Astro Goods","","Fresh","14"
"98","MTG - Menteng","2426","8993110050923","So Good Spicy Wing Ayam Bumbu","L1-FRZ-CF1-T1-K6-3","Frozen","45"
"98","MTG - Menteng","5090","701498","CP Ayam Dada Utuh Frozen","","Frozen","75"
"98","MTG - Menteng","31280","8999898975410","Biokul Greek Yogurt Topping Strawberry","L1-CHL-DC20-T3-7","Fresh","7"
"98","MTG - Menteng","3846","481157","Daun Ketumbar Astro Farm","L1-CHL-DC6-T4-2","Fresh","1"
"98","MTG - Menteng","28225","269753","Alpukat Okido Premium Size XL - Astro Farm 700gr - 900gr/pcs","","Fresh","1"
"98","MTG - Menteng","6585","8999898270010","Diamond Ice Cream Vanilla","L1-FRZ-CF6-T1-K5-1","Frozen","30"
"98","MTG - Menteng","693","861682","Dada Ayam Parting Organik Probiotik Natural Poultry","","Frozen","75"
"98","MTG - Menteng","4860","8993207200163","Fiesta Chicken Siomay","","Frozen","30"
"98","MTG - Menteng","31280","8999898975410","Biokul Greek Yogurt Topping Strawberry","","Fresh","7"
"98","MTG - Menteng","3133","8991001122032","Delfi Chocolate Cashew","","Fresh","60"
"98","MTG - Menteng","36603","6942836702403","Hershey Bar Milk with Almond","L1-CHL-DC2-T1-49","Fresh","70"
"98","MTG - Menteng","51849","8721274612486","Wall's Magnum Blueberry Cheesecake Ice Cream","","Frozen","150"
"98","MTG - Menteng","49317","8997007220277","Nafra Bumbu Ayam Bakar","L1-CHL-DC14-T3-3","Fresh","45"
"98","MTG - Menteng","46941","9556001308757","Nestle Milo Kaw Stick","","Frozen","45"
"98","MTG - Menteng","47239","8997015800133","Daily Fresh Whole Kernel Sweet Corn 500gram","","Frozen","45"
"98","MTG - Menteng","2347","457082","Lengkuas Astro Farm","BADFRESH-1","Fresh","1"
"98","MTG - Menteng","6631","806535","Anggur Hijau Shine Muscat Less Seed Astro Farm","","Fresh","1"
"98","MTG - Menteng","42326","8994130900281","Sayap Ayam Wings Stick Sreeya","","Frozen","75"
"98","MTG - Menteng","44694","10000000003766","Jeruk Medan Astro Farm 3-4 pcs","L1-AMF-RF4-T6-1","Fresh","1"
"98","MTG - Menteng","45042","10000000003994","Bengkuang Astro Farm","","Fresh","1"
"98","MTG - Menteng","5091","507860","CP Ayam Paha Utuh Frozen","","Frozen","75"
"98","MTG - Menteng","33352","8993175566414","Richeese Factory Flying Chicken Gold Series","","Frozen","45"
"98","MTG - Menteng","51317","10000000005481","Bunga Bawang Astro Farm","L1-CHL-DC7-T1-9","Fresh","1"
"98","MTG - Menteng","44850","10000000003914","Ikan Asin Gabus Astro Farm","L1-FRZ-CF3-T2-K8-3","Frozen","20"
"98","MTG - Menteng","48536","10000000004911","Cabe Merah Rawit Organik","","Fresh","1"
"98","MTG - Menteng","46190","10000000004401","Lettuce Head Organik","","Fresh","1"
"98","MTG - Menteng","37008","982252","Bawang Putih Kating Astro Farm","L1-AMF-RF1-T4-4","Fresh","2"
"98","MTG - Menteng","6203","10138022","KIN Chicken Chia Blueberries Raw Makanan Anjing Basah","L1-FRZ-CF13-T2-K2-8","Fresh","45"
"98","MTG - Menteng","32720","8999898969389","Brookfarm Fresh Milk Chocolate","","Fresh","5"
"98","MTG - Menteng","7175","8997234083027","Harvest Time Sweet Potato Fries Ubi Jalar Korea","","Frozen","45"
"98","MTG - Menteng","1073","8885013130645","Aice Chocolate Mochi","","Frozen","120"
"98","MTG - Menteng","35070","8993110003714","So Good Chicken Nugget Mac and Cheese","","Frozen","30"
"98","MTG - Menteng","44265","8999999608200","Walls Cornetto Disc Choco Hazelnut","","Frozen","90"
"98","MTG - Menteng","42604","10000000000003","Ubi Jepang Astro Farm","","Fresh","1"
"98","MTG - Menteng","26474","8993351123172","Greenfields Ricotta Cheese","","Fresh","7"
"98","MTG - Menteng","47505","10000000004495","Daging Shabu Japanese Wagyu A5 Astro Farm Signature 200gram","L1-FRZ-CF11-T2-K2-6","Frozen","90"
"98","MTG - Menteng","7258","8997014450506","Prochiz Quick Melt Keju Slice 5's","L1-CHL-DC17-T3-7","Fresh","45"
"98","MTG - Menteng","3746","800275","Jeruk Mandarin Ponkam Less Seed Astro Farm","L1-CHL-DC11-T1-2","Fresh","1"
"98","MTG - Menteng","6137","8999999577285","Walls Cornetto Mini Oreo 12 x 28ml","","Frozen","90"
"98","MTG - Menteng","3742","8997017180073","Kim's Tahu Putih 10pcs","","Fresh","2"
"98","MTG - Menteng","33751","8997231560125","Paletas Wey Mango Strawberry","","Frozen","90"
"98","MTG - Menteng","44776","10000000003847","Udang Kupas Vanamei Size M Astro Farm","L1-FRZ-CF3-T1-K5-1","Frozen","90"
"98","MTG - Menteng","44240","10000000003564","Farmer Eggs Telur Ayam Omega Organik","","Fresh","7"
"98","MTG - Menteng","31882","606593","Iga Gondrong Sapi Import","","Frozen","90"
"98","MTG - Menteng","44791","10000000003866","Kentang Rendang Astro Farm","L1-AMF-RF8-T1-2","Fresh","1"
"98","MTG - Menteng","5082","8993207181134","CP Ayam Size A Frozen 900gr-1kg","","Frozen","75"
"98","MTG - Menteng","22296","102186","Yakiniku Prime Beef Slice Meatboys x Astro Goods","","Frozen","90"
"98","MTG - Menteng","22744","339863","Kayu Manis Bubuk Astro Basics","","Fresh","90"
"98","MTG - Menteng","33175","8993207568065","Fiesta Stikie Chicken Nugget","","Frozen","45"
"98","MTG - Menteng","31900","965657","Ikan Dori NBL Premium","","Frozen","60"
"98","MTG - Menteng","8789","671254","Frozen Lumpia Semarang Astro Goods","","Fresh","2"
"98","MTG - Menteng","44774","10000000003844","Udang Kupas Vanamei Size L Astro Farm","L1-FRZ-CF7-T1-K7-2","Frozen","90"
"98","MTG - Menteng","44778","10000000003830","Daging Shortplate Slice Ekonomis","L1-FRZ-CF12-T2-K4-3","Frozen","90"
"98","MTG - Menteng","5005","669284","Paket Masak Semur Daging Sapi - Astro Goods","","Fresh","1"
"98","MTG - Menteng","48499","7499221244332","Heavenly Blush Greek Yogurt Strawberry","","Fresh","7"
"98","MTG - Menteng","5509","982505","Salak Pondoh Astro Farm 5-7 pcs","BAD INBOUND","Fresh","1"
"98","MTG - Menteng","4712","735621","Daun Salam Astro Farm","L1-CHL-DC5-T1-1","Fresh","1"
"98","MTG - Menteng","41340","995958","Pisang Raja Buluh","BADFRESH-1","Fresh","1"
"98","MTG - Menteng","32626","795358","Kin Dog Food Marrow Bones : L/Makanan Anjing","","Fresh","60"
"98","MTG - Menteng","4237","852358001181","Anchor Salted Butter","L1-CHL-DC17-T5-4","Fresh","45"
"98","MTG - Menteng","25303","8994130900434","Belfoods Royal Busan Chicken Wings","","Frozen","45"
"98","MTG - Menteng","36687","710097","Tiramisu Brownie Oreo by Exquise Patisserie","","Fresh","1"
"98","MTG - Menteng","27767","685400","Fresh Bites Crystal Guava Buah Potong","L1-CHL-DC8-T5-2","Fresh","1"
"98","MTG - Menteng","43239","8997207632672","Udang Laut Kupas Bersih Size S","L1-FRZ-CF3-T1-K7-2","Frozen","90"
"98","MTG - Menteng","29208","102033","Dry Rubs Rotisserie Poultry Astro Goods","","Fresh","90"
"98","MTG - Menteng","33157","9414997006432","Tatua Mascarpone Cheese/ Keju Mascarpone","","Fresh","30"
"98","MTG - Menteng","9123","6942836703240","Hershey's Kisses Milk Choco","","Fresh","70"
"98","MTG - Menteng","32629","10138024","Kin Dog Food Buffalo, Chicken & Wild Mackerel/Makanan Anjing","","Fresh","45"
"98","MTG - Menteng","43428","10000000000243","Hotdog Bun A Basics 4pcs","","Fresh","2"
"98","MTG - Menteng","25531","765944","Spicy Miso Ramen Astro Goods x Baba Ramen","","Fresh","15"
"98","MTG - Menteng","44825","10000000003908","Pakcoy Ekonomis Astro Farm","L1-CHL-DC3-T4-2","Fresh","1"
"98","MTG - Menteng","49852","10000000005010","BARK Beef Stew Makanan Anjing Basah","","Frozen","30"
"98","MTG - Menteng","2056","8993200346318","Kanzler Singles Keju Ready to Eat Sausages","L1-CHL-DC2-T3-6","Frozen","30"
"98","MTG - Menteng","44017","10000000000701","Baby Pakcoy Konvensional Astro Farm","L1-CHL-DC3-T2-6","Fresh","1"
"98","MTG - Menteng","4185","553460","Jumpstart Hot Aren Latte ( Hot Coffee )","","Fresh","75"
"98","MTG - Menteng","37150","231441","Daging Sop Import Astro Farm","","Frozen","90"
"98","MTG - Menteng","48626","10000000004918","Wortel Baby Organik","L1-CHL-DC13-T2-2","Fresh","1"
"98","MTG - Menteng","49999","10000000005212","Cabe Hijau Besar Tanpa Tangkai Astro Farm","L1-CHL-DC5-T5-3","Fresh","1"
"98","MTG - Menteng","43113","10000000000154","Lengkuas Astro Farm","","Fresh","1"
"98","MTG - Menteng","3739","8997017180127","Yun Yi Tahu Kuning","L1-CHL-DC16-T6-3","Fresh","2"
"98","MTG - Menteng","45118","10000000004007","Jagung Manis Pipil Fresh Astro Farm","","Fresh","1"
"98","MTG - Menteng","43451","9912995123002","Bernardi Horeca Pack Sosis Sapi BV 1pcs","","Frozen","60"
"98","MTG - Menteng","2534","8995229801243","Belfoods Kid's Chicken Nugget Safari","","Frozen","45"
"98","MTG - Menteng","33996","8801382146704","Woongjin Zaiyeonun Yogurt Apple","","Fresh","75"
"98","MTG - Menteng","48469","8997220411292","KIN Dezzert Milky Chocolate Almond","L1-CHL-DC20-T4-10","Fresh","54"
"98","MTG - Menteng","24835","766035","Black Salmon Fillet Astro Farm","L1-FRZ-CF7-T2-K3-4","Frozen","60"
"98","MTG - Menteng","30174","937717","Greenfields Fresh Milk Full Cream","","Fresh","3"
"98","MTG - Menteng","44888","8999898977377","Biokul To Go Marshmallow Yogurt","L1-CHL-DC20-T4-4","Fresh","45"
"98","MTG - Menteng","2171","349258","Oma Elly Frozen Small Beef Lasagna 7cm x 12cm","","Fresh","7"
"98","MTG - Menteng","4086","822196","Ayam Paha Utuh Frozen","","Frozen","75"
"98","MTG - Menteng","36005","8994130900069","Dada Ayam Utuh Sreeya","","Frozen","75"
"98","MTG - Menteng","43701","10000000000511","Mangga Harum Manis Astro Farm 1-2 pcs","","Fresh","1"
"98","MTG - Menteng","35185","574528","Ayam Negeri Organik Probiotik Parting 8 Hona Farm","L1-FRZ-CF9-T1-K8-3","Frozen","75"
"98","MTG - Menteng","5843","8997234540162","Riverland Chicken Karaage","L1-FRZ-CF8-T2-K8-8","Frozen","45"
"98","MTG - Menteng","30182","174786","Bebek Peking 8 Parting 1.1-1.2kg","","Frozen","60"
"98","MTG - Menteng","3612","297148","Pakcoy Hydroponic Astro Farm","BAD INBOUND","Fresh","1"
"98","MTG - Menteng","41047","3608580765073","Bonne Maman Orange Marmalade Preserve Jam","L1-CHL-DC18-T3-5","Fresh","75"
"98","MTG - Menteng","31821","8993207100081","Fiesta Bratwurst Sausage","","Frozen","45"
"98","MTG - Menteng","552","715237","Baby Buncis Astro Farm","BAD INBOUND","Fresh","1"
"98","MTG - Menteng","43804","10000000000240","Roti Tawar: Shokupan Inspired A Basics 6pcs","","Fresh","2"
"98","MTG - Menteng","2961","8999999294038","Walls Feast Chocolate Ice Cream 65 ml","","Frozen","90"
"98","MTG - Menteng","1936","747852","Mangga Alpukat Astro Farm 3-4 pcs","BAD INBOUND","Fresh","1"
"98","MTG - Menteng","45377","10000000004091","Buncis Ekonomis Astro Farm","","Fresh","1"
"98","MTG - Menteng","40880","340079","Homjuice Cold-Pressed Juice Royal Choco Milk","","Fresh","2"
"98","MTG - Menteng","33096","8997014353135","Cedea Steamboat Set","","Frozen","30"
"98","MTG - Menteng","381","528720","Pete Kupas Fresh Astro Farm","","Fresh","1"
"98","MTG - Menteng","2963","8999999035051","Walls Selection Oreo Cookies & Cream Ice Cream","","Frozen","90"
"98","MTG - Menteng","49569","10000000004990","EatSambel Teri-Ngat Kamu","L2-AMD-C14-T6-8","Fresh","2"
"98","MTG - Menteng","47332","10000000004583","Resep Roemah Bumbu Kuah Instant Anak Lodeh Wagyu","","Frozen","30"
"98","MTG - Menteng","43432","8993351120485","Greenfields Yogurt Drink Original","L1-CHL-DC18-T2-4","Fresh","35"
"98","MTG - Menteng","47091","10000000004574","Kelapa Muda Diamond Astro Farm","","Fresh","1"
"98","MTG - Menteng","48017","10000000004263","Kulit Ayam Kampung 500gram","L1-FRZ-CF2-T2-K3-3","Frozen","75"
"98","MTG - Menteng","425","582038","Bakso Warisan Ibu Bakso Goreng Rebutan Mini 20pcs","","Frozen","90"
"98","MTG - Menteng","6968","8999898521020","Diamond Es Puter Rasa Kelapa Muda","","Frozen","90"
"98","MTG - Menteng","32335","8997207520313","El Primo Premium Beef Frankfurter Sausages","L1-FRZ-CF4-T2-K8-1","Frozen","45"
"98","MTG - Menteng","47553","8999999611590","Walls Solero Jelly Peach Ice Cream","L1-FRZ-CF10-T2-K3-2","Frozen","250"
"98","MTG - Menteng","30526","2465863610625","Kurma Ajwa Barari Premium","","Fresh","30"
"98","MTG - Menteng","46625","8991999115610","Milk Life Fresh Milk Lactose Free Choco Hazelnut","L1-CHL-DC1-T4-4","Fresh","7"
"98","MTG - Menteng","6046","8994466330059","Paha Ayam Boneless Fillet Organik Probiotik Natural Poultry","","Frozen","75"
"98","MTG - Menteng","47931","10000000004787","Hungry Alana Chicken Bone Broth High Fat MPASI","","Frozen","30"
"98","MTG - Menteng","43739","10000000000520","Mangga Gedong Gincu Astro Farm 2-3 pcs","L1-AMF-RF5-T5-2","Fresh","1"
"98","MTG - Menteng","1550","8998009080500","Kraft Keju Cheddar Blok","","Fresh","36"
"98","MTG - Menteng","4087","576126","Ayam Paha Bawah Frozen","","Frozen","75"
"98","MTG - Menteng","27761","712890","Belimbing Wuluh Astro Farm","","Fresh","1"
"98","MTG - Menteng","35434","8991071410374","Grouu Bone Broth Beef MPASI Makanan Bayi Anak","L1-FRZ-CF8-T2-K1-1","Fresh","90"
"98","MTG - Menteng","1071","8885013130201","Aice Vanilla Mochi","","Frozen","120"
"98","MTG - Menteng","41338","367143","Labu Parang Astro Farm 1 pcs","L1-AMF-RF4-T1-4","Fresh","1"
"98","MTG - Menteng","44490","8994457140230","Pawmeals Sensitive Series Lamb of Fame Makanan Anjing Basah","","Frozen","35"
"98","MTG - Menteng","42815","10101100028","Villadorp Sosis Ayam Cocktail Premium","","Frozen","45"
"98","MTG - Menteng","44775","10000000003846","Udang Kupas Vanamei Size S Astro Farm","L1-FRZ-CF7-T2-K8-2","Frozen","90"
"98","MTG - Menteng","22103","583714","Kluwek - Astro Goods","L1-AMF-RF9-T6-1","Fresh","3"
"98","MTG - Menteng","30436","776775","Daging Paha Kambing Import","","Frozen","90"
"98","MTG - Menteng","46513","8997020831818","D'Lanier Sugar Free Dark Chocolate 82% with Naturally Sweetened from Stevia","L1-CHL-DC22-T2-1","Fresh","45"
"98","MTG - Menteng","48471","8997220411261","KIN Dezzert Milky Milk Choco","L1-CHL-DC20-T4-9","Fresh","54"
"98","MTG - Menteng","36062","8993207240565","Fiesta Chicken Pok-Pok","","Frozen","45"
"98","MTG - Menteng","26802","140925","Jeruk Aiyuan Seedless  Astro Farm 2-3 pcs","","Fresh","1"
"98","MTG - Menteng","52623","10000000005900","Premium Hamigua Melon Lavaland X Astro Farm 1 pcs","L1-AMF-RF4-T2-1","Fresh","2"
"98","MTG - Menteng","35782","9913150101002","Bernardi Beef Pepperoni","","Frozen","45"
"98","MTG - Menteng","46964","8999999611552","Wall's Feast Xtra Max Chocolate","L1-FRZ-CF10-T2-K2-5","Frozen","90"
"98","MTG - Menteng","2674","8997014450421","Prochiz Gold Keju Slice 12's","L1-CHL-DC17-T4-9","Fresh","45"
"98","MTG - Menteng","44774","10000000003844","Udang Kupas Vanamei Size L Astro Farm","","Frozen","90"
"98","MTG - Menteng","5068","750628","Ikan Bandeng Bersih Astro Farm","L1-FRZ-CF3-T1-K3-1","Frozen","60"
"98","MTG - Menteng","47935","10000000004426","Drum Wings Broiler Probiotic Natural Poultry","","Frozen","75"
"98","MTG - Menteng","16120","8991001661746","Delfi Treasures Cookies N' Cream","","Fresh","90"
"98","MTG - Menteng","42329","645344","Paha Ayam Boneless Astro Farm","","Frozen","75"
"98","MTG - Menteng","29561","808365","Jamur Snow White","","Fresh","1"
"98","MTG - Menteng","50354","10000000005258","Bayam Merah Organik","L1-CHL-DC4-T1-5","Fresh","1"
"98","MTG - Menteng","27842","881787","Jamur Mix Lokal Astro Farm","","Fresh","1"
"98","MTG - Menteng","6830","435124","Farmer's Omega 3 Eggs Astro Farm","","Fresh","12"
"98","MTG - Menteng","5549","440139","AIM Tahu Bakso","","Frozen","20"
"98","MTG - Menteng","1342","8993351120201","Greenfields Yogurt Mango","","Fresh","7"
"98","MTG - Menteng","49","156320","Semangka Merah Astro Farm 1 pcs","BAD INBOUND","Fresh","1"
"98","MTG - Menteng","46907","9782549790086","Omahan Kitchen Ayam Bumbu Kuning 1 Ekor","L2-AMD-C9-T3-3","Fresh","23"
"98","MTG - Menteng","48626","10000000004918","Wortel Baby Organik","","Fresh","1"
"98","MTG - Menteng","47941","10000000004361","Kulit Ayam Organik Berkah Chicken","RACK-BAD","Frozen","75"
"98","MTG - Menteng","3657","9556001091253","Nestle Sundae Cup Ice Cream","","Frozen","45"
"98","MTG - Menteng","24861","8991102716093","Amani Yogurt Drink Purpleberry Pride/Yoghurt","","Fresh","60"
"98","MTG - Menteng","35008","8993351129556","Greenfields Fresh Milk Chocomalt","L1-CHL-DC1-T5-7","Fresh","7"
"98","MTG - Menteng","24800","590650","Tempe Mendoan","","Fresh","2"
"98","MTG - Menteng","6629","199563","Belimbing Dewi Astro Farm 2-3 pcs","BADFRESH-1","Fresh","1"
"98","MTG - Menteng","30898","427574","Ayam Opor Astro Goods x Royco","","Fresh","15"
"98","MTG - Menteng","3844","379392","Baby Cailan Hydroponic - Astro Goods/Baby Kailan","","Fresh","1"
"98","MTG - Menteng","49718","8993492101879","Edo Fish Ball","L1-FRZ-CF4-T2-K4-2","Frozen","60"
"98","MTG - Menteng","6005","985422","Cimory Fresh Milk Strawberry 950ml","","Fresh","7"
"98","MTG - Menteng","1072","8885013130546","Aice Nanas","","Frozen","90"
"98","MTG - Menteng","44490","8994457140230","Pawmeals Sensitive Series Lamb of Fame Makanan Anjing Basah","L1-FRZ-CF13-T2-K2-4","Frozen","35"
"98","MTG - Menteng","31708","9310264911945","Bega Smokey BBQ Cheese Slice 12's","","Fresh","21"
"98","MTG - Menteng","3617","749769","Daun Kemangi Astro Farm","","Fresh","1"
"98","MTG - Menteng","22725","340155","Tauge Jepang Astro Farm","","Fresh","1"
"98","MTG - Menteng","6135","776248","Lafresa Strawberry Grade A","BAD INBOUND","Fresh","1"
"98","MTG - Menteng","33154","7622300065201","Kraft Keju Cheddar Mini","L1-CHL-DC17-T5-9","Fresh","36"
"98","MTG - Menteng","5463","381426","Terong Medan - Astro Farm","","Fresh","1"
"98","MTG - Menteng","47939","10000000004359","Tip Ayam Organik Berkah Chicken","","Frozen","75"
"98","MTG - Menteng","48501","10000000004860","Little Harvest Nila Fillet Bumbu Kuning","","Frozen","45"
"98","MTG - Menteng","40954","436601","Raw Pet Gourmet Chicken, Duck & Romaine Makanan Basah Anjing","","Fresh","30"
"98","MTG - Menteng","5943","8991649000259","Benfarm Chicken Nugget Original","","Frozen","45"
"98","MTG - Menteng","45253","10000000004029","Rahsa Nusantara Sapujagad Alit REGAS Obat Batuk Pilek","L1-CHL-DC22-T2-4","Fresh","30"
"98","MTG - Menteng","36064","8993207230214","Fiesta Crispy Bubble Chicken Nugget","L1-FRZ-CF1-T1-K4-1","Frozen","45"
"98","MTG - Menteng","34032","254130","Ceker Ayam Astro Farm","","Frozen","60"
"98","MTG - Menteng","24266","8997234140751","Sibas Saba Shio Ready To Heat","","Frozen","90"
"98","MTG - Menteng","4482","8999898561019","Jungle Juice Apple","","Fresh","60"
"98","MTG - Menteng","45451","10000000004142","Telur Prima Omega 9","","Fresh","7"
"98","MTG - Menteng","2676","951318","Prochiz Quickmelt Cheese","","Fresh","30"
"98","MTG - Menteng","4075","607532","Paket Masak Balado Teri Kacang - Astro Goods","","Fresh","1"
"98","MTG - Menteng","5564","849351","GQE Telur Omega/Telor/Egg","","Fresh","7"
"98","MTG - Menteng","3678","8991001111890","Silverqueen Chunky Bar Cashew Valentine Edition","","Fresh","30"
"98","MTG - Menteng","43514","10000000000311","Baby Bayam Hydroponic Astro Farm","BAD INBOUND","Fresh","1"
"98","MTG - Menteng","8862","9912500104106","Bernardi Sosis Sapi","","Frozen","30"
"98","MTG - Menteng","36437","570302","Cabe Merah Besar Astro Farm","","Fresh","1"
"98","MTG - Menteng","44403","8992770191007","Ajinomoto Chicken Gyoza","L1-FRZ-CF4-T2-K3-4","Frozen","45"
"98","MTG - Menteng","6058","322361","Daging Sapi Teriyaki Import Astro Farm","","Frozen","90"
"98","MTG - Menteng","5246","761690","Pempek Warisan Tekwan Frozen 200gr","","Frozen","45"
"98","MTG - Menteng","40954","436601","Raw Pet Gourmet Chicken, Duck & Romaine Makanan Basah Anjing","L1-FRZ-CF13-T1-K4-1","Fresh","30"
"98","MTG - Menteng","6829","678162","Farmer's Low Cholesterol Egg Astro Farm","BADFRESH-1","Fresh","12"
"98","MTG - Menteng","779","941148","Paprika Merah Astro Farm","BAD INBOUND","Fresh","1"
"98","MTG - Menteng","33191","4953206020241","Miyatake Sanuki Yude Udon Noodle","","Fresh","60"
"98","MTG - Menteng","2990","535039","Daging Slice Brisket Import Astro Farm","","Frozen","90"
"98","MTG - Menteng","1756","8999898962199","Biokul Stired Yogurt Plain","","Fresh","15"
"98","MTG - Menteng","316","462346","Jeruk Keprok Astro Farm","","Fresh","1"
"98","MTG - Menteng","8743","986351","Roti Gandum 10 Slices A Basics","","Fresh","2"
"98","MTG - Menteng","44930","10000000003957","Labu Siam Ekonomis Astro Farm 1 pcs","BAD INBOUND","Fresh","1"
"98","MTG - Menteng","3477","516782452","Anggur Hitam Autumn 500gr (Near Exp. Date)","","Fresh","0"
"98","MTG - Menteng","44929","10000000003956","Sereh Ekonomis Astro Farm","BADFRESH-1","Fresh","1"
"98","MTG - Menteng","43236","10000000000110","Smoked Salmon","","Frozen","60"
"98","MTG - Menteng","2491","8997228861556","Amazing Farm Sweet Baby Mix Salad To Go","DC-BADSTOCK-38","Fresh","1"
"98","MTG - Menteng","1346","8993351129006","Greenfields Fresh Milk Strawberry","","Fresh","7"
"98","MTG - Menteng","43853","8997214670292","Ahaay Cilok Ayam Kuah","","Frozen","14"
"98","MTG - Menteng","44571","10000000003709","Inbolic Sugar-Free Original Chili Sauce","","Fresh","90"
"98","MTG - Menteng","47769","10000000004704","Pisang Cavendish Ekonomis 3-5 pcs","L1-AMF-RF2-T4-1","Fresh","1"
"98","MTG - Menteng","2961","8999999294038","Walls Feast Chocolate Ice Cream 65 ml","BAD INBOUND","Frozen","90"
"98","MTG - Menteng","6059","785884","Daging Teriyaki Import Astro Farm","","Frozen","90"
"98","MTG - Menteng","4964","204608","Buah Naga Merah Astro Farm","BAD INBOUND","Fresh","1"
"98","MTG - Menteng","2913","8993110001604","So Good Premium Chicken Nugget Stick Original","","Frozen","45"
"98","MTG - Menteng","37388","251801","Ampela Ayam Astro Farm","","Frozen","75"
"98","MTG - Menteng","4070","688590","Paket Masak Oseng Labu Siam - Astro Goods","","Fresh","1"
"98","MTG - Menteng","22855","474278","Wortel Berastagi Astro Farm","","Fresh","1"
"98","MTG - Menteng","43247","8851932479035","Walls Feast Pop Strawberry & Yoghurt","L1-FRZ-CF6-T1-K5-4","Frozen","90"
"98","MTG - Menteng","51961","881002000700","Friday Creamery Dracookie Mini","L1-FRZ-CF6-T2-K5-1","Frozen","90"
"98","MTG - Menteng","26845","8997234540230","Riverland Bubble Chicken Nugget Hot Spicy","","Frozen","45"
"98","MTG - Menteng","35435","8991071410398","Grouu Bone Broth Chicken MPASI Makanan Bayi Anak","RACK-BAD","Fresh","90"
"98","MTG - Menteng","22745","655853","Bawang Putih Bubuk Astro Basics","L2-AMD-B7-T3-3","Fresh","90"
"98","MTG - Menteng","6756","799969","Lemon Lokal Astro Farm 5-8 pcs","BAD INBOUND","Fresh","1"
"98","MTG - Menteng","23955","8998866820486","Glico Wings Frostbite Cookies & Cream Mochi","L1-FRZ-CF6-T2-K4-5","Frozen","75"
"98","MTG - Menteng","8861","8683130035283","Walls Viennetta Gold Vanila Caramel 800ml - Es Krim Walls","","Frozen","45"
"98","MTG - Menteng","47946","8931220230408","(Satu Porsi) Ayam Marinasi dengan Saus Cajun Butter 120gram","","Frozen","120"
"98","MTG - Menteng","43257","10000000000247","Acaii Tea Vege Shot","","Fresh","2"
"98","MTG - Menteng","47093","10000000004570","Singkong Kupas Astro Farm","BAD INBOUND","Fresh","1"
"98","MTG - Menteng","22061","5285001155774","Ikan Tongkol Pindang Pouch Delta Foods","BADFRESH-1","Fresh","120"
"98","MTG - Menteng","40672","8999999608736","Walls Populaire Fruity Mango","","Frozen","30"
"98","MTG - Menteng","49724","8995209802369","Etira Breaded Mushroom Hot and Spicy","","Frozen","180"
"98","MTG - Menteng","50141","8993492101336","Just Fry French Fries Shoestring","","Frozen","60"
"98","MTG - Menteng","6242","8990114000404","Campina Neapolitan Ice Cream","","Frozen","90"
"98","MTG - Menteng","44923","10000000003950","Cabe Merah Rawit Ekonomis Astro Farm","L1-CHL-DC5-T2-6","Fresh","1"
"98","MTG - Menteng","7616","127332","Balado Tongkol Frozen Astro Goods","","Fresh","2"
"98","MTG - Menteng","44694","10000000003766","Jeruk Medan Astro Farm 3-4 pcs","BAD INBOUND","Fresh","1"
"98","MTG - Menteng","50359","10000000005351","The Good Harvest Siomak Hidroponik","","Fresh","1"
"98","MTG - Menteng","51362","10000000005623","SNIFFF Bowl Honey Beef Bliss Makanan Anjing Basah","","Frozen","21"
"98","MTG - Menteng","6153","157293","Pisang Nana Barangan Premium - Astro Farm","","Fresh","1"
"98","MTG - Menteng","1722","214222","Telur Ayam Negeri Astro Farm","BAD INBOUND","Fresh","12"
"98","MTG - Menteng","46918","8993110004889","So Good Hot Crispy Chicken Nugget","","Frozen","45"
"98","MTG - Menteng","29205","261588","Dry Rubs Classic Barbecue Astro Goods","","Fresh","90"
"98","MTG - Menteng","1931","183812","Kacang Panjang Astro Farm","","Fresh","1"
"98","MTG - Menteng","5116","173124","Astro Bakers Kelepon Cake 200gr","","Fresh","1"
"98","MTG - Menteng","29212","210676","Pear Packham Astro Farm 2-3 pcs","BAD INBOUND","Fresh","1"
"98","MTG - Menteng","981","6942836713430","Hershey's Semi-Sweet Chocolate Chip Coklat","","Fresh","70"
"98","MTG - Menteng","45960","8993492102449","Edo Sukiyaki Shabu Set","","Frozen","45"
"98","MTG - Menteng","6699","522181","Tahu Coklat Segitiga","","Fresh","2"
"98","MTG - Menteng","31668","567036","Chicken Tenderloin Fillet Marinade Cajun Astro Goods","","Frozen","90"
"98","MTG - Menteng","45444","10000000004134","Selada Butterhead Hidroponik Astro Farm","BAD INBOUND","Fresh","1"
"98","MTG - Menteng","42641","10000000000061","Bawang Merah Ekonomis Astro Farm","L1-AMF-RF1-T5-3","Fresh","1"
"98","MTG - Menteng","49443","7622210398031","Cadbury Dairy Milk Roast Almond","","Fresh","54"
"98","MTG - Menteng","44653","10000000003767","Alpukat Mentega Astro Farm 1-2 pcs","BADFRESH-1","Fresh","1"
"98","MTG - Menteng","6137","8999999577285","Walls Cornetto Mini Oreo 12 x 28ml","L1-FRZ-CF6-T2-K1-7","Frozen","90"
"98","MTG - Menteng","45361","10000000003996","Kakap Fillet Skinless","","Frozen","60"
"98","MTG - Menteng","47485","8997222497737","Wahana Estate Frozen Sweet Potato Beniazuma","","Frozen","45"
"98","MTG - Menteng","43458","8997022060483","IL Gelato Coffee Chocolate Coat Ice Cream Stick","","Frozen","80"
"98","MTG - Menteng","2351","9556001032898","Kit Kat Wafer Finger Cokelat","L1-CHL-DC2-T1-15","Fresh","60"
"98","MTG - Menteng","45459","8993200670321","Cimory Yogurt Stick Kyoho Grape 25 pcs x 40 gr","","Fresh","45"
"98","MTG - Menteng","45362","10000000003999","Paru Mentah Utuh","","Frozen","90"
"98","MTG - Menteng","48562","881002000322","Friday Creamery Cookies & Cream MIni","L1-FRZ-CF6-T2-K6-5","Frozen","75"
"98","MTG - Menteng","5365","423121","Endive Hydroponic Astro Farm","","Fresh","1"
"98","MTG - Menteng","3906","370654","Oyong Astro Farm","L1-CHL-DC7-T6-4","Fresh","1"
"98","MTG - Menteng","44329","10000000003623","Kembang Kol Frozen Import","","Frozen","60"
"98","MTG - Menteng","2370","469074","Oma Elly Gelato Peanut Butter Choco 500ml","","Frozen","3"
"98","MTG - Menteng","9642","781703","Promo - Emina Rich Cheese Block 165gr","","Fresh","0"
"98","MTG - Menteng","47904","10000000004676","Pureeland Bumbu MPASI Opor","","Frozen","30"
"98","MTG - Menteng","31464","8999999516802","Walls Cornetto Black & Whitte","L1-FRZ-CF6-T1-K4-4","Frozen","90"
"98","MTG - Menteng","480","633758","Apel Fuji Astro Farm 5-6 pcs","L1-CHL-DC9-T1-1","Fresh","1"
"98","MTG - Menteng","44354","10000000003624","Chopped Spinach Frozen Import","","Frozen","60"
"98","MTG - Menteng","32336","8997207520160","El Primo Smoked Beef Ham Sliced Round","","Frozen","45"
"98","MTG - Menteng","36273","604286","Sirloin Meltique Import","L1-FRZ-CF11-T1-K5-3","Frozen","90"
"98","MTG - Menteng","5127","127292","Heirloom Yogurt Japanese Coffee Jelly Yogurt Parfait 200gr","","Fresh","7"
"98","MTG - Menteng","50691","10000000005355","Golden Natura Red Guava Cubes Frozen","L1-FRZ-CF8-T2-K3-4","Frozen","60"
"98","MTG - Menteng","32449","8999999605445","Walls Oreo Stick","L1-FRZ-CF6-T2-K7-3","Frozen","90"
"98","MTG - Menteng","44019","10000000000703","Selada Romaine Hidroponik Astro Farm","","Fresh","1"
"98","MTG - Menteng","21115","428238","Paket Ramadhan 2 pax Kafe Betawi x Astro Goods","","Fresh","14"
"98","MTG - Menteng","35786","8993492102739","Edo Butter French Croissant","","Frozen","30"
"98","MTG - Menteng","1454","8997014352657","Cedea Crab Stick","L1-FRZ-CF4-T2-K4-3","Fresh","45"
"98","MTG - Menteng","22030","195444","Selada Romaine Konvensional Astro Farm","BAD INBOUND","Fresh","1"
"98","MTG - Menteng","48497","7499221244349","Heavenly Blush Greek Yogurt Blueberry","L1-CHL-DC19-T1-1","Fresh","7"
"98","MTG - Menteng","5985","8993351120416","Greenfields Strawberry Yogurt Drink","L1-CHL-DC19-T5-2","Fresh","35"
"98","MTG - Menteng","5758","8994046110057","My Roti Choco Twist","","Fresh","1"
"98","MTG - Menteng","31642","723814","Daging Slice Dendeng Import","L1-FRZ-CF12-T2-K5-4","Frozen","90"
"98","MTG - Menteng","46623","8997016811121","Monggo Ondel-Ondel 20x5.5gram","","Fresh","90"
"98","MTG - Menteng","32428","8999898972297","Biokul Greek Yogurt Blueberry","L1-CHL-DC20-T5-6","Fresh","7"
"98","MTG - Menteng","1722","214222","Telur Ayam Negeri Astro Farm","","Fresh","12"
"98","MTG - Menteng","45465","10000000004152","Jeruk Tangold Astro Farm 5-6 pcs","","Fresh","1"
"98","MTG - Menteng","5080","116084","Momotaro Kitchen Mie Ayam Kampung Frozen 200gr","","Fresh","45"
"98","MTG - Menteng","46514","8997020831931","D'Lanier Dark Chocolate Intense Cruffles isi 5sachet","L1-CHL-DC2-T2-22","Fresh","45"
"98","MTG - Menteng","3861","8993200664061","Cimory Yogurt Drink Blueberry 65ml 4 pcs","","Fresh","35"
"98","MTG - Menteng","33496","8997014357416","Cedea Otak-otak Singapore","","Frozen","30"
"98","MTG - Menteng","48269","8998880000338","Wild Jacks Smoked Beef Rasher","","Frozen","90"
"98","MTG - Menteng","22616","640715","Pisang Barangan Astro Farm","BADFRESH-1","Fresh","1"
"98","MTG - Menteng","4266","959948","Acaii Tea Pink Drink","","Fresh","3"
"98","MTG - Menteng","51491","8993110004377","So Good Sosis Korea Buldak 58gr","","Frozen","45"
"98","MTG - Menteng","3738","161377","Tempe","L1-CHL-DC16-T3-1","Fresh","2"
"98","MTG - Menteng","47114","10000000004571","Cabe Rawit Mix Merah Hijau Astro Farm","BAD INBOUND","Fresh","1"
"98","MTG - Menteng","3685","7499221164210","Heavenly Blush Greek Yogurt Classic","L1-CHL-DC19-T3-1","Fresh","21"
"98","MTG - Menteng","32634","10148950","KIN Beef Mix Cooked Makanan Anjing Basah","","Fresh","45"
"98","MTG - Menteng","32690","8994023000234","Meg Snow Brand Cheddar Cheese","","Fresh","45"
"98","MTG - Menteng","5084","8993207222653","CP Bebek Peking Super 1.7-1.8kg","","Frozen","75"
"98","MTG - Menteng","49744","10000000005149","Roti Sobek Pistachio Kunafa Astro Goods","BADFRESH-1","Fresh","2"
"98","MTG - Menteng","6586","8999898270058","Diamond Ice Cream Neapolitan","","Frozen","30"
"98","MTG - Menteng","1765","30002432","Elle Vire Creme Cuisson Cooking Cream 35% Fat","","Fresh","60"
"98","MTG - Menteng","3862","8993200664054","Cimory Yogurt Drink Strawberry 65ml 4pcs","","Fresh","35"
"98","MTG - Menteng","27767","685400","Fresh Bites Crystal Guava Buah Potong","BAD INBOUND","Fresh","1"
"98","MTG - Menteng","3122","955783","Jamur Champignon","L1-CHL-DC15-T2-1","Fresh","1"
"98","MTG - Menteng","48105","10000000004591","Japanese Sando Cookies Matcha Astro Goods","L1-CHL-DC2-T1-4","Fresh","30"
"98","MTG - Menteng","26846","8997234540315","Riverland Smoked Chicken Cheese Mini Sausages","","Frozen","45"
"98","MTG - Menteng","21809","8993492101503","Golden Farm Potato Nugget French Fries","L1-FRZ-CF8-T2-K8-1","Frozen","45"
"98","MTG - Menteng","20993","496593","Bakpao Cha Siew Astro Goods x Shun Lee Palace","","Frozen","30"
"98","MTG - Menteng","5987","8993351120492","Greenfields Yogurt Drink Merry Berry Lychee","","Fresh","15"
"98","MTG - Menteng","4938","8992907780012","Sari Roti Klasik Kasur Keju","L2-AMD-G5-T3-3","Fresh","2"
"98","MTG - Menteng","6249","8990114000329","Campina Hula Hula Tape Ketan Hitam","L1-FRZ-CF6-T1-K2-1","Frozen","45"
"98","MTG - Menteng","47927","10000000004791","Hungry Alana Tori Paitan Broth Kaldu Ayam Probiotik MPASI","L1-FRZ-CF8-T2-K8-4","Frozen","30"
"98","MTG - Menteng","3619","800257","Selada Keriting Hydroponic Astro Farm","BADFRESH-1","Fresh","1"
"98","MTG - Menteng","24768","8999898962458","Diamond Fresh Milk Strawberry","L1-CHL-DC1-T3-10","Fresh","7"
"98","MTG - Menteng","5592","442544","Kentang Rendang Astro Farm","L1-AMF-RF8-T1-1","Fresh","1"
"98","MTG - Menteng","3073","955135","Ikan Asin Bilis","","Frozen","75"
"98","MTG - Menteng","6858","8997009742180","Sumber Selera Bakso SB Serbaguna Daging Sapi dan Ayam 50pcs","L1-FRZ-CF8-T1-K6-1","Frozen","30"
"98","MTG - Menteng","4054","305581","Paket Masak Sop Kimlo Astro Goods","BAD INBOUND","Fresh","2"
"98","MTG - Menteng","51506","10000000005590","Bunga Genjer","","Fresh","1"
"98","MTG - Menteng","42160","510682"," Wings Middle Ayam Organic Probiotik Natural Poultry","L1-FRZ-CF5-T2-K5-2","Frozen","75"
"98","MTG - Menteng","48502","10000000004861","Little Harvest Lele Fillet Bumbu Kuning","","Frozen","45"
"98","MTG - Menteng","44686","10000000003753","Nutriale Complete Raw Chicken Makanan Anjing Basah","L1-FRZ-CF13-T2-K7-2","Fresh","30"
"98","MTG - Menteng","41530","8997228750416","Pick Me Telur Bebek Pitan Century Egg","L1-AMD-A2-T4-3","Fresh","7"
"98","MTG - Menteng","50931","10000000005255","Eat Me Brand Green Power Salad","BAD INBOUND","Fresh","1"
"98","MTG - Menteng","47575","8721274611250","Walls Matcha Strawberry Ice Cream Tubs","","Frozen","90"
"98","MTG - Menteng","47943","10000000004362","Ati Ampela Ayam Organik Berkah Chicken","L1-FRZ-CF2-T2-K1-3","Frozen","75"
"98","MTG - Menteng","5621","762261","Paha Ayam Atas BestChicken","","Frozen","75"
"98","MTG - Menteng","3360","280097","Jamur Enoki","BAD INBOUND","Fresh","1"
"98","MTG - Menteng","35878","632873","Tahu Pong 9 pcs","L1-CHL-DC16-T3-4","Fresh","2"
"98","MTG - Menteng","46301","5711953017360","Arla Natural Cream Cheese","L1-CHL-DC18-T1-14","Fresh","45"
"98","MTG - Menteng","6563","8991001503664","Delfi Chic Choc Choco Mini","","Fresh","90"
"98","MTG - Menteng","48238","10000000004854","Mangga Kweni Astro Farm","","Fresh","1"
"98","MTG - Menteng","2961","8999999294038","Walls Feast Chocolate Ice Cream 65 ml","L1-FRZ-CF10-T2-K2-3","Frozen","90"
"98","MTG - Menteng","5054","76840400218","Ben&Jerry's Strawberry Cheesecake 473ml Ice Cream /Es Krim","","Frozen","45"
"98","MTG - Menteng","33782","8992994110136","Yakult Minuman Probiotik","","Fresh","7"
"98","MTG - Menteng","42435","131408","Acaii Tea Black Lemon","","Fresh","2"
"98","MTG - Menteng","42643","10000000000064","Cabe Merah Rawit Ekonomis Astro Farm","","Fresh","1"
"98","MTG - Menteng","44430","8993492101602","Edo Mantou Plain","L1-FRZ-CF8-T2-K2-2","Frozen","90"
"98","MTG - Menteng","980","6942836703615","Hershey's Kisses Chocolate Cookies & Cream","","Fresh","70"
"98","MTG - Menteng","2027","7622300270919","Kraft Quick Melt Mozza Cheese","L1-CHL-DC17-T5-6","Fresh","36"
"98","MTG - Menteng","8540","8993351120362","Greenfields Strawberry Yogurt Pouch","","Fresh","7"
"98","MTG - Menteng","5684","171051","Cumi Flower Astro Farm","","Frozen","75"
"98","MTG - Menteng","3838","784404","Pear Singo Premium Size L Astro Farm 1 pcs","","Fresh","1"
"98","MTG - Menteng","2375","7622210086693","Cadbury Dairy Milk Fruit & Nut Cokelat","","Fresh","45"
"98","MTG - Menteng","21492","8994130900458","Dada Ayam Boneless Sreeya","","Frozen","45"
"98","MTG - Menteng","31813","151000","Salmon Belly","","Frozen","60"
"98","MTG - Menteng","40602","882319","Amazing Farm Horenzo Hydroponic","L1-CHL-DC23-T3-5","Fresh","1"
"98","MTG - Menteng","47092","10000000004572","Cabe Keriting Mix Merah Hijau Astro Farm","","Fresh","1"
"98","MTG - Menteng","8521","229003","Ayam Broiler Potong 10 Sreeya","BAD INBOUND","Frozen","45"
"98","MTG - Menteng","10920","8991001111289","Silverqueen Cashew Cokelat","L1-CHL-DC2-T3-1","Fresh","90"
"98","MTG - Menteng","2991","431249","Shortplate Slice USA - Astro Goods/Beef Slice","","Frozen","90"
"98","MTG - Menteng","50606","10000000005401","Jagung Salju Astro Farm 1 pcs","L1-CHL-DC13-T2-4","Fresh","1"
"98","MTG - Menteng","46929","10000000004497","Striploin Steak MB7 Astro Farm Signature","","Frozen","90"
"98","MTG - Menteng","8003","594873","Latteria x Astro - Raspberry Mango Sorbet Cup","","Frozen","30"
"98","MTG - Menteng","1937","348810","Nanas Honi Astro Farm 1 pcs","BADFRESH-1","Fresh","1"
"98","MTG - Menteng","28236","392236","Melon Saga Premium Size L","","Fresh","1"
"98","MTG - Menteng","779","941148","Paprika Merah Astro Farm","L1-CHL-DC4-T2-7","Fresh","1"
"98","MTG - Menteng","35376","8994130900724","Belfoods Royal Corn Flakes Chicken Nugget","","Frozen","45"
"98","MTG - Menteng","1722","214222","Telur Ayam Negeri Astro Farm","BADFRESH-1","Fresh","12"
"98","MTG - Menteng","47894","10000000004670","Pureeland Baby Soup Meat Balls Soup MPASI","","Frozen","30"
"98","MTG - Menteng","6632","112784","Delima Astro Farm 1 pcs","","Fresh","1"
"98","MTG - Menteng","43866","10000000000642","Alaskan Coho Salmon Wild Caught","","Frozen","60"
"98","MTG - Menteng","1604","8999999005610","Walls Magnum Almond","L1-FRZ-CF6-T1-K2-4","Frozen","90"
"98","MTG - Menteng","6083","311833","[Bundle] Telur Ayam Negeri Conventional","","Fresh","7"
"98","MTG - Menteng","50930","10000000005253","Eat Me Brand Asian Garden Salad with Tomato","L1-CHL-DC3-T4-10","Fresh","1"
"98","MTG - Menteng","27261","276626","Opia Otak-otak Lumpia","","Frozen","30"
"98","MTG - Menteng","44932","10000000003959","Timun Organik Astro Farm","","Fresh","1"
"98","MTG - Menteng","35511","108436","Ayam Parting Marinasi Original Astro Basics","","Frozen","75"
"98","MTG - Menteng","42328","774871","Dada Ayam Slice Astro Farm 450-550gram","L1-FRZ-CF2-T2-K3-1","Frozen","75"
"98","MTG - Menteng","44970","10000000003977","Buah Naga Merah Ekonomis Astro Farm","BAD INBOUND","Fresh","1"
"98","MTG - Menteng","2489","8997228861518","Amazing Farm American Mix Salad To Go","L1-CHL-DC23-T3-6","Fresh","1"
"98","MTG - Menteng","24902","320012","Morrocan Mint Straciatella Manatea x Astro Goods/Es Krim","","Frozen","30"
"98","MTG - Menteng","5464","865441","Japanese Musk Melon Size M","","Fresh","1"
"98","MTG - Menteng","22104","748964","Brokoli Import Astro Farm","BAD INBOUND","Fresh","1"
"98","MTG - Menteng","113","230171","Lemon California Lokal Astro Farm 5-7 pcs","","Fresh","1"
"98","MTG - Menteng","24761","186290","Ikan Tuna Steak Astro Farm","","Frozen","60"
"98","MTG - Menteng","50955","10000000005476","Dried Oregano Leaves Astro Goods","L2-AMD-B9-T5-11","Fresh","30"
"98","MTG - Menteng","51664","8992907952273","Sari Roti Sobek Cokelat Blueberry","L2-AMD-G5-T6-4","Fresh","3"
"98","MTG - Menteng","24120","516313","Dada Ayam Boneless Astro Farm","L1-FRZ-CF2-T2-K6-2","Frozen","60"
"98","MTG - Menteng","35377","8994130900717","Belfoods Royal Nugget Mozzalicious","L1-FRZ-CF1-T2-K8-2","Frozen","45"
"98","MTG - Menteng","35784","692639","Hati Ayam Kampung Astro Farm","L1-FRZ-CF2-T1-K1-1","Frozen","75"
"98","MTG - Menteng","45033","8999898299059","Diamond Fresh Milk Plain","","Fresh","7"
"98","MTG - Menteng","49726","8721274611410","Walls Cornetto Matcha Strawberry Es Krim","L1-FRZ-CF6-T2-K3-12","Frozen","100"
"98","MTG - Menteng","41351","8994466960324","Tanikuu Pure Lemon Juice Alora","L1-CHL-DC22-T2-2","Fresh","60"
"98","MTG - Menteng","2279","9555573001301","Everbest Ring Roll Vegetarian Kembang Tahu Hotpot","","Frozen","45"
"98","MTG - Menteng","19713","257371","Timun Suri Astro Farm 1pcs","","Fresh","1"
"98","MTG - Menteng","41573","433433","Metzger Herb Garlic Butter Cup","","Fresh","45"
"98","MTG - Menteng","43421","10000000000289","Lean Shabu Low Fat Prime Beef Import Imperfect Astro Goods","","Frozen","90"
"98","MTG - Menteng","46618","8850329351015","Meiji Aloe Vera Yogurt","","Fresh","7"
"98","MTG - Menteng","44696","10000000003778","Lemon Lokal Astro Farm 2-5 pcs","","Fresh","1"
"98","MTG - Menteng","5567","579306","GQE Telur Puyuh/Egg/Telor","","Fresh","5"
"98","MTG - Menteng","3901","7499221145127","Heavenly Blush Tummy Mango Carot Yogurt Drink","L1-CHL-DC18-T2-10","Fresh","30"
"98","MTG - Menteng","33097","8997014357485","Cedea Steamboat Set Tomyum","","Frozen","30"
"98","MTG - Menteng","45288","10000000004041","Bawang Bombay Cincang  Astro Farm","","Fresh","1"
"98","MTG - Menteng","42712","501061","Daging Gule Kambing dengan Tulang Astro Farm","L1-FRZ-CF12-T2-K8-1","Frozen","90"
"98","MTG - Menteng","4937","8993138110043","Sawi Asin Prima Rasa","","Fresh","20"
"98","MTG - Menteng","44847","10000000003906","Ikan Asin Sepat Astro Farm","","Frozen","20"
"98","MTG - Menteng","355","7499221164173","Heavenly Blush Greek Yogurt Granola","L1-CHL-DC19-T2-1","Fresh","12"
"98","MTG - Menteng","42157","559328","Tulang Kaldu Astro Farm","","Frozen","90"
"98","MTG - Menteng","24898","332503","Roasted Milk tea Manatea x Astro Goods/Es Krim","","Frozen","30"
"98","MTG - Menteng","44707","10000000003740","Azaki Tempe Daun Bulat 1 pcs","BAD INBOUND","Fresh","2"
"98","MTG - Menteng","43229","10000000000186","Paha Ayam Bawah Negeri Organik Probiotik Astro Farm","L1-FRZ-CF5-T1-K5-3","Frozen","75"
"98","MTG - Menteng","318","464460","Kayu Manis Stick - Astro Farm","","Fresh","60"
"98","MTG - Menteng","22932","8999999595647","Walls Magnum Matcha Crumble","L1-FRZ-CF10-T2-K2-8","Frozen","90"
"98","MTG - Menteng","24801","8994456540086","Athien Otak - Otak Super","L1-CHL-DC14-T5-1","Frozen","4"
"98","MTG - Menteng","32434","8999898975762","Biokul To Go Bluberry Yogurt","","Fresh","7"
"98","MTG - Menteng","1666","9556001670700","Kit Kat 4 Fingers Cokelat","","Fresh","60"
"98","MTG - Menteng","4130","170489","Kapulaga Astro Farm","L2-AMD-B1-T4-2","Fresh","60"
"98","MTG - Menteng","52224","5413121372331","The Belgian No Sugar Added Dark Chocolate","L1-CHL-DC2-T1-11","Fresh","45"
"98","MTG - Menteng","32617","10196157","Kin Cats Raw Food Fish & Chicken Makanan Kucing Basah","","Fresh","45"
"98","MTG - Menteng","24761","186290","Ikan Tuna Steak Astro Farm","BADFRESH-1","Frozen","60"
"98","MTG - Menteng","48623","10000000004922","Cabe Hijau Rawit Organik","","Fresh","1"
"98","MTG - Menteng","44892","2030000006","Bu Rudy Sambal Ijo Sachet","","Fresh","7"
"98","MTG - Menteng","8520","479294","Ayam Utuh 700-800gr Sreeya","","Frozen","75"
"98","MTG - Menteng","3113","118108","Ribeye Steak Import Astro Farm","L1-FRZ-CF11-T1-K3-2","Frozen","90"
"98","MTG - Menteng","6394","824927","Jeruk Pomelo Astro Farm 1 pcs","BADFRESH-1","Fresh","1"
"98","MTG - Menteng","8458","8993351120867","Greenfields Yogurt Pouch Mixed Berry/Yoghurt","","Fresh","7"
"98","MTG - Menteng","32644","934135","Kin Dog Food Quail Necks/Makanan Anjing","","Fresh","60"
"98","MTG - Menteng","48266","10000000004717","Gyukushi AUS Wagyu Astro Farm Signature 200gr","","Frozen","90"
"98","MTG - Menteng","30708","8991646000153","Rejuve Cold Pressed Juice U.GLW","L1-CHL-DC18-T4-12","Fresh","2"
"98","MTG - Menteng","44233","10000000003588","Selada Romaine Konvensional Astro Farm","BADFRESH-1","Fresh","1"
"98","MTG - Menteng","3602","750963","Brokoli - Astro Farm","","Fresh","1"
"98","MTG - Menteng","46212","10000000004150","Resep Roemah Bumbu Instant Anak Kuah Rawon","","Frozen","30"
"98","MTG - Menteng","4769","223113","Aburi Kitchen Dimsum Mentai isi 6pcs","","Frozen","45"
"98","MTG - Menteng","51317","10000000005481","Bunga Bawang Astro Farm","","Fresh","1"
"98","MTG - Menteng","42642","10000000000063","Bawang Putih Ekonomis Astro Farm","","Fresh","1"
"98","MTG - Menteng","43562","10000000000321","Kazu Matcha Premium Grade","","Fresh","90"
"98","MTG - Menteng","6247","8990114000190","Campina Concerto Midi Strawberry Choco Chunk","L1-FRZ-CF6-T2-K4-1","Frozen","45"
"98","MTG - Menteng","1421","8995555184249","Kimbo Bratwurst Sausages","","Frozen","45"
"98","MTG - Menteng","24706","597379","Golden Thorn Durian Musang King","","Frozen","45"
"98","MTG - Menteng","25091","8993492101848","Edo Mini Pau Cokelat","","Frozen","90"
"98","MTG - Menteng","43119","10000000000158","Ikan Asin Peda Putih","","Frozen","30"
"98","MTG - Menteng","36235","612063","Ayam Kampung Giling Astro Farm","BADFRESH-1","Frozen","75"
"98","MTG - Menteng","1550","8998009080500","Kraft Keju Cheddar Blok","L1-CHL-DC17-T5-3","Fresh","36"
"98","MTG - Menteng","3854","803432","Acaii Teatox Berry","","Fresh","60"
"98","MTG - Menteng","8419","641427","Ayam Opor Frozen Astro Goods","","Fresh","12"
"98","MTG - Menteng","8966","623886","Bumbu Dasar Putih Astro Goods","","Fresh","9"
"98","MTG - Menteng","8788","955217","Frozen Bebek Panggang Astro Goods","","Fresh","2"
"98","MTG - Menteng","47557","31201009","Terve Milk Chocolate 70 gr","L1-CHL-DC2-T1-6","Fresh","90"
"98","MTG - Menteng","2772","8999898561323","Diamond Keju Cheddar","","Fresh","20"
"98","MTG - Menteng","45009","10000000003981","Tenderloin Grassfed","L1-FRZ-CF12-T2-K2-1","Frozen","90"
"98","MTG - Menteng","47928","10000000004790","Hungry Alana Grass Fed Beef Bone Broth High Fat MPASI","","Frozen","30"
"98","MTG - Menteng","5904","989107","Apel Fuji Blush Premium Size L Astro Farm 4-6 pcs","","Fresh","1"
"98","MTG - Menteng","33785","805670","Paha Ayam Atas Astro Farm","","Frozen","60"
"98","MTG - Menteng","8934","8997213710111","Bonanza Bakso Sapi Gold","","Frozen","45"
"98","MTG - Menteng","40956","418381","Raw Pet Gourmet Minis Salmon, Chicken & Spinach Makanan Basah Anjing","L1-FRZ-CF13-T2-K3-7","Fresh","30"
"98","MTG - Menteng","32008","571683","Jeruk Bali Kupas Astro Farm","","Fresh","1"
"98","MTG - Menteng","3619","800257","Selada Keriting Hydroponic Astro Farm","","Fresh","1"
"98","MTG - Menteng","44764","10000000003696","Inbolic Sugar-Free Original Mayonnaise with Olive Oil","L1-CHL-DC14-T3-10","Fresh","90"
"98","MTG - Menteng","45379","10000000004093","Daun Bawang Ekonomis Astro Farm","BAD INBOUND","Fresh","1"
"98","MTG - Menteng","2925","8992993260351","Colatta Dark Compound Chocolate Cooking","","Fresh","120"
"98","MTG - Menteng","20988","869319","Lumpia Ayam Goreng Astro Goods x Shun Lee Palace","","Frozen","30"
"98","MTG - Menteng","2112","8991001663191","Delfi Cha Cha Minis Tube with Surprise Toy for Girls","","Fresh","90"
"98","MTG - Menteng","45453","10000000004102","Shoyu Garlic Butter Astro Goods","L1-CHL-DC14-T2-16","Fresh","15"
"98","MTG - Menteng","5480","95502489","Kit Kat 2 Finger Cokelat","L1-CHL-DC2-T2-12","Fresh","90"
"98","MTG - Menteng","22854","427620","Daun Bawang Astro Farm","BAD INBOUND","Fresh","1"
"98","MTG - Menteng","32415","8993406800805","Yummy Plain Yogurt","BAD INBOUND","Fresh","21"
"98","MTG - Menteng","34121","561069","Moon Cake Cokelat Ang Hap Siang","","Fresh","12"
"98","MTG - Menteng","43737","10000000000526","Mangga Manalagi Astro Farm 2-3 pcs","L1-AMF-RF5-T6-1","Fresh","1"
"98","MTG - Menteng","3471","8993200662494","Kanzler Chicken Cordon Bleu Frozen Food","L1-FRZ-CF1-T2-K2-3","Frozen","45"
"98","MTG - Menteng","31832","203498","Es Krim Valrhona Dark Chocolate Astro Goods x Lococo","","Frozen","75"
"98","MTG - Menteng","31901","214440","Daun Kari Astro Farm","","Fresh","1"
"98","MTG - Menteng","3840","704001","Baby Pakcoy Hydroponic Astro Farm","L1-CHL-DC3-T2-1","Fresh","1"
"98","MTG - Menteng","29416","404678","Bawang Putih Tunggal - Astro Farm","","Fresh","2"
"98","MTG - Menteng","5810","745110055709","Frozchick Ayam Bumbu Rica","","Frozen","30"
"98","MTG - Menteng","31642","723814","Daging Slice Dendeng Import","","Frozen","90"
"98","MTG - Menteng","50112","8997014358376","Cedea Chikuwa Nejiri Blackpepper","","Frozen","45"
"98","MTG - Menteng","44815","10000000003860","Buncis Super Astro Farm","L1-CHL-DC12-T3-1","Fresh","1"
"98","MTG - Menteng","43795","10000000000602","Salmon Sashimi","","Frozen","60"
"98","MTG - Menteng","41320","8994130900632","BLD Ayam Nanas Belfoods Sreeya","","Frozen","45"
"98","MTG - Menteng","4084","371111","Ayam Broiler Parting 8 Frozen","","Frozen","75"
"98","MTG - Menteng","11010","8991001111296","Silverqueen Almond","","Fresh","75"
"98","MTG - Menteng","44693","10000000003765","Jambu Air Citra Astro Farm 3 pcs","BAD INBOUND","Fresh","1"
"98","MTG - Menteng","22587","110944","NYC Coffee LemonDiscoFish x Astro Goods","","Frozen","30"
"98","MTG - Menteng","44821","10000000003867","Pare Astro Farm","L1-CHL-DC7-T5-4","Fresh","1"
"98","MTG - Menteng","43802","10000000000429","Driscoll's Raspberry","","Fresh","1"
"98","MTG - Menteng","43569","8993492101411","Golden Farm Shoestring Coated 1kg","","Frozen","90"
"98","MTG - Menteng","2366","820451","Kol Putih Astro Farm","BAD INBOUND","Fresh","1"
"98","MTG - Menteng","49999","10000000005212","Cabe Hijau Besar Tanpa Tangkai Astro Farm","","Fresh","1"
"98","MTG - Menteng","19698","8997015494240","Green Valley Grated Parmesan Cheese Pouch","","Fresh","45"
"98","MTG - Menteng","4694","848745","Oma Elly Fresh Pasta Laminated Fettuccine 500gr","","Frozen","45"
"98","MTG - Menteng","36686","734178","Banana Pudding Taro & Ginkgo by Scarlett's","","Fresh","1"
"98","MTG - Menteng","30561","996062","Ikan Patin Utuh Bersih 500-600gram","L1-FRZ-CF3-T1-K5-3","Frozen","60"
"98","MTG - Menteng","50331","8997207520221","El Primo Bakso Sapi Premium Halus","L1-FRZ-CF4-T1-K5-3","Frozen","90"
"98","MTG - Menteng","44912","10000000003909","Alpukat Mentega Ekonomis Astro Farm 2-4 pcs","BAD INBOUND","Fresh","1"
"98","MTG - Menteng","22380","216265","Tomat Merah Ekonomis Astro Farm","BAD INBOUND","Fresh","1"
"98","MTG - Menteng","42209","855156","Escobark Gently Cooked Duck Makanan Anjing Basah","L1-FRZ-CF13-T1-K1-4","Fresh","30"
"98","MTG - Menteng","35877","649668","Tahu Cina","L1-CHL-DC16-T1-1","Fresh","2"
"98","MTG - Menteng","44689","10000000003758","Godoggie Healthy Beef Barkday Cake","","Fresh","120"
"98","MTG - Menteng","48105","10000000004591","Japanese Sando Cookies Matcha Astro Goods","BADFRESH-1","Fresh","30"
"98","MTG - Menteng","46181","10000000004313","Anggur Hijau Shine Muscat Less Seed Ekonomis Astro Farm","L1-CHL-DC8-T3-6","Fresh","1"
"98","MTG - Menteng","47231","8995226401958","Dada Ayam Steak Mooyam MOON MATE","","Frozen","90"
"98","MTG - Menteng","9940","930768","Daging Empal Import Astro Farm","L1-FRZ-CF12-T2-K3-3","Frozen","90"
"98","MTG - Menteng","3611","356862","Sawi Hijau Konvensional Astro Farm","L1-CHL-DC4-T6-5","Fresh","1"
"98","MTG - Menteng","40900","619067","Wortel Berastagi Ekonomis Astro Farm","BAD INBOUND","Fresh","1"
"98","MTG - Menteng","4993","641897","Daging Sapi Rendang Import Astro Farm","","Frozen","90"
"98","MTG - Menteng","25914","606091","Anggur Mix - Astro Farm","","Fresh","1"
"98","MTG - Menteng","31643","286929","Paha Ayam Bawah Negeri Organik Probiotik LactoFarm 600-700gram","","Frozen","90"
"98","MTG - Menteng","37","8997015494004","Green Valley Grated Parmesan Cheese","L1-CHL-DC17-T1-3","Fresh","45"
"98","MTG - Menteng","27861","8991102715744","Amani Yogurt Sip Original","","Fresh","7"
"98","MTG - Menteng","49722","8995209802352","Etira Breaded Mushroom Original","L1-FRZ-CF8-T1-K4-4","Frozen","180"
"98","MTG - Menteng","25272","859913","Manggis Lokal Astro Farm 4-6 pcs","BAD INBOUND","Fresh","1"
"98","MTG - Menteng","32197","8998866820615","Glico Wings Frostbite Chocolate Vanilla Cup","","Frozen","90"
"98","MTG - Menteng","42000","344697","Daging Sapi Rendang Premium Astro Farm","L1-FRZ-CF12-T1-K6-2","Frozen","90"
"98","MTG - Menteng","6011","8999898962205","Biokul Stired Yogurt Strawberry","","Fresh","12"
"98","MTG - Menteng","6629","199563","Belimbing Dewi Astro Farm 2-3 pcs","L1-CHL-DC10-T2-4","Fresh","1"
"98","MTG - Menteng","49859","10000000005009","BARK Soto Ayam Makanan Anjing Basah","L1-FRZ-CF13-T2-K1-4","Frozen","30"
"98","MTG - Menteng","44657","10000000003764","Pisang Ambon Astro Farm 6-7 pcs","L1-AMF-RF3-T4-1","Fresh","1"
"98","MTG - Menteng","4647","258039","Paket Masak Opor Ayam - Astro Goods","","Fresh","1"
"98","MTG - Menteng","37653","899468","Daging Sirloin Slice Import","","Frozen","90"
"98","MTG - Menteng","26481","8994448800143","Kokikit Nasi Padang & Ayam Suwir Pedas 160gram","","Frozen","90"
"98","MTG - Menteng","48268","8998880000031","Wild Jacks American Beef Bacon 250gr","","Frozen","90"
"98","MTG - Menteng","45963","10000000004107","Honey Garlic Chicken Astro Goods","L1-FRZ-CF8-T2-K5-1","Frozen","15"
"98","MTG - Menteng","22854","427620","Daun Bawang Astro Farm","L1-CHL-DC6-T5-5","Fresh","1"
"98","MTG - Menteng","45006","10000000003991","Kepala Cumi","L1-FRZ-CF7-T2-K4-4","Frozen","60"
"98","MTG - Menteng","50397","5701215042407","Emborg Brie Cheese","L1-CHL-DC18-T1-4","Fresh","45"
"98","MTG - Menteng","29208","102033","Dry Rubs Rotisserie Poultry Astro Goods","L2-AMD-B1-T5-6","Fresh","90"
"98","MTG - Menteng","35782","9913150101002","Bernardi Beef Pepperoni","L1-FRZ-CF4-T2-K4-4","Frozen","45"
"98","MTG - Menteng","449","8995229804145","Belfoods Sosis Ayam 6pcs","","Frozen","45"
"98","MTG - Menteng","27262","385434","Premium Bulgogi Onigiri","","Fresh","1"
"98","MTG - Menteng","870","74570052028","Haagen-Dazs Cookies & Cream Ice Cream Mini Cup","","Frozen","45"
"98","MTG - Menteng","4167","8997014450070","Prochiz Cheddar Keju Slice 5's","L1-CHL-DC17-T3-3","Fresh","45"
"98","MTG - Menteng","43228","10000000000200","Tulang Punggung Ayam Potong 8 Astro Farm","L1-FRZ-CF5-T1-K6-2","Frozen","60"
"98","MTG - Menteng","45621","10000000004186","Amazing Farm Mini Cucumber","L1-CHL-DC23-T3-10","Fresh","1"
"98","MTG - Menteng","30535","8991728000712","Joyday Neapolitan 3in1 Flavors","","Frozen","90"
"98","MTG - Menteng","45362","10000000003999","Paru Mentah Utuh","L1-FRZ-CF12-T2-K5-5","Frozen","90"
"98","MTG - Menteng","3738","161377","Tempe","","Fresh","2"
"98","MTG - Menteng","51166","10000000005570","Roti Sandwich Chocolate Astro Goods","L2-AMD-G5-T5-6","Fresh","2"
"98","MTG - Menteng","44664","10000000003804","Ayam Parting 8 Bumbu Kuning Oke Chicken","","Frozen","90"
"98","MTG - Menteng","51959","8997015182604","Freshtize Chicken Nugget Original 500gram","L1-FRZ-CF1-T2-K6-4","Frozen","90"
"98","MTG - Menteng","25007","611330","Tumis Daun Singkong Teri Kafe Betawi x Astro Goods","","Fresh","14"
"98","MTG - Menteng","31489","555845","Bumi Tempe Non GMO Mix Kacang Hijau","","Fresh","2"
"98","MTG - Menteng","35835","4901160010143","Okame Goku Kotsubu Natto Cup 170gram","","Frozen","14"
"98","MTG - Menteng","25653","8993200668076","Kanzler Crispy Chicken Stick Nugget","","Frozen","45"
"98","MTG - Menteng","1070","8885013130041","Aice Popsicle Mangga Ice Cream 1pcs","","Frozen","45"
"98","MTG - Menteng","49365","10000000005001","Roti Tawar Kupas Jumbo A Basics 300g","L2-AMD-G6-T2-5","Fresh","2"
"98","MTG - Menteng","5466","267521","Melon Inthanon Size XXL - Astro Goods","","Fresh","1"
"98","MTG - Menteng","20999","8993200661350","Cimory Mixed Fruit Yogurt Drink","L1-CHL-DC18-T2-6","Fresh","35"
"98","MTG - Menteng","22775","372831","Sirloin Angus MB3+ Steak AUS Meatboys x Astro Farm","","Frozen","90"
"98","MTG - Menteng","4772","817188","Fore Coffee Aren Latte","","Fresh","75"
"98","MTG - Menteng","22855","474278","Wortel Berastagi Astro Farm","L1-CHL-DC13-T1-6","Fresh","1"
"98","MTG - Menteng","40900","619067","Wortel Berastagi Ekonomis Astro Farm","","Fresh","1"
"98","MTG - Menteng","50389","8721274611434","Wall's Populaire Lychee Yoghurt Ice Cream","L1-FRZ-CF10-T2-K2-1","Frozen","90"
"98","MTG - Menteng","47235","8992704101126","Bumifood Quick Bites Fish Tofu 60gram","","Frozen","100"
"98","MTG - Menteng","36739","806559","Korean Strawberry Premium","","Fresh","1"
"98","MTG - Menteng","36494","363456","Daun Melinjo Astro Farm","","Fresh","1"
"98","MTG - Menteng","28091","877037","Bawang Merah Kupas Astro Farm","BADFRESH-1","Fresh","2"
"98","MTG - Menteng","42575","10000000000006","Pear Xiang Lie Astro Farm 2-3 pcs","L1-CHL-DC9-T1-3","Fresh","1"
"98","MTG - Menteng","46907","9782549790086","Omahan Kitchen Ayam Bumbu Kuning 1 Ekor","","Fresh","23"
"98","MTG - Menteng","32297","394294","Tom Yum Astro Goods","","Fresh","12"
"98","MTG - Menteng","24233","2579610020008","Cookie Bomb BakedIDFood","","Fresh","14"
"98","MTG - Menteng","44674","10000000003782","Paha Ayam Fillet Marinasi Lada Hitam Oke Chicken","","Frozen","90"
"98","MTG - Menteng","5561","959189","GQE Telur Asin Matang","","Fresh","5"
"98","MTG - Menteng","544","706750","Tomat Cherry Astro Farm","L1-CHL-DC13-T3-1","Fresh","1"
"98","MTG - Menteng","33664","8993175568296","Richeese Factory Crunch Bubble Crumb Nugget","","Frozen","45"
"98","MTG - Menteng","22948","443374","Jeruk Mandarin Afourer Seedless Astro Farm 3-7 pcs","","Fresh","1"
"98","MTG - Menteng","48500","10000000004879","[Bundling] Kurma Sukari Astro Farm","","Fresh","30"
"98","MTG - Menteng","5153","417247","Dimsum Inc Gyoza Dumpling 12 pcs","","Frozen","45"
"98","MTG - Menteng","43548","8997236190242","Sven's Streaky Bacon American Style","L1-FRZ-CF13-T2-K1-2","Frozen","90"
"98","MTG - Menteng","44823","10000000003869","Lobak Astro Farm","L1-CHL-DC7-T5-8","Fresh","1"
"98","MTG - Menteng","31110","8994130900144","Kulit Ayam Sreeya","L1-FRZ-CF9-T1-K8-2","Frozen","75"
"98","MTG - Menteng","41314","381652","Sayap Ayam Wing Stick Astro Farm","","Frozen","75"
"98","MTG - Menteng","1456","8997014356013","Cedea Bakso Ikan Besar","","Fresh","45"
"98","MTG - Menteng","26475","8993374322347","Fiesta Seafood Dori Stick","L1-FRZ-CF4-T1-K3-6","Frozen","45"
"98","MTG - Menteng","22616","640715","Pisang Barangan Astro Farm","","Fresh","1"
"98","MTG - Menteng","25156","8992907952143","Sari Roti Sandroll Zupperr Keju","BADFRESH-1","Fresh","2"
"98","MTG - Menteng","45378","10000000004092","Baby Buncis Ekonomis Astro Farm","L1-CHL-DC12-T3-2","Fresh","1"
"98","MTG - Menteng","46211","10000000004149","Resep Roemah Bumbu Kuah Instant Anak Opor","","Frozen","30"
"98","MTG - Menteng","3839","944442","Baby Bayam Hydroponic Astro Farm","L1-CHL-DC4-T5-3","Fresh","1"
"98","MTG - Menteng","44890","2030000005","Bu Rudy Sambal Bawang Sachet","","Fresh","15"
"98","MTG - Menteng","4699","8994046010036","My Roti Tawar Funwari","","Fresh","2"
"98","MTG - Menteng","31529","8997205335353","Telur Asin Matang","L1-AMD-A2-T4-6","Fresh","7"
"98","MTG - Menteng","14267","8993200668335","Cimory Squeeze Brown Sugar Yogurt","L1-CHL-DC19-T2-7","Fresh","45"
"98","MTG - Menteng","34149","229343","Jeruk Peras Manis Siam Madu Astro Farm 8-12 pcs","","Fresh","1"
"98","MTG - Menteng","51576","10000000005551","Amazing Farm Simply Cos Salad","L1-CHL-DC23-T3-3","Fresh","1"
"98","MTG - Menteng","30577","8994046100157","My Roti Steam Cake Strawberry","","Fresh","2"
"98","MTG - Menteng","777","937709","Buah Naga Merah Astro Farm 1 pcs","","Fresh","1"
"98","MTG - Menteng","31919","273712","Roti Sobek Choco Crunchy Ovomaltine Astro Goods x Ovomaltine","","Fresh","2"
"98","MTG - Menteng","52566","10000000005879","Pisang Cavendish Chibi Shine 5-9 pcs","L1-AMF-RF9-T3-5","Fresh","1"
"98","MTG - Menteng","22740","381154","Lada Hitam Bubuk Astro Basics","L2-AMD-B9-T1-11","Fresh","90"
"98","MTG - Menteng","46515","8997020831955","D'Lanier Milk Chocolate Cruffles isi 5 sachet","L1-CHL-DC2-T1-7","Fresh","45"
"98","MTG - Menteng","45452","10000000004143","Telur Prima Low Cholesterol","BAD INBOUND","Fresh","7"
"98","MTG - Menteng","23137","297334","Paha Ayam Utuh Astro Farm Regular","L1-FRZ-CF2-T1-K2-2","Frozen","60"
"98","MTG - Menteng","4806","584790","Kurma Anggur","L1-CHL-DC8-T2-8","Fresh","30"
"98","MTG - Menteng","4182","814948","Jumpstart Hot Cappuccino ( Hot Coffee )","","Fresh","75"
"98","MTG - Menteng","45463","8995555215110","Kimbo Sosis Sapi Serbaguna 24pcs","","Frozen","45"
"98","MTG - Menteng","22104","748964","Brokoli Import Astro Farm","","Fresh","1"
"98","MTG - Menteng","2995","235979","Beet Root Astro Farm","","Fresh","1"
"98","MTG - Menteng","1901","8991001121615","Silverqueen Classic Cashew","L1-CHL-DC2-T2-1","Fresh","90"
"98","MTG - Menteng","32184","9912190101003","Bernardi Delicatessen Breakfash Sausage With Cheese","L1-FRZ-CF4-T2-K4-1","Frozen","90"
"98","MTG - Menteng","439","596577","Blueberry Premium Astro Farm","BADFRESH-1","Fresh","1"
"98","MTG - Menteng","37522","589400","Azaki Tempe Plant Base Non GMO","BAD INBOUND","Fresh","2"
"98","MTG - Menteng","1331","8993200663064","Cimory Yogurt Drink Plain","","Fresh","35"
"98","MTG - Menteng","2427","8993110050206","So Good Premium Chicken Sausage Original","","Frozen","45"
"98","MTG - Menteng","44487","8994457140155","Pawmeals Young & Adult Chick'n Salmon Cooked Makanan Anjing Basah","L1-FRZ-CF13-T2-K1-1","Frozen","30"
"98","MTG - Menteng","4337","4710701410027","Tiger Sugar Boba Milk Ice Cream 4 Pcs/Es Krim","","Frozen","7"
"98","MTG - Menteng","43735","10000000000556","Ikan Gabus Fillet","","Frozen","60"
"98","MTG - Menteng","47549","8999999275440","Walls Shaky Shake Ice Cream","BAD INBOUND","Frozen","250"
"98","MTG - Menteng","23356","557108","Roti Sobek Coklat Susu A Basics","","Fresh","2"
"98","MTG - Menteng","43701","10000000000511","Mangga Harum Manis Astro Farm 1-2 pcs","BADFRESH-1","Fresh","1"
"98","MTG - Menteng","5431","966436","Kapsim Daging Babi Slice","","Frozen","90"
"98","MTG - Menteng","31401","196767","Sambal Embe Astro Goods","BADFRESH-1","Fresh","15"
"98","MTG - Menteng","4065","731451","Ubi Merah Astro Farm","","Fresh","1"
"98","MTG - Menteng","49725","8993200000036","Kanzler Singles Sosis Tom Yum","","Frozen","45"
"98","MTG - Menteng","2711","668578","Little Maria Carbonara Sauce","","Fresh","90"
"98","MTG - Menteng","36374","756256","Lidah Indo Rendang Sapi Sengkel","","Fresh","30"
"98","MTG - Menteng","22724","611477","Apel Fuji Envy Premium Astro Farm 2-3 pcs","BAD INBOUND","Fresh","1"
"98","MTG - Menteng","43433","8993351120614","Greenfields Plain Yogurt Cup","L1-CHL-DC20-T2-3","Fresh","7"
"98","MTG - Menteng","1916","279601","Kembang Kol Astro Farm","L1-CHL-DC12-T2-6","Fresh","1"
"98","MTG - Menteng","43650","10000000000439","Kentang Organik","L1-AMF-RF8-T2-1","Fresh","1"
"98","MTG - Menteng","45290","10000000004039","Bawang Bombay Kupas Astro Farm","L1-CHL-DC7-T3-9","Fresh","1"
"98","MTG - Menteng","5813","505297","Lokio Astro Farm","","Fresh","1"
"98","MTG - Menteng","3611","356862","Sawi Hijau Konvensional Astro Farm","","Fresh","1"
"98","MTG - Menteng","17","11410003","Sibas Ikan Salmon Fillet 150-170gram","","Frozen","75"
"98","MTG - Menteng","50443","10000000005260","Jagung Manis Kupas Organik","","Fresh","1"
"98","MTG - Menteng","46617","8850329315031","Meiji Mango Yogurt","","Fresh","7"
"98","MTG - Menteng","22743","528382","Cabai Bubuk Halus Astro Basics","","Fresh","90"
"98","MTG - Menteng","46954","8998866820745","Waku Waku Chocoloop 35ml","L1-FRZ-CF10-T1-K2-6","Frozen","90"
"98","MTG - Menteng","6862","8997009744443","Hanzel Smoked Beef","L1-FRZ-CF4-T1-K5-6","Frozen","45"
"98","MTG - Menteng","33154","7622300065201","Kraft Keju Cheddar Mini","","Fresh","36"
"98","MTG - Menteng","1349","8993351129501","Greenfields Fresh Milk Chocomalt","L1-CHL-DC1-T3-1","Fresh","7"
"98","MTG - Menteng","44696","10000000003778","Lemon Lokal Astro Farm 2-5 pcs","BADFRESH-1","Fresh","1"
"98","MTG - Menteng","52223","10000000005836","Kimpul Astro Farm","BADFRESH-1","Fresh","1"
"98","MTG - Menteng","51958","8997015182666","Freshtize Chicken Nugget Crunchy 500gram","L1-FRZ-CF1-T2-K5-4","Frozen","90"
"98","MTG - Menteng","36064","8993207230214","Fiesta Crispy Bubble Chicken Nugget","","Frozen","45"
"98","MTG - Menteng","47774","8995226404904","Pork Bacon Mamas","","Frozen","30"
"98","MTG - Menteng","32449","8999999605445","Walls Oreo Stick","BAD INBOUND","Frozen","90"
"98","MTG - Menteng","45712","10000000004161","Yellow Peach Dices Frozen IQF","L1-FRZ-CF8-T2-K2-3","Frozen","60"
"98","MTG - Menteng","733","8994592014038","Tulip Choco Chips Dark Compound","L1-CHL-DC22-T4-11","Fresh","45"
"98","MTG - Menteng","42364","321307","Furou Kiwi Frozen IQF","","Frozen","60"
"98","MTG - Menteng","48259","8990114000282","Campina Heart","L1-FRZ-CF6-T2-K3-7","Frozen","300"
"98","MTG - Menteng","47239","8997015800133","Daily Fresh Whole Kernel Sweet Corn 500gram","L1-FRZ-CF8-T2-K2-9","Frozen","45"
"98","MTG - Menteng","46620","8850329103003","Meiji Fresh Milk Blue 3.7 Fat","L1-CHL-DC1-T2-4","Fresh","7"
"98","MTG - Menteng","34032","254130","Ceker Ayam Astro Farm","L1-FRZ-CF2-T2-K3-5","Frozen","60"
"98","MTG - Menteng","6764","770655","Paket Masak Sayur Sop Astro Goods","BADFRESH-1","Fresh","2"
"98","MTG - Menteng","548","708982","MOMMA Fishball Bakso Babi isi 20pcs","","Frozen","90"
"98","MTG - Menteng","31778","370660","Pisang Kepok Kuning Astro Farm","","Fresh","1"
"98","MTG - Menteng","3650","9556001091925","Nestle Milo Cup Ice Cream","","Frozen","45"
"98","MTG - Menteng","35334","8991728000767","Joyday Premice Belgian Chocolate","","Frozen","60"
"98","MTG - Menteng","6059","785884","Daging Teriyaki Import Astro Farm","L1-FRZ-CF12-T2-K3-5","Frozen","90"
"98","MTG - Menteng","3754","110310","Pomelo Madu - Astro Farm","","Fresh","2"
"98","MTG - Menteng","44229","10000000003589","Zukini Organik","","Fresh","1"
"98","MTG - Menteng","20631","667353","Ikan Kakap Merah Fillet","","Frozen","60"
"98","MTG - Menteng","43655","10000000000493","Daun Rosemary Organik","L1-CHL-DC12-T2-3","Fresh","1"
"98","MTG - Menteng","457","616358","Labu Siam Astro Farm","","Fresh","1"
"98","MTG - Menteng","48259","8990114000282","Campina Heart","","Frozen","300"
"98","MTG - Menteng","43740","10000000000515","Mangga Gedong Astro Farm 2-3 pcs","BAD INBOUND","Fresh","1"
"98","MTG - Menteng","6114","699540","Tomat Beef Hydroponic Astro Farm","L1-CHL-DC13-T4-5","Fresh","1"
"98","MTG - Menteng","45118","10000000004007","Jagung Manis Pipil Fresh Astro Farm","L1-CHL-DC12-T5-6","Fresh","1"
"98","MTG - Menteng","26125","8991818890148","Finna Kulit Lumpia 50 Lembar","L1-FRZ-CF8-T1-K1-5","Fresh","120"
"98","MTG - Menteng","47938","10000000004353","Paha Ayam Giling Astro Farm 250gram","","Frozen","90"
"98","MTG - Menteng","6877","346820","Ben&Jerry's Ice Cream New York Super Fudge Chunk","","Frozen","45"
"98","MTG - Menteng","50136","8994453110114","Sour Sally Yogulato Ichi-Go Mochi Strawberry","L1-FRZ-CF6-T2-K5-5","Frozen","90"
"98","MTG - Menteng","23536","8994448900140","Chicken Thighs Fillet Marinade Sweet Lemon BBQ Bitte","","Frozen","90"
"98","MTG - Menteng","36443","570825","Ubi Merah Astro Farm","","Fresh","1"
"98","MTG - Menteng","26095","771138","Pepaya Callina - Astro Farm","","Fresh","1"
"98","MTG - Menteng","32641","274639","Kin Dog Food Kefir Yoghurt/Makanan Anjing","","Fresh","30"
"98","MTG - Menteng","41948","309657","Rich's IceHot Non-Dairy Creamer","","Fresh","60"
"98","MTG - Menteng","43248","8999999611538","Walls Cornetto Apple Crumble Flavour","","Frozen","90"
"98","MTG - Menteng","5615","705326","Ayam Utuh BestChicken","","Frozen","75"
"98","MTG - Menteng","46197","10000000004411","Seledri Stik Organik","L1-CHL-DC3-T4-6","Fresh","1"
"98","MTG - Menteng","1938","433422","Strawberry - Astro Farm","","Fresh","1"
"98","MTG - Menteng","2522","8997212940076","Ayyomi Telur Kampoeng Omega/Telur/Egg","","Fresh","7"
"98","MTG - Menteng","50774","9009176","Triple Three Foods Streaky Bacon Sliced","L1-FRZ-CF13-T1-K4-2","Frozen","90"
"98","MTG - Menteng","3652","9556001272775","Nestle Kit Kat Ice Cream Stick","","Frozen","45"
"98","MTG - Menteng","23043","384444","Miruku Lactose free Milk Astro Goods x Heavenly Blush/Susu Bebas Laktosa","","Fresh","3"
"98","MTG - Menteng","44707","10000000003740","Azaki Tempe Daun Bulat 1 pcs","L1-CHL-DC16-T4-1","Fresh","2"
"98","MTG - Menteng","31255","8992907952334","Sari Roti Sandwich Krim Keju","","Fresh","2"
"98","MTG - Menteng","2378","7622210398055","Cadbury Dairy Milk Black Forest  Cokelat","L1-CHL-DC2-T1-32","Fresh","45"
"98","MTG - Menteng","26007","8993200669004","Cimory Stick Strawberry Yogurt Box","L1-CHL-DC19-T2-10","Fresh","45"
"98","MTG - Menteng","44825","10000000003908","Pakcoy Ekonomis Astro Farm","","Fresh","1"
"98","MTG - Menteng","44511","8993319050083","Yoseo Creamix Topping Cookies & Cream Yogurt","L1-CHL-DC18-T3-8","Fresh","30"
"98","MTG - Menteng","47775","8995226404447","Streaky Bacon Sliced Mamas","L1-FRZ-CF13-T2-K4-7","Frozen","30"
"98","MTG - Menteng","50953","8885013134681","Aice Crispy Balls Shine Muscat with Popping Candy","","Frozen","90"
"98","MTG - Menteng","41628","8992704100426","Mitraku Bakso Mix","","Frozen","30"
"98","MTG - Menteng","4865","532573","Daun Pepaya Astro Farm","L1-CHL-DC6-T4-4","Fresh","1"
"98","MTG - Menteng","45255","10000000004031","Rahsa Nusantara Sapujagad Alit Leci Vitamin Herbal Daya Tahan Tubuh Anak","L1-CHL-DC22-T2-5","Fresh","30"
"98","MTG - Menteng","6635","350562","Lolorosa- Astro Farm","","Fresh","1"
"98","MTG - Menteng","14194","711844110717","ABC Kecap Pedas","","Fresh","0"
"98","MTG - Menteng","44931","10000000003958","Kembang Kol Potong Astro Farm","","Fresh","1"
"98","MTG - Menteng","5686","5740900832305","Lurpak Salted Butter","","Fresh","45"
"98","MTG - Menteng","31919","273712","Roti Sobek Choco Crunchy Ovomaltine Astro Goods x Ovomaltine","BADFRESH-1","Fresh","2"
"98","MTG - Menteng","8029","722767","Black Garlic Mayo Astro Goods","","Fresh","60"
"98","MTG - Menteng","5629","220085","Paket Masak Cumi Asam Manis - Astro Goods","","Fresh","1"
"98","MTG - Menteng","26475","8993374322347","Fiesta Seafood Dori Stick","","Frozen","45"
"98","MTG - Menteng","32853","8993351129334","Greenfields Fresh Milk Cafe Latte Low Fat","","Fresh","7"
"98","MTG - Menteng","5811","745110055723","Frozchick Ayam Bumbu Rujak","","Frozen","30"
"98","MTG - Menteng","47373","2000101546634","Sliced Duck Meat CP","L1-FRZ-CF5-T2-K2-1","Frozen","60"
"98","MTG - Menteng","44890","2030000005","Bu Rudy Sambal Bawang Sachet","L1-CHL-DC14-T2-5","Fresh","15"
"98","MTG - Menteng","50134","8994453110046","Sour Sally Yogulato Ichi-Go Mochi Strawberry","","Frozen","90"
"98","MTG - Menteng","44967","10000000003974","Jeruk Peras Manis Siam Madu Ekonomis Astro Farm 8-12 pcs","","Fresh","1"
"98","MTG - Menteng","4745","8994592305587","Tulip Chocolatier Dark Compound Chocolate","L1-CHL-DC22-T4-1","Fresh","45"
"98","MTG - Menteng","2339","219224","Jagung Manis Kulit Astro Farm","L1-CHL-DC13-T2-3","Fresh","1"
"98","MTG - Menteng","44653","10000000003767","Alpukat Mentega Astro Farm 1-2 pcs","","Fresh","1"
"98","MTG - Menteng","45375","10000000004089","Bayam Hijau Ekonomis Astro Farm","","Fresh","1"
"98","MTG - Menteng","27768","800190","Fresh Bites Buah Potong Mixed Fruits","BAD INBOUND","Fresh","1"
"98","MTG - Menteng","8541","8993351120065","Greenfields Original Yogurt Pouch","L1-CHL-DC19-T5-4","Fresh","7"
"98","MTG - Menteng","45726","10000000004224","Pisang Cavendish Cluster 5-9 pcs","L1-AMF-RF2-T6-1","Fresh","1"
"98","MTG - Menteng","36273","604286","Sirloin Meltique Import","","Frozen","90"
"98","MTG - Menteng","6569","8991001111791","Silverqueen Bites Dark Chocolate","","Fresh","90"
"98","MTG - Menteng","44693","10000000003765","Jambu Air Citra Astro Farm 3 pcs","","Fresh","1"
"98","MTG - Menteng","23538","8994448900157","Chicken Breast Fillet Marinade Italian Bitte Dada Ayam","","Frozen","90"
"98","MTG - Menteng","3897","7499221133162","Heavenly Blush Yoguruto Peach Yogurt Drink","","Fresh","45"
"98","MTG - Menteng","28091","877037","Bawang Merah Kupas Astro Farm","L1-AMF-RF8-T3-2","Fresh","2"
"98","MTG - Menteng","4203","3073780810661","The Laughing Cow Cheese Dipper","","Fresh","21"
"98","MTG - Menteng","48567","8853815007496","Campina Bon Bon Vanilla Chocolate Bites","","Frozen","300"
"98","MTG - Menteng","48268","8998880000031","Wild Jacks American Beef Bacon 250gr","L1-FRZ-CF3-T2-K3-5","Frozen","90"
"98","MTG - Menteng","52040","10000000005813","Jeruk Dandy Mandy Astro Farm","","Fresh","1"
"98","MTG - Menteng","8540","8993351120362","Greenfields Strawberry Yogurt Pouch","L1-CHL-DC19-T4-1","Fresh","7"
"98","MTG - Menteng","44968","10000000003975","Pepaya California Ekonomis Astro Farm 1 pcs","L1-AMF-RF3-T3-2","Fresh","1"
"98","MTG - Menteng","31918","276697","Roti Sobek Srikaya A Basics","L2-AMD-G6-T4-3","Fresh","2"
"98","MTG - Menteng","47736","8991001122438","Delfi Big Coin Chocolate Lebaran 25gram","","Fresh","90"
"98","MTG - Menteng","1937","348810","Nanas Honi Astro Farm 1 pcs","L1-AMF-RF7-T6-1","Fresh","1"
"98","MTG - Menteng","48254","9555894514580","Tasty Sea Gourmet Shrimp Wonton","","Frozen","216"
"98","MTG - Menteng","37143","342801","Salmon Cube Saikoro","L1-FRZ-CF7-T2-K6-1","Frozen","60"
"98","MTG - Menteng","23601","8993036114006","Kong Kee Tahu Rasa Udang 140gram","BAD INBOUND","Fresh","2"
"98","MTG - Menteng","22591","298584","The Spidey Suit LemonDiscofish x Astro Goods","","Frozen","30"
"98","MTG - Menteng","6204","10145325","Kin Raw Dog Food Beef Berries & Pumpkin Makanan Anjing","","Fresh","45"
"98","MTG - Menteng","25653","8993200668076","Kanzler Crispy Chicken Stick Nugget","L1-FRZ-CF1-T1-K3-2","Frozen","45"
"98","MTG - Menteng","3846","481157","Daun Ketumbar Astro Farm","BAD INBOUND","Fresh","1"
"98","MTG - Menteng","48245","8997236201283","Metzger USA Beef Rasher","L1-FRZ-CF3-T2-K3-3","Frozen","90"
"98","MTG - Menteng","47930","10000000004788","Hungry Alana Chicken Bone Broth High Protein MPASI","","Frozen","30"
"98","MTG - Menteng","31113","8992854000317","Sunfresh Premium Pineapple Juice","","Fresh","15"
"98","MTG - Menteng","34125","839047","Moon Cake Campedak Ang Hap Siang","","Fresh","12"
"98","MTG - Menteng","42988","8994452100000","Leuga Lele Bumbu Kuning","","Frozen","30"
"98","MTG - Menteng","32615","10196155","Kin Raw Dog Food Duck, Zucchini & Kale Makanan Anjing","BADFRESH-1","Fresh","45"
"98","MTG - Menteng","25839","642094","Lidah Sapi Slice Import Astro Farm","L1-FRZ-CF12-T2-K3-2","Frozen","90"
"98","MTG - Menteng","7172","8997014450575","Prochiz Mayo Salad Dressing","L1-CHL-DC18-T1-6","Fresh","90"
"98","MTG - Menteng","46210","10000000004148","Resep Roemah Bumbu Instant Anak Kuah Sop Buntut","","Frozen","30"
"98","MTG - Menteng","42870","10000000000147","Roti Sobek Keju Astro Goods x Kiri Cheese","BADFRESH-1","Fresh","2"
"98","MTG - Menteng","47949","8931220230422","(Satu Porsi) Ayam Marinasi dengan Saus Italian Herbs 120gram","","Frozen","120"
"98","MTG - Menteng","24131","8994130900045","Ceker Ayam Bersih Sreeya","L1-FRZ-CF9-T1-K6-2","Frozen","45"
"98","MTG - Menteng","33673","8997009742500","Sumber Selera Bakso Isi Keju","L1-FRZ-CF4-T2-K1-1","Frozen","45"
"98","MTG - Menteng","45047","7499221204510","Heavenly Blush Greek Bfast Yogurt Drink","","Fresh","45"
"98","MTG - Menteng","45715","10000000004189","Wortel Baby Berastagi Astro Farm","BADFRESH-1","Fresh","1"
"98","MTG - Menteng","2956","8992993526051","Colatta Fineza Dark Chocolate","","Fresh","90"
"98","MTG - Menteng","46618","8850329351015","Meiji Aloe Vera Yogurt","L1-CHL-DC19-T4-9","Fresh","7"
"98","MTG - Menteng","29637","8991001113078","Silverqueen Chunky Bear Valentine Pack 3x30gr","","Fresh","30"
"98","MTG - Menteng","44352","8997212280677","Ayoma Rolade Sapi 9pcs","L1-FRZ-CF4-T1-K2-5","Frozen","45"
"98","MTG - Menteng","43266","10000000000255","Hyoshii Strawberry Premium Momoka Ichigo Size M","","Fresh","1"
"98","MTG - Menteng","33332","8993351129914","Greenfields Fresh Milk Full Cream","","Fresh","7"
"98","MTG - Menteng","33949","8993200669301","Cimory Bites Strawberry Mango Yogurt","","Fresh","45"
"98","MTG - Menteng","46926","10000000004496","Ribeye Steak MB5 Astro Farm Signature","","Frozen","90"
"98","MTG - Menteng","44489","8994457140117","Pawmeals Sensitive Series Bon Rabbetit Cooked Makanan Anjing Basah","L1-FRZ-CF13-T2-K5-8","Frozen","30"
"98","MTG - Menteng","47511","8721274611182","Walls Cornetto Choco Brownie Ice Cream 108ml","L1-FRZ-CF10-T2-K2-4","Frozen","75"
"98","MTG - Menteng","5530","9557240432203","SeafoodKing Tofu Fried Seafood","","Frozen","45"
"98","MTG - Menteng","40951","522383","Raw Pet Gourmet Minis Beef, Goat & Pumpkin Makanan Basah Anjing","L1-FRZ-CF13-T2-K3-6","Fresh","30"
"98","MTG - Menteng","22582","706565","Bawang Bombay Astro Farm","","Fresh","2"
"98","MTG - Menteng","50372","10000000005265","Iga Sapi Shortrib","","Frozen","75"
"98","MTG - Menteng","43804","10000000000240","Roti Tawar: Shokupan Inspired A Basics 6pcs","L2-AMD-G6-T6-2","Fresh","2"
"98","MTG - Menteng","8983","4000417200006","Ritter Sport Raspberry Rose","","Fresh","60"
"98","MTG - Menteng","11979","8991728000347","Joyday Blewah Coco Jelly Ice Cream","","Frozen","45"
"98","MTG - Menteng","43654","10000000000492","Daun Bawang Organik","","Fresh","1"
"98","MTG - Menteng","36480","264702","Jeruk Peras Manis Siam Madu Astro Farm 4-6 pcs","L1-AMF-RF4-T6-3","Fresh","1"
"98","MTG - Menteng","6759","217904","IP Farm Ubi Ungu","","Fresh","1"
"98","MTG - Menteng","45441","10000000004131","Apel Fuji Wangshan Premium 2 pcs","","Fresh","1"
"98","MTG - Menteng","26094","579040","Persimmon Astro Farm 200-250 gram","","Fresh","1"
"98","MTG - Menteng","52186","10000000005729","Acaii Overnight Oats Dubai Chocolate","L1-CHL-DC22-T3-6","Fresh","1"
"98","MTG - Menteng","4201","3073780963893","Kiri Cream Cheese 108gr/Krim Keju","","Fresh","15"
"98","MTG - Menteng","4758","6194008610010","Kurma Tunisia Palm Fruit","L1-CHL-DC8-T3-5","Fresh","30"
"98","MTG - Menteng","22712","910698","Triple Cheese Mac Astro Goods x Trattoria La Famiglia","","Fresh","14"
"98","MTG - Menteng","4918","108183","Delicio Japanese Toast 457gr","","Fresh","1"
"98","MTG - Menteng","44777","10000000003848","Udang Kupas Vanamei Size S Astro Farm","","Frozen","90"
"98","MTG - Menteng","42204","933431","Escobark Gently Cooked Beef Makanan Anjing Basah","","Fresh","30"
"98","MTG - Menteng","22949","909918","Pear Forelle Astro Farm 2-3 pcs","","Fresh","1"
"98","MTG - Menteng","46616","8850329315512","Meiji Nata de Coco Yogurt","L1-CHL-DC19-T4-10","Fresh","7"
"98","MTG - Menteng","30054","4000417652706","Ritter Sport Cube Thankyou","","Fresh","90"
"98","MTG - Menteng","700","868075","Jamur Tiram - Astro Farm","L1-CHL-DC15-T3-1","Fresh","1"
"98","MTG - Menteng","52077","8995555819837","KIMBO Heppiii Bakso 325 gram","L1-FRZ-CF8-T2-K3-2","Frozen","90"
"98","MTG - Menteng","43426","10000000000241","Roti Tawar Jumbo A Basics","BADFRESH-1","Fresh","2"
"98","MTG - Menteng","5011","404892","Paket Masak Kolak Biji Salak","","Fresh","1"
"98","MTG - Menteng","21772","8991788951610","Sakura Tahu Telur Rasa Udang","","Fresh","18"
"98","MTG - Menteng","44019","10000000000703","Selada Romaine Hidroponik Astro Farm","L1-CHL-DC3-T3-6","Fresh","1"
"98","MTG - Menteng","2176","563365","Oma Elly Frozen Pizza Marinara Diameter 20cm","","Fresh","7"
"98","MTG - Menteng","34286","8991001111869","Silverqueen Chunky Orange Peel 85gram","L1-CHL-DC2-T2-13","Fresh","30"
"98","MTG - Menteng","45250","10000000004059","Bawang Mix Merah Putih Kupas Astro Farm","BADFRESH-1","Fresh","1"
"98","MTG - Menteng","4866","137609","Daun Singkong Astro Farm","","Fresh","1"
"98","MTG - Menteng","48557","8997241670876","Ayam Probiotik Utuh Delights Ciken 0.9 - 1.0 kg","","Frozen","75"
"98","MTG - Menteng","45455","10000000004105","Sambal Bajak Astro Goods","","Fresh","10"
"98","MTG - Menteng","36701","8991071680111","Green Rebel Padang Style Rendang","","Frozen","30"
"98","MTG - Menteng","41314","381652","Sayap Ayam Wing Stick Astro Farm","L1-FRZ-CF2-T2-K7-2","Frozen","75"
"98","MTG - Menteng","8542","8993351120164","Greenfields Blueberry Yogurt Pouch","L1-CHL-DC19-T5-7","Fresh","7"
"98","MTG - Menteng","3134","8991001122049","Delfi Chocolate Almond","","Fresh","60"
"98","MTG - Menteng","42644","10000000000065","Cabe Merah Keriting Ekonomis Astro Farm","","Fresh","1"
"98","MTG - Menteng","5088","8994036523515","Aroma Pork Sweet Bacon","","Frozen","90"
"98","MTG - Menteng","46953","8998866820776","Frostbite Pandan Srikaya Mochi 46ml","","Frozen","75"
"98","MTG - Menteng","28312","7622210789129","Cadbury Dairy Milk Chocolate","","Fresh","45"
"98","MTG - Menteng","5376","8991001501097","Delfi Chacha Peanut Chacha","L1-CHL-DC2-T1-22","Fresh","90"
"98","MTG - Menteng","47787","10000000004759","Pear Autumn Honey Wang Shan Gift Box","","Fresh","1"
"98","MTG - Menteng","37522","589400","Azaki Tempe Plant Base Non GMO","L1-CHL-DC16-T5-4","Fresh","2"
"98","MTG - Menteng","380","426918","Jeruk Sunkist Navel Seedless Astro Farm 2-3 pcs","BADFRESH-1","Fresh","1"
"98","MTG - Menteng","43228","10000000000200","Tulang Punggung Ayam Potong 8 Astro Farm","","Frozen","60"
"98","MTG - Menteng","2610","8993200667406","Cimory Squeeze Peach Yogurt","L1-CHL-DC18-T5-4","Fresh","45"
"98","MTG - Menteng","43858","8995555118756","KIMBO Gold Plus Bratwurst Butter Cheese Isi 6","","Frozen","45"
"98","MTG - Menteng","45434","10000000004014","Pet Meal Box Duck Cooked Wet Dog Food","L1-FRZ-CF13-T1-K8-3","Frozen","60"
"98","MTG - Menteng","34123","926658","Moon Cake Cokelat Keju Ang Hap Siang","","Fresh","12"
"98","MTG - Menteng","45956","10000000004307","Lemon Import Astro Farm 1 pcs","","Fresh","1"
"98","MTG - Menteng","691","7499221124146","Heavenly Blush Greek Yogurt Peach","L1-CHL-DC19-T3-5","Fresh","12"
"98","MTG - Menteng","23826","876247","[Promo]Anchor Cheese Cheddar Slice 12 Pcs/Keju","","Fresh","1"
"98","MTG - Menteng","5565","677535","GQE Telur Kampung/Egg/Telor","","Fresh","5"
"98","MTG - Menteng","5816","274147","Kopitiam Teh Jahe","","Fresh","1"
"98","MTG - Menteng","33217","8997009742135","Sumber Selera Bakso Sapi Premium 50pcs","L1-FRZ-CF4-T1-K2-3","Frozen","30"
"98","MTG - Menteng","31276","8999898975793","Biokul To Go Mixberry Yogurt","","Fresh","45"
"98","MTG - Menteng","32721","8999898969846","Brookfarm Fresh Milk Strawberry","","Fresh","5"
"98","MTG - Menteng","1341","8993351120102","Greenfields Blueberry Yogurt","L1-CHL-DC19-T5-3","Fresh","7"
"98","MTG - Menteng","4832","8993207130064","Akumo Chicken Nugget","","Frozen","45"
"98","MTG - Menteng","22380","216265","Tomat Merah Ekonomis Astro Farm","L1-CHL-DC13-T4-1","Fresh","1"
"98","MTG - Menteng","6115","8997207636748","Cumi Utuh 4-6 cm Java Sea","L1-FRZ-CF3-T2-K7-5","Frozen","60"
"98","MTG - Menteng","5530","9557240432203","SeafoodKing Tofu Fried Seafood","L1-FRZ-CF4-T2-K2-3","Frozen","45"
"98","MTG - Menteng","31528","8997205335322","Telur Puyuh","","Fresh","7"
"98","MTG - Menteng","12907","400026570004","Telur Ayam Kampung","","Fresh","7"
"98","MTG - Menteng","41352","807130","Cadbury E-packs 150K","","Fresh","45"
"98","MTG - Menteng","42156","944903","Usus Sapi Rebus Astro Farm","L1-FRZ-CF12-T2-K4-4","Frozen","90"
"98","MTG - Menteng","48498","7499221244363","Heavenly Blush Greek Yogurt Honey","L1-CHL-DC19-T1-2","Fresh","7"
"98","MTG - Menteng","29572","718127","Jeruk Mandarin Kino Size L Astro Farm 4-6 pcs","","Fresh","1"
"98","MTG - Menteng","43109","10000000000143","Cabe Merah Keriting Astro Farm","","Fresh","1"
"98","MTG - Menteng","32571","8993200664993","Cimory Yogurt Drink Strawberry Zero Sugar","","Fresh","35"
"98","MTG - Menteng","6113","819355","Blueberry Astro Farm","","Fresh","1"
"98","MTG - Menteng","5597","953172","Anggur Long Crimson Astro Farm","BAD INBOUND","Fresh","1"
"98","MTG - Menteng","31635","784778","8 Fruitz Yellow Peach Sliced Frozen IQF","","Frozen","60"
"98","MTG - Menteng","4807","212214","Kurma Ajwa Jumbo","","Fresh","30"
"98","MTG - Menteng","1937","348810","Nanas Honi Astro Farm 1 pcs","","Fresh","1"
"98","MTG - Menteng","42644","10000000000065","Cabe Merah Keriting Ekonomis Astro Farm","L1-CHL-DC5-T3-4","Fresh","1"
"98","MTG - Menteng","6566","8991001111807","Silverqueen Bites Chocolate Almond","","Fresh","90"
"98","MTG - Menteng","11989","792809","Kerupuk Udang A Basics","","Fresh","28"
"98","MTG - Menteng","50355","10000000005261","Lidah Buaya Organik","BAD INBOUND","Fresh","1"
"98","MTG - Menteng","46205","8997022060391","Il Gelato Froyo Yoghurt Passion Fruit 100 gr","L1-FRZ-CF6-T2-K6-2","Frozen","75"
"98","MTG - Menteng","28335","768739","Ayam Pejantan Utuh","","Frozen","90"
"98","MTG - Menteng","3354","8000500009673","Ferrero Rocher Chocolate Box","","Fresh","45"
"98","MTG - Menteng","28092","482471","Bawang Putih Kupas Astro Farm","BAD INBOUND","Fresh","2"
"98","MTG - Menteng","28235","8995229804114","Belfoods Royal Smoked Chicken","","Frozen","60"
"98","MTG - Menteng","32615","10196155","Kin Raw Dog Food Duck, Zucchini & Kale Makanan Anjing","L1-FRZ-CF13-T2-K2-7","Fresh","45"
"98","MTG - Menteng","37157","392281","Striploin PR Steak Grassfed Import","","Frozen","90"
"98","MTG - Menteng","6628","673517","Salak Pondoh Astro Farm 10-14 pcs","","Fresh","1"
"98","MTG - Menteng","36481","252403","Apel Fuji Blush Premium Size L 2-3 pcs","BAD INBOUND","Fresh","1"
"98","MTG - Menteng","3117","767180","Daging Sapi Saikoro Premium","","Frozen","90"
"98","MTG - Menteng","48019","8994130900694","Ayam Nanas Daging Cincang Sreeya","","Frozen","30"
"98","MTG - Menteng","5128","857124","Heirloom Traditional Greek Yogurt Plain 450ml","","Fresh","7"
"98","MTG - Menteng","47941","10000000004361","Kulit Ayam Organik Berkah Chicken","L1-FRZ-CF2-T2-K1-2","Frozen","75"
"98","MTG - Menteng","36493","872403","Daun Genjer Astro Farm","L1-CHL-DC6-T3-5","Fresh","1"
"98","MTG - Menteng","8933","8994130899691","Belfoods Crunchy Nugget","L1-FRZ-CF1-T1-K5-2","Frozen","45"
"98","MTG - Menteng","52040","10000000005813","Jeruk Dandy Mandy Astro Farm","L1-CHL-DC11-T1-3","Fresh","1"
"98","MTG - Menteng","44819","10000000003864","Cuciwis Astro Farm","L1-CHL-DC12-T4-1","Fresh","1"
"98","MTG - Menteng","4200","3073781054446","The Laughing Cow Cheese Triangle 8 Portion","","Fresh","21"
"98","MTG - Menteng","515","670231","BBF Beef Teriyaki Fatty","","Frozen","1"
"98","MTG - Menteng","207","347838","Mangga Harum Manis Astro Farm 2-4 pcs","BAD INBOUND","Fresh","1"
"98","MTG - Menteng","41350","8994466960317","Tanikuu Pure Lemon Juice Alora","","Fresh","60"
"98","MTG - Menteng","43426","10000000000241","Roti Tawar Jumbo A Basics","","Fresh","2"
"98","MTG - Menteng","5598","477778","Anggur Autumn Less Seed Premium Astro Farm","","Fresh","1"
"98","MTG - Menteng","36435","901597","Cabe Hijau Keriting Astro Farm","L1-CHL-DC5-T4-2","Fresh","1"
"98","MTG - Menteng","51166","10000000005570","Roti Sandwich Chocolate Astro Goods","BADFRESH-1","Fresh","2"
"98","MTG - Menteng","2967","8993492101084","Golden Farm Kernel Corn","","Frozen","45"
"98","MTG - Menteng","43552","10000000000394","Wagyu Sirloin MB 9 AUS Grain Fed","","Frozen","90"
"98","MTG - Menteng","2572","532256","Amazing Farm Kacang Edamame","","Fresh","1"
"98","MTG - Menteng","6094","887858","[Bundle]Prochiz Cheddar Cheese Slice 10 Lembar","","Fresh","30"
"98","MTG - Menteng","22029","509839","Selada Keriting Konvensional Astro Farm","L1-CHL-DC3-T4-3","Fresh","1"
"98","MTG - Menteng","50772","9029176","Triple Three Foods Honey Baked Ham","L1-FRZ-CF13-T1-K7-8","Frozen","90"
"98","MTG - Menteng","4061","656899","Biji Pala Astro Farm","","Fresh","60"
"98","MTG - Menteng","32635","10196160","Kin Dog Food Fish Mixer/Makanan Anjing","","Fresh","30"
"98","MTG - Menteng","7614","941780","Astro Goods Indonesian Veggie Mix","","Fresh","2"
"98","MTG - Menteng","23355","439479","Roti Sobek Coklat Keju A Basics","","Fresh","2"
"98","MTG - Menteng","22368","370752","Jamur Swiss Brown Astro Farm","","Fresh","2"
"98","MTG - Menteng","43860","8993492101114","Golden Farm French Fries Straight Cut","L1-FRZ-CF11-T2-K6-2","Frozen","90"
"98","MTG - Menteng","44821","10000000003867","Pare Astro Farm","","Fresh","1"
"98","MTG - Menteng","5779","8885013131864","Aice Sweet Corn","","Frozen","90"
"98","MTG - Menteng","2995","235979","Beet Root Astro Farm","L1-CHL-DC7-T5-9","Fresh","1"
"98","MTG - Menteng","8744","147060","Roti Gandum Kupas 10 Slices A Basics","L2-AMD-G6-T5-2","Fresh","2"
"98","MTG - Menteng","5634","199402","Paket Masak Naengmyeon (Korean Noodle Soup)","","Fresh","1"
"98","MTG - Menteng","41315","755605","Sayap Ayam Wing Tip Astro Farm","","Frozen","75"
"98","MTG - Menteng","41459","8993071700301","Belfoods Royal Fry and Shake dengan Barbeque Shaker Kentang Frozen","","Frozen","30"
"98","MTG - Menteng","5681","458519","Mangga Manalagi Astro Farm 4-5 pcs","","Fresh","1"
"98","MTG - Menteng","50442","10000000005259","Melon Anba Dang Sweet 1 pcs","L1-AMF-RF9-T3-1","Fresh","2"
"98","MTG - Menteng","910","3415587404184","Haagen-Dasz Chocolate Choc Almond Stick Bar Ice Cream","","Frozen","45"
"98","MTG - Menteng","36375","729736","Lidah Indo Rendang Sapi Paha","","Fresh","30"
"98","MTG - Menteng","6756","799969","Lemon Lokal Astro Farm 5-8 pcs","","Fresh","1"
"98","MTG - Menteng","31529","8997205335353","Telur Asin Matang","","Fresh","7"
"98","MTG - Menteng","1892","8991001503213","Delfi Maltitos","","Fresh","90"
"98","MTG - Menteng","1893","8991001112118","Delfi Take It 4Fingers Dark","","Fresh","90"
"98","MTG - Menteng","8758","5711953000782","Puck Cream Cheese Stick 6 pcs x 18gr","","Fresh","30"
"98","MTG - Menteng","4464","871918","Vienna Bolu Abon Sapi 10x20 cm 500gr","","Fresh","1"
"98","MTG - Menteng","36484","608921","Latteria X One Bite Big Bite High Protein Gelato Chocolate Hazelnut","","Frozen","3"
"98","MTG - Menteng","41755","47677474208","Mars Twix Ice Cream Bar Single Size","","Frozen","60"
"98","MTG - Menteng","3601","352275","Paket Masak Capcay Astro Goods","L1-CHL-DC23-T4-2","Fresh","2"
"98","MTG - Menteng","22774","915868","Ribeye Angus MB3+ Steak AUS Meatboys x Astro Farm","","Frozen","90"
"98","MTG - Menteng","5986","8993351120409","Greenfields Yogurt Drink Blueberry","L1-CHL-DC19-T3-3","Fresh","7"
"98","MTG - Menteng","47576","8721274611274","Walls Avocado Brownie Ice Cream Tubs","","Frozen","90"
"98","MTG - Menteng","50357","10000000005354","The Good Harvest Bayam Hijau Hidroponik","L1-CHL-DC3-T2-4","Fresh","1"
"98","MTG - Menteng","6138","8999999042257","Walls Neopolitana 3in1 Es Krim","","Frozen","90"
"98","MTG - Menteng","28817","536721","Cabai Kasar Bubuk Astro Goods","","Fresh","90"
"98","MTG - Menteng","42211","584112","Escobark Gently Cooked Pork Makanan Anjing Basah","L1-FRZ-CF13-T1-K1-5","Fresh","30"
"98","MTG - Menteng","46176","10000000004298","Pear Packham Astro Farm 1 pcs","","Fresh","1"
"98","MTG - Menteng","3774","176191","Ikano Ebi Losari","","Frozen","75"
"98","MTG - Menteng","2521","8991001112903","Silverqueen Green Tea Matcha","L1-CHL-DC2-T2-3","Fresh","90"
"98","MTG - Menteng","1595","8999898962328","BioKul Yogurt Blueberry","","Fresh","7"
"98","MTG - Menteng","43579","10000000000437","Ceker Ayam Organik Hona Farm","","Frozen","45"
"98","MTG - Menteng","50953","8885013134681","Aice Crispy Balls Shine Muscat with Popping Candy","BADFRESH-1","Frozen","90"
"98","MTG - Menteng","24493","105567","Jeruk Sunkist Cara Cara Seedless Astro Farm 3-6 pcs","L1-CHL-DC11-T1-1","Fresh","1"
"98","MTG - Menteng","22866","8991102715508","Amani Yogurt Drink Original","","Fresh","45"
"98","MTG - Menteng","6247","8990114000190","Campina Concerto Midi Strawberry Choco Chunk","","Frozen","45"
"98","MTG - Menteng","3626","838528","Kol Putih Organik","","Fresh","1"
"98","MTG - Menteng","42369","500363","Hati Sapi Grassfed Astro Farm","","Frozen","90"
"98","MTG - Menteng","44764","10000000003696","Inbolic Sugar-Free Original Mayonnaise with Olive Oil","","Fresh","90"
"98","MTG - Menteng","21772","8991788951610","Sakura Tahu Telur Rasa Udang","L1-CHL-DC15-T4-2","Fresh","18"
"98","MTG - Menteng","6135","776248","Lafresa Strawberry Grade A","","Fresh","1"
"98","MTG - Menteng","46944","9556001279248","Nestle Kit Kat Stick Multipack 4x85 ml","","Frozen","45"
"98","MTG - Menteng","4940","8992907710019","Sari Roti Sobek Coklat","BADFRESH-1","Fresh","2"
"98","MTG - Menteng","36442","598137","Ubi Cilembu Astro Farm","L1-AMF-RF6-T4-2","Fresh","1"
"98","MTG - Menteng","46203","8993200000067","Kanzler Chicken Wings Belacan","","Frozen","45"
"98","MTG - Menteng","48622","10000000004921","Terong Ungu Organik","","Fresh","1"
"98","MTG - Menteng","43548","8997236190242","Sven's Streaky Bacon American Style","","Frozen","90"
"98","MTG - Menteng","8521","229003","Ayam Broiler Potong 10 Sreeya","L1-FRZ-CF9-T1-K8-1","Frozen","45"
"98","MTG - Menteng","42030","474027","Wag and Whisk Cooked Chicken All Life Stages Makanan Anjing Basah","L1-FRZ-CF13-T2-K4-2","Fresh","30"
"98","MTG - Menteng","22725","340155","Tauge Jepang Astro Farm","DC-BADSTOCK-38","Fresh","1"
"98","MTG - Menteng","36942","815465","Bistik Lidah Sapi Import Beef Ox Tongue","","Frozen","90"
"98","MTG - Menteng","3250","664509332","Bawang Putih 250gr (Near Exp. Date)","","Fresh","0"
"98","MTG - Menteng","42609","8994457140094","Pawmeals Young & Adult Beeflicious Cooked Makanan Anjing Basah","","Fresh","60"
"98","MTG - Menteng","2860","525624","Lo.Kal x Astro - Ice Cream Bluepea Ketan Kaya 200gr/Es Krim","","Frozen","90"
"98","MTG - Menteng","6621","387664","Strawberry Fresh Lokal Astro Farm","","Fresh","1"
"98","MTG - Menteng","47952","10000000004784","KC Smokery Chicken Honey Ham  150gram","","Frozen","60"
"98","MTG - Menteng","44814","10000000003859","Timun Fresh Astro Farm","BAD INBOUND","Fresh","1"
"98","MTG - Menteng","33099","8997014357300","Cedea Fish Roll Original","","Frozen","30"
"98","MTG - Menteng","23717","376082","Gula Aren Bubuk Organik Astro Goods","","Fresh","60"
"98","MTG - Menteng","45450","10000000004141","Telur Prima DHA Omega 3","","Fresh","7"
"98","MTG - Menteng","42209","855156","Escobark Gently Cooked Duck Makanan Anjing Basah","","Fresh","30"
"98","MTG - Menteng","180","239113","Daging Babi Kapsim/Lengan Babi","","Frozen","70"
"98","MTG - Menteng","48424","7499221239857","Heavenly Donut Pandan","","Frozen","114"
"98","MTG - Menteng","31255","8992907952334","Sari Roti Sandwich Krim Keju","BADFRESH-1","Fresh","2"
"98","MTG - Menteng","52179","8993200670895","Cimory Bites Blueberry Cheesecake Yogurt","L1-CHL-DC18-T5-14","Fresh","45"
"98","MTG - Menteng","47334","10000000004586","Resep Roemah Bumbu Basah Siap Pakai Soto Saikoro Madura Bumbu Kuah","","Frozen","30"
"98","MTG - Menteng","25641","407810","Strawberry Apples Astro Farm","","Fresh","1"
"98","MTG - Menteng","45290","10000000004039","Bawang Bombay Kupas Astro Farm","","Fresh","1"
"98","MTG - Menteng","20992","498501","Bakpao Telur Asin Astro Goods x Shun lee Palace","","Frozen","30"
"98","MTG - Menteng","45376","10000000004090","Jahe Putih Ekonomis Astro Farm","","Fresh","1"
"98","MTG - Menteng","6624","392218","Jeruk Peras Astro Farm 10-12 pcs","","Fresh","1"
"98","MTG - Menteng","23955","8998866820486","Glico Wings Frostbite Cookies & Cream Mochi","","Frozen","75"
"98","MTG - Menteng","30728","999436","Cashew Choco Buzz Blend Astro Goods","L2-AMD-F19-T4-1","Fresh","60"
"98","MTG - Menteng","29726","8999999599508","Walls Mango Coco Delight","","Frozen","90"
"98","MTG - Menteng","3613","149794","Bayam Hijau Konvensional Astro Farm","L1-CHL-DC4-T3-3","Fresh","1"
"98","MTG - Menteng","1691","8998866820271","Glico Wings Haku Matcha Monaka","L1-FRZ-CF6-T2-K2-1","Frozen","75"
"98","MTG - Menteng","32446","8993492101060","Golden Farm French Fries Crinkle Cut","","Frozen","45"
"98","MTG - Menteng","48560","881001001112","Friday Creamery Cloudy Matcha 473 ml","","Frozen","90"
"98","MTG - Menteng","40939","835597","Raw Pet Gourmet Beef, Goat & Pumpkin Makanan Basah Anjing","","Fresh","30"
"98","MTG - Menteng","41216","8992704303216","Mitraku Mix Furai","","Frozen","30"
"98","MTG - Menteng","22746","528548","Bawang Bombay Bubuk Astro Basics","L2-AMD-B9-T6-3","Fresh","90"
"98","MTG - Menteng","28334","438488","Ayam Pejantan Parting 6 Astro Farm","","Frozen","60"
"98","MTG - Menteng","31817","724498","Bolognese Pasta Sauce Astro Goods","","Fresh","12"
"98","MTG - Menteng","43433","8993351120614","Greenfields Plain Yogurt Cup","","Fresh","7"
"98","MTG - Menteng","44658","10000000003747","Melon Sky Rocket Astro Farm 1 pcs","L1-AMF-RF4-T2-2","Fresh","1"
"98","MTG - Menteng","46300","88008226","Arla Kids Stick Cheese 6 pcs x 18gr","","Fresh","45"
"98","MTG - Menteng","5757","8994046110033","My Roti Danish Chocolate","","Fresh","1"
"98","MTG - Menteng","595","8997207630869","Udang Laut Kupas Bersih M Java Sea","","Frozen","90"
"98","MTG - Menteng","37151","106028","Daging Sapi Giling Import","","Frozen","90"
"98","MTG - Menteng","1833","8801005998901","Sempio Fresh Udon Noodle","L1-CHL-DC14-T4-1","Fresh","60"
"98","MTG - Menteng","4649","598375","Paket Masak Chicken Teriyaki - Astro Goods","","Fresh","1"
"98","MTG - Menteng","24350","334717","Jeruk Mandarin Imperial Less Seed - Astro Farm 500gr - 550gr, 5-8pcs/pack","","Fresh","1"
"98","MTG - Menteng","34","8997033430039","Shinshuichi Miko Chan Miso Tauco Putih Khas Jepang","","Fresh","75"
"98","MTG - Menteng","43254","10000000000263","Acaii Tea Kids Anti Flu Shot","","Fresh","2"
"98","MTG - Menteng","49997","8994467130078","Huntsman Chicken Luncheon","","Frozen","90"
"98","MTG - Menteng","46175","10000000004289","Anggur Red Globe Astro Farm","","Fresh","1"
"98","MTG - Menteng","4433","8998866820554","Glico Wings Frostbite Boba Milk Tea","","Frozen","90"
"98","MTG - Menteng","22707","833003","So Cube Bread Roti Tawar Multigrain","","Fresh","1"
"98","MTG - Menteng","44017","10000000000701","Baby Pakcoy Konvensional Astro Farm","","Fresh","1"
"98","MTG - Menteng","35007","8994130900762","Belfoods Crunchy Nugget Stik","","Frozen","120"
"98","MTG - Menteng","13982","179899","Rendang Suwir & Kentang - Astro Goods","","Fresh","30"
"98","MTG - Menteng","46127","8993110004865","Olagud Chicken Saikoro Savoury","","Frozen","60"
"98","MTG - Menteng","4079","743057","Ayam Kampung Parting 8 Frozen Astro Farm","","Frozen","60"
"98","MTG - Menteng","21113","881672","Tempe Orek Kafe Betawi x Astro Goods","","Fresh","14"
"98","MTG - Menteng","5927","8997228750133","Pick Me Telur Puyuh Mentah","","Fresh","9"
"98","MTG - Menteng","6350","166381","Paket Masak Tahu Gejrot","","Fresh","1"
"98","MTG - Menteng","4131","549602","Jinten Astro Farm","","Fresh","60"
"98","MTG - Menteng","550","713049","Bakso Warisan Ibu Tahu Bakso Sapi Premium 8 pcs","","Frozen","45"
"98","MTG - Menteng","24340","400926","Kalala - Kelapa Ijo","","Fresh","3"
"98","MTG - Menteng","32570","8993200665006","Cimory Yogurt Drink Strawberry & Mango Zero Sugar","","Fresh","35"
"98","MTG - Menteng","36714","8994457140322","Pawmeals Freshly Cooked Perky Porky Young & Adult Makanan Basah Anjing","L1-FRZ-CF13-T2-K5-5","Fresh","30"
"98","MTG - Menteng","32190","8993492101046","Golden Farm French Fries Shoestring","L1-FRZ-CF11-T2-K5-1","Frozen","45"
"98","MTG - Menteng","512","665264","MOMMA Fishball Bakso Ikan Isi Babi Siap Masak 1 Pack isi 25pcs","","Frozen","15"
"98","MTG - Menteng","45724","10000000004222","Pisang Cavendish Cluster 3-5 pcs","","Fresh","1"
"98","MTG - Menteng","24349","577486","Nanas Palembang Astro Farm 1 pcs","BAD INBOUND","Fresh","1"
"98","MTG - Menteng","8894","8885013131772","Aice Histeria Ice Cream","L1-FRZ-CF10-T1-K3-2","Frozen","75"
"98","MTG - Menteng","41997","636671","Daging Sapi Rendang Premium Astro Farm","L1-FRZ-CF12-T1-K5-3","Frozen","90"
"98","MTG - Menteng","45710","10000000004157","Strawberry Frozen IQF","","Frozen","60"
"98","MTG - Menteng","50724","10000000005446","Apel Queen NZ Astro Farm","","Fresh","1"
"98","MTG - Menteng","50557","10000000005390","Jeruk Purut Astro Farm","","Fresh","1"
"98","MTG - Menteng","6755","949572","Matoa Astro Farm","","Fresh","1"
"98","MTG - Menteng","47777","8995141405727","Pork Belly Import Slice Mamas 2mm","L1-FRZ-CF13-T1-K1-2","Frozen","30"
"98","MTG - Menteng","37387","530179","Hati Ayam Astro Farm","L1-FRZ-CF2-T1-K1-3","Frozen","75"
"98","MTG - Menteng","45715","10000000004189","Wortel Baby Berastagi Astro Farm","","Fresh","1"
"98","MTG - Menteng","21588","478284","Premium Chicken Katsu Kare Onigiri 120gr","","Fresh","1"
"98","MTG - Menteng","7617","723116","Cumi Asin Cabe Hijau Frozen Astro Goods","","Fresh","2"
"98","MTG - Menteng","3840","704001","Baby Pakcoy Hydroponic Astro Farm","BAD INBOUND","Fresh","1"
"98","MTG - Menteng","2140","935256","Caisim Hydroponic","","Fresh","1"
"98","MTG - Menteng","5945","8991649000440","Benfarm Chicken Karage Nugget","","Frozen","45"
"98","MTG - Menteng","42193","499341","Daun Kunyit Astro Farm ","","Fresh","1"
"98","MTG - Menteng","6756","799969","Lemon Lokal Astro Farm 5-8 pcs","L1-AMF-RF4-T4-2","Fresh","1"
"98","MTG - Menteng","40932","8997016810483","Monggo Milk Chocolate 41% of Cocoa Bar","L1-CHL-DC2-T1-27","Fresh","30"
"98","MTG - Menteng","6585","8999898270010","Diamond Ice Cream Vanilla","","Frozen","30"
"98","MTG - Menteng","48558","10000000004925","Ayam Probiotik Astro Farm 900-1000gram","","Frozen","75"
"98","MTG - Menteng","2342","3073780515702","Belcube Spread Cheese Plain 24 Cubes","","Fresh","21"
"98","MTG - Menteng","25019","203256","Ikan Dori Fillet Non Blood Line (NBL) Astro Farm","L1-FRZ-CF3-T1-K1-1","Frozen","60"
"98","MTG - Menteng","6954","8997010114105","Asia Panda Susu Steril Original","","Fresh","7"
"98","MTG - Menteng","3618","868536","Bayam Merah Hydroponic Astro Farm","L1-CHL-DC4-T1-3","Fresh","1"
"98","MTG - Menteng","3841","488545","Baby Kangkung Hydroponic Astro Farm","L1-CHL-DC4-T6-1","Fresh","1"
"98","MTG - Menteng","3907","381218","Lobak Astro Farm","L1-CHL-DC7-T2-7","Fresh","1"
"98","MTG - Menteng","44230","10000000003590","Daun Seledri Organik","","Fresh","1"
"98","MTG - Menteng","36437","570302","Cabe Merah Besar Astro Farm","L1-CHL-DC5-T6-8","Fresh","1"
"98","MTG - Menteng","5933","8997238580010","Deli & Co Double Choux Chocolate Pastry","L1-FRZ-CF8-T1-K4-1","Fresh","60"
"98","MTG - Menteng","41339","579336","Daun Perilla/Wijen Astro Farm","","Fresh","1"
"98","MTG - Menteng","46812","10000000004481","Bumbu Masak Machmudah BMM Lodeh","L1-CHL-DC14-T1-7","Fresh","15"
"98","MTG - Menteng","50692","10000000005353","Golden Natura Strawberry Frozen","L1-FRZ-CF8-T1-K8-2","Frozen","60"
"98","MTG - Menteng","42038","270207","Wag and Whisk Cooked Rabbit All Life Stages Makanan Anjing Basah","","Fresh","30"
"98","MTG - Menteng","3907","381218","Lobak Astro Farm","","Fresh","1"
"98","MTG - Menteng","47000","8906078783000","Hyfun French Fries Shoestring","","Frozen","45"
"98","MTG - Menteng","6537","747842","Poo Ice Cream Okinawa 4 oz","","Frozen","45"
"98","MTG - Menteng","30439","203537","Apel Fuji Blush - Astro Farm","","Fresh","1"
"98","MTG - Menteng","720","8993200662302","Kanzler Original Cocktail Sausages","","Frozen","45"
"98","MTG - Menteng","6348","295306","Paket Masak Kering Tempe Pedas 1","","Fresh","1"
"98","MTG - Menteng","49","156320","Semangka Merah Astro Farm 1 pcs","","Fresh","1"
"98","MTG - Menteng","41744","899372","Hyoshii Strawberry Premium Momoka Ichigo","","Fresh","1"
"98","MTG - Menteng","5516","542398","Fiesta Steak Signature Chicken Steak (1 Portion)","","Fresh","45"
"98","MTG - Menteng","44908","2030000002","Bu Rudy Sambal Ijo","L1-CHL-DC14-T1-3","Fresh","7"
"98","MTG - Menteng","43655","10000000000493","Daun Rosemary Organik","","Fresh","1"
"98","MTG - Menteng","27784","671087","Australian Beef Veal Tomahawk Steak L","","Frozen","90"
"98","MTG - Menteng","36602","6942836703820","Hershey Bar Milk with Cookies N Cream","BAD INBOUND","Fresh","70"
"98","MTG - Menteng","3688","7499221123132","Heavenly Blush Yoguruto Strawberry Yogurt Drink","","Fresh","45"
"98","MTG - Menteng","47557","31201009","Terve Milk Chocolate 70 gr","","Fresh","90"
"98","MTG - Menteng","43425","10000000000293","Daging Brisket Slice Import Imperfect","","Frozen","90"
"98","MTG - Menteng","42609","8994457140094","Pawmeals Young & Adult Beeflicious Cooked Makanan Anjing Basah","L1-FRZ-CF13-T1-K8-1","Fresh","60"
"98","MTG - Menteng","213","354871","Pear Century Astro Farm 3-5 pcs","BAD INBOUND","Fresh","1"
"98","MTG - Menteng","36804","9556195101073","Seafoodking Premium Crab Stick","L1-FRZ-CF8-T2-K1-9","Frozen","30"
"98","MTG - Menteng","40927","8997016811497","Monggo Dark Chocolate 86% of Cocoa Tablet","","Fresh","90"
"98","MTG - Menteng","43852","8997214670100","Ahaay Cilok Keju dengan Bumbu Kacang","","Frozen","14"
"98","MTG - Menteng","4994","886386","Daging Semur Import Astro Farm","L1-FRZ-CF12-T1-K5-1","Frozen","90"
"98","MTG - Menteng","3838","784404","Pear Singo Premium Size L Astro Farm 1 pcs","L1-CHL-DC10-T1-3","Fresh","1"
"98","MTG - Menteng","5576","939733","Bengkuang Astro Farm","BADFRESH-1","Fresh","1"
"98","MTG - Menteng","36437","570302","Cabe Merah Besar Astro Farm","BAD INBOUND","Fresh","1"
"98","MTG - Menteng","31918","276697","Roti Sobek Srikaya A Basics","","Fresh","2"
"98","MTG - Menteng","4939","8992907720018","Sari Roti Sobek Coklat Keju","","Fresh","2"
"98","MTG - Menteng","40973","8997018650087","Karawaci Bakso Sapi Sule Urat","L1-FRZ-CF4-T1-K7-3","Frozen","45"
"98","MTG - Menteng","8363","8999999569235","Walls Magnum New Mini Mix","","Frozen","90"
"98","MTG - Menteng","30436","776775","Daging Paha Kambing Import","L1-FRZ-CF12-T2-K4-5","Frozen","90"
"98","MTG - Menteng","779","941148","Paprika Merah Astro Farm","","Fresh","1"
"98","MTG - Menteng","16116","8991001112804","Delfi Take It Big Cokelat","","Fresh","90"
"98","MTG - Menteng","6726","456541","Labu Siam Acar Astro Farm","","Fresh","1"
"98","MTG - Menteng","5782","8885013131161","Aice Ice Cream 3 in 1 Colors","","Frozen","45"
"98","MTG - Menteng","5721","8997020144987","Four & Two Chicken Wing Garlic Permesan 500gr","","Frozen","30"
"98","MTG - Menteng","35314","407681","Homjuice Green Series","","Fresh","2"
"98","MTG - Menteng","1690","8998866820103","Glico Wings Haku Vanilla Monaka","L1-FRZ-CF6-T2-K7-4","Frozen","75"
"98","MTG - Menteng","2699","8997014450025","Prochiz Cheddar Royale Cheese/Keju","","Fresh","45"
"98","MTG - Menteng","1453","8997014352152","Cedea Fish Roll 10pcs","L1-FRZ-CF4-T2-K1-4","Fresh","45"
"98","MTG - Menteng","45724","10000000004222","Pisang Cavendish Cluster 3-5 pcs","BAD INBOUND","Fresh","1"
"98","MTG - Menteng","47940","10000000004360","Wingstick Ayam Organik Berkah Chicken 500gram","CF2-T2-K1-6","Frozen","75"
"98","MTG - Menteng","37651","913022","Daging Slice Ekonomis Beef Less Fatty Cuts","L1-FRZ-CF12-T1-K7-2","Frozen","90"
"98","MTG - Menteng","42717","8991071683433","Green Rebel Mozzarella Cheese Style Block","","Fresh","45"
"98","MTG - Menteng","36603","6942836702403","Hershey Bar Milk with Almond","","Fresh","70"
"98","MTG - Menteng","44820","10000000003865","Timun Acar Astro Farm","BAD INBOUND","Fresh","2"
"98","MTG - Menteng","741","907100","Pisang Uli Astro Farm","BAD INBOUND","Fresh","1"
"98","MTG - Menteng","3360","280097","Jamur Enoki","","Fresh","1"
"98","MTG - Menteng","1380","8994036541632","Aroma Pork Smoked Ham","","Frozen","90"
"98","MTG - Menteng","45006","10000000003991","Kepala Cumi","","Frozen","60"
"98","MTG - Menteng","42612","8994457140292","Pawmeals Sensitive Series La La Lamb Cooked Makanan Anjing Basah","L1-FRZ-CF13-T2-K5-3","Fresh","60"
"98","MTG - Menteng","5720","8997020144994","Four & Two Chicken Wing Blackpepper 500gr","","Frozen","30"
"98","MTG - Menteng","51955","8721274611823","Wall's Solero Jelly Grape Ice Cream","L1-FRZ-CF10-T2-K1-3","Frozen","150"
"98","MTG - Menteng","4716","446630","Grumpy Kitchen Trio Truffle Cheese Puff 78gr","","Fresh","1"
"98","MTG - Menteng","3637","124846","Paprika Kuning Astro Farm","L1-CHL-DC4-T2-6","Fresh","2"
"98","MTG - Menteng","1495","8997033170164","Aice Popsicle Semangka","","Frozen","90"
"98","MTG - Menteng","11978","8991728000484","Joyday Susu Kurma Ice Cream","","Frozen","45"
"98","MTG - Menteng","5576","939733","Bengkuang Astro Farm","L1-AMF-RF6-T3-2","Fresh","1"
"98","MTG - Menteng","32522","8991071411029","Grouu Bone Broth Beef MPASI Refill","L1-FRZ-CF8-T2-K1-2","Fresh","30"
"98","MTG - Menteng","42408","259312","Zabuton US Prime Tenji Meat","","Frozen","90"
"98","MTG - Menteng","43695","10000000000345","SRT Kulit Dimsum Siomay Putih 8cm","","Frozen","45"
"98","MTG - Menteng","48612","8997217040061","Lezza Wings Hot & Spicy","","Frozen","75"
"98","MTG - Menteng","43864","8993200669622","Cimory Eat Milk Marie Biscuits","L1-CHL-DC18-T4-3","Fresh","34"
"98","MTG - Menteng","1349","8993351129501","Greenfields Fresh Milk Chocomalt","","Fresh","7"
"98","MTG - Menteng","47936","10000000004512","Begok Bebek Bakar Utuh 500gram","","Frozen","90"
"98","MTG - Menteng","6566","8991001111807","Silverqueen Bites Chocolate Almond","L1-CHL-DC2-T1-31","Fresh","90"
"98","MTG - Menteng","5199","905040","Hokkaido Baby Cheese Tart Box Of 3 180gr","","Fresh","1"
"98","MTG - Menteng","36685","856854","Banana Pudding Original by Scarlett's","","Fresh","1"
"98","MTG - Menteng","46615","8850329315918","Meiji Mixed Berry Yogurt","","Fresh","7"
"98","MTG - Menteng","735","902356","Kemiri Utuh Astro Farm","L2-AMD-B1-T5-4","Fresh","60"
"98","MTG - Menteng","42612","8994457140292","Pawmeals Sensitive Series La La Lamb Cooked Makanan Anjing Basah","","Fresh","60"
"98","MTG - Menteng","6625","694604","Semangka Inul Merah Astro Farm 1 pcs","BADFRESH-1","Fresh","1"
"98","MTG - Menteng","29830","8994130900618","Ayam Segar Marinasi Original","","Frozen","35"
"98","MTG - Menteng","31399","582590","Sambal Bawang Astro Goods","L1-CHL-DC14-T2-7","Fresh","15"
"98","MTG - Menteng","42069","8992907952068","Sari Roti Tawar Pandan","","Fresh","2"
"98","MTG - Menteng","47621","7622202372261","Cadbury Dairy Milk Bubbly 46gram","","Fresh","45"
"98","MTG - Menteng","51483","10000000005592","MISO Cooked Minced Pork Recipe Makanan Anjing Basah","L2-TRANSIT-26","Frozen","21"
"98","MTG - Menteng","26844","8997234540261","Riverland Chicken Tatsuta Karaage","","Frozen","45"
"98","MTG - Menteng","6135","776248","Lafresa Strawberry Grade A","BADFRESH-1","Fresh","1"
"98","MTG - Menteng","44929","10000000003956","Sereh Ekonomis Astro Farm","L1-CHL-DC6-T1-2","Fresh","1"
"98","MTG - Menteng","21889","8991649000679","Benfarm Frankfurter Cheese Sausages","","Frozen","45"
"98","MTG - Menteng","24762","8997207636182","Scallop Telur Java Sea x Astro Farm","","Frozen","120"
"98","MTG - Menteng","36057","8993207240558","Fiesta Chicken Nugget","","Frozen","45"
"98","MTG - Menteng","46182","10000000004314","Kiwi Gold Zespri Astro Farm 1 pcs","","Fresh","1"
"98","MTG - Menteng","29801","711575","Durian Lokal Medan Frozen Astro Farm","BAD INBOUND","Frozen","26"
"98","MTG - Menteng","16765","8801052040523","Jongga Mat Kimchi","","Fresh","60"
"98","MTG - Menteng","32375","8997017630165","Kylafood Cireng Bumbu Rujak","","Frozen","20"
"98","MTG - Menteng","50355","10000000005261","Lidah Buaya Organik","","Fresh","1"
"98","MTG - Menteng","35184","765064","Paha Ayam Boneless Fillet Organik Probiotik Hona Farm","L1-FRZ-CF5-T1-K2-2","Frozen","75"
"98","MTG - Menteng","40828","152337","Tomat Cherry Kuning Astro Farm","","Fresh","1"
"98","MTG - Menteng","669","834989","Durian Monthong Bali Frozen Astro Farm","","Frozen","30"
"98","MTG - Menteng","7581","8999999582791","Cornetto Love Rose Strawberry Cheesecake Ice Cream - Es Krim Walls","","Frozen","45"
"98","MTG - Menteng","24438","8994456540048","Athien Bakso Ikan Super","L1-CHL-DC14-T3-2","Frozen","7"
"98","MTG - Menteng","6134","398405","Jeruk Sunkist Valencia Astro Farm 4-5 pcs","L1-CHL-DC11-T2-1","Fresh","1"
"98","MTG - Menteng","5846","921878","Oma Elly Gelato Burnt Cheesecake 476ml","","Frozen","45"
"98","MTG - Menteng","42953","10000000000142","Sufarm Tauge Petik","","Fresh","1"
"98","MTG - Menteng","42069","8992907952068","Sari Roti Tawar Pandan","L2-AMD-G4-T1-2","Fresh","2"
"98","MTG - Menteng","52412","10000000005857","Premium Hamigua Melon Lavaland X Astro Farm 1 pcs","L1-AMF-RF9-T3-3","Fresh","2"
"98","MTG - Menteng","43570","10000000000419","Kangkung Organik","L3-AMD-H2-T6-2","Fresh","1"
"98","MTG - Menteng","44671","10000000003786","Paha Ayam Fillet Marinasi Bulgogi Oke Chicken","","Frozen","90"
"98","MTG - Menteng","43736","10000000000563","Buntut Grass Fed","","Frozen","90"
"98","MTG - Menteng","51664","8992907952273","Sari Roti Sobek Cokelat Blueberry","","Fresh","3"
"98","MTG - Menteng","5832","299068","Udang Kupas Vanamei Size L Astro Farm","","Frozen","90"
"98","MTG - Menteng","3615","616338","Kangkung Hydroponic Astro Farm","BAD INBOUND","Fresh","1"
"98","MTG - Menteng","3391","617574","Cabe Merah Rawit Astro Farm","","Fresh","1"
"98","MTG - Menteng","22472","8993904004163","Indofood Espessia Es Potong Neapolitan","","Frozen","45"
"98","MTG - Menteng","30508","443412","Belut Tanpa Kepala","","Frozen","60"
"98","MTG - Menteng","50144","10000000005225","Salmon Fillet Astro Farm","","Frozen","75"
"98","MTG - Menteng","5597","953172","Anggur Long Crimson Astro Farm","L1-CHL-DC8-T4-2","Fresh","1"
"98","MTG - Menteng","48033","8991071680647","Green Rebel Steak","","Frozen","0"
"98","MTG - Menteng","22725","340155","Tauge Jepang Astro Farm","BADFRESH-1","Fresh","1"
"98","MTG - Menteng","30710","8991646000092","Rejuve Cold Pressed Juice Beat That","","Fresh","2"
"98","MTG - Menteng","24133","8994453820020","Premium Pork Chop Garlic Herbs M 250-320gr Porker/Babi Has Luar","","Frozen","90"
"98","MTG - Menteng","46809","10000000004483","Bumbu Masak Machmudah BMM Ungkep Bacem","","Fresh","15"
"98","MTG - Menteng","51719","745125242330","Bluder Cokro Bluder Original Single","L2-AMD-G4-T3-4","Fresh","2"
"98","MTG - Menteng","43652","10000000000441","Labu Siam Organik Astro Farm","L1-CHL-DC7-T1-6","Fresh","1"
"98","MTG - Menteng","1346","8993351129006","Greenfields Fresh Milk Strawberry","L1-CHL-DC1-T3-2","Fresh","7"
"98","MTG - Menteng","33787","7622210478351","Cadbury Dairy Milk Cokelat Neaps Jar","","Fresh","45"
"98","MTG - Menteng","48556","10000000004924","Boneless Paha Skinless Ayam Probiotik Astro Farm 500gr","L1-FRZ-CF5-T1-K4-4","Frozen","75"
"98","MTG - Menteng","48566","8990114000053","Campina O Cheesecake","","Frozen","300"
"98","MTG - Menteng","31463","8999999540456","Wall's Cornetto Ice Cream Strawberry & Vanilla","","Frozen","120"
"98","MTG - Menteng","24421","8997207631316","Udang Vanamei Potong Kepala HL V 21/30 Java Sea x Astro Farm","","Frozen","90"
"98","MTG - Menteng","4964","204608","Buah Naga Merah Astro Farm","BADFRESH-1","Fresh","1"
"98","MTG - Menteng","37006","198529","Bawang Merah Astro Farm","L1-AMF-RF1-T5-5","Fresh","2"
"98","MTG - Menteng","50413","10000000005348","The Good Harvest Baby Pakcoy Hidroponik","L1-CHL-DC3-T2-5","Fresh","1"
"98","MTG - Menteng","5105","8997226414013","Emina Cheddar Cheese Slice 5pcs","","Fresh","60"
"98","MTG - Menteng","28727","8994046110170","My Roti Pie Vla Susu","","Fresh","2"
"98","MTG - Menteng","4002","923805","Buy 1 Highland 50/50 Mesclun & Spinach 100gr + Dressing Free 1 Mesclun 100gr","","Fresh","2"
"98","MTG - Menteng","45433","10000000004013","Pet Meal Box Rabbit Cooked Wet Dog Food","L1-FRZ-CF13-T1-K1-3","Frozen","60"
"98","MTG - Menteng","51316","10000000005480","Daun Pepaya Jepang Astro Farm","L1-CHL-DC6-T1-6","Fresh","1"
"98","MTG - Menteng","50765","10000000005454","Fillet Paha Ayam Kampung","L1-FRZ-CF2-T1-K3-1","Frozen","60"
"98","MTG - Menteng","9279","824498","Latteria Choco Matcha Gelato x Astro Goods","","Frozen","45"
"98","MTG - Menteng","50725","10000000005445","Apel Dazzle NZ","","Fresh","1"
"98","MTG - Menteng","5533","1021011061032","Seafoodking Combo Young Tofu","","Frozen","30"
"98","MTG - Menteng","6632","112784","Delima Astro Farm 1 pcs","DC-BADSTOCK-38","Fresh","1"
"98","MTG - Menteng","30499","728839","Bumbu Sendok Kuning Bumbu Dasar","","Fresh","12"
"98","MTG - Menteng","6134","398405","Jeruk Sunkist Valencia Astro Farm 4-5 pcs","","Fresh","1"
"98","MTG - Menteng","42327","8994130900120","Hati Ayam Bersih Sreeya","","Frozen","75"
"98","MTG - Menteng","43251","5711953091964","Arla Tex Mex 25% Shredded Cheese","","Fresh","45"
"98","MTG - Menteng","45359","10000000003997","Daging Sengkel Ekonomis Fatty Cuts","L1-FRZ-CF12-T2-K8-3","Frozen","90"
"98","MTG - Menteng","31803","8998866820691","Glico Wings Frostbite Cookies & Cream Cup","","Frozen","75"
"98","MTG - Menteng","26019","642768","8 Fruitz Strawberry Frozen (IQF)","L1-FRZ-CF8-T1-K7-4","Frozen","60"
"98","MTG - Menteng","6155","264736","Fiesta Steak Marinated Sirloin And Black Pepper Sauce","","Fresh","15"
"98","MTG - Menteng","31291","8997220410332","Kin A2 Fresh Milk","","Fresh","7"
"98","MTG - Menteng","24435","240381","Ribeye Wagyu MB9 Pure Blood Meat Boys x Astro Goods","","Frozen","90"
"98","MTG - Menteng","24260","8997233090095","Laukita Daging Balado Limau 1","","Fresh","14"
"98","MTG - Menteng","48565","881002000633","Friday Creamery Mint Choco Breeze Mini","L1-FRZ-CF6-T2-K7-2","Frozen","75"
"98","MTG - Menteng","1626","8999999513757","Walls Cornetto Disc Oreo","","Frozen","90"
"98","MTG - Menteng","34138","8997022060063","Il Gelato Chocolate","","Frozen","30"
"98","MTG - Menteng","6249","8990114000329","Campina Hula Hula Tape Ketan Hitam","BAD INBOUND","Frozen","45"
"98","MTG - Menteng","43868","8997204630015","Mori-tama Telur Omega 3","","Fresh","9"
"98","MTG - Menteng","48256","8990114000039","Campina Cookie Creamy Stick","BAD INBOUND","Frozen","300"
"98","MTG - Menteng","45716","10000000004190","Wortel Baby Lokal Astro Farm","L1-CHL-DC13-T1-5","Fresh","1"
"98","MTG - Menteng","3109","8997233090194","Laukita Cumi Tinta Hitam Ready to Cook 1","","Fresh","14"
"98","MTG - Menteng","5769","942606","Jamur Shimeji Putih","","Fresh","1"
"98","MTG - Menteng","3651","9556001076342","Nestle Kit Kat Drumstick Ice Cream","L1-FRZ-CF6-T2-K3-5","Frozen","45"
"98","MTG - Menteng","24092","774191","Daging Picanha Wagyu Steak MB5 Astro Farm","L1-FRZ-CF11-T2-K2-7","Frozen","90"
"98","MTG - Menteng","7112","8993351129808","Greenfields Whipping Cream","","Fresh","60"
"98","MTG - Menteng","47933","8994466330141","Paha Ayam Bawah Broiler Probiotic Natural Poultry","","Frozen","75"
"98","MTG - Menteng","2075","938772","Jeruk Mandarin Wokam Less Seed Astro Farm 4-8 pcs","L1-CHL-DC11-T1-4","Fresh","1"
"98","MTG - Menteng","50135","8994453110145","Sour Sally Yogulato Cookie Dough & Raisin","L1-FRZ-CF10-T1-K4-4","Frozen","90"
"98","MTG - Menteng","3469","8993200664368","Kanzler Cheese Cocktail Chicken Sausages","","Frozen","45"
"98","MTG - Menteng","47550","8999999042288","Walls Vanilla Chocolate Chip Ice Cream Tubs 700ml","L1-FRZ-CF6-T1-K4-1","Frozen","250"
"98","MTG - Menteng","23464","992778","Kecombrang Astro Farm","","Fresh","2"
"98","MTG - Menteng","46613","8850329183715","Meiji Fresh Milk Deluxe 4.3","L1-CHL-DC1-T2-3","Fresh","7"
"98","MTG - Menteng","27769","182549","Fresh Bites Nangka Jinggawi Buah Potong","","Fresh","1"
"98","MTG - Menteng","24528","8994046110125","My Roti Pie Choco","","Fresh","2"
"98","MTG - Menteng","6730","730222","Es Lilin Brasil Rasa Ketan Hitam","","Frozen","45"
"98","MTG - Menteng","47908","10000000004684","Pureeland Grass Fed Ghee Butter 3 Cheese BB Booster","","Frozen","30"
"98","MTG - Menteng","3466","8993200664399","Kanzler Crispy Chicken Nugget","L1-FRZ-CF1-T1-K2-1","Frozen","45"
"98","MTG - Menteng","2371","9556182023258","Cadbury Dairy Milk Chocolote","L1-CHL-DC2-T1-23","Fresh","45"
"98","MTG - Menteng","2457","8997220410103","KIN Bulgarian Blueberry Yogurt Drink","","Fresh","45"
"98","MTG - Menteng","5900","661704","Vinlins Japanese Cotton Bread Chocolate 150gr","","Fresh","1"
"98","MTG - Menteng","45441","10000000004131","Apel Fuji Wangshan Premium 2 pcs","L1-CHL-DC9-T3-6","Fresh","1"
"98","MTG - Menteng","50414","10000000005343","The Good Harvest Sawi Keriting Hidroponik","","Fresh","1"
"98","MTG - Menteng","6624","392218","Jeruk Peras Astro Farm 10-12 pcs","L1-AMF-RF4-T3-2","Fresh","1"
"98","MTG - Menteng","8832","175136","Jeruk Ponkam Astro Farm Gift Box","","Fresh","2"
"98","MTG - Menteng","43434","8993351120010","Greenfields Original Yogurt Cup","","Fresh","7"
"98","MTG - Menteng","44510","8993319050144","Yoseo Creamix Caramel Topping Choco Nut Crunch Yogurt","L1-CHL-DC18-T3-7","Fresh","30"
"98","MTG - Menteng","31057","837697","Telur Ayam Kampung Omega","L1-AMD-A2-T3-1","Fresh","7"
"98","MTG - Menteng","41956","8993036212405","Kong Kee Tahu Sutera","BAD INBOUND","Fresh","2"
"98","MTG - Menteng","5330","343864","Japanese Musk Melon 1.2 - 1.4kg","","Fresh","1"
"98","MTG - Menteng","51166","10000000005570","Roti Sandwich Chocolate Astro Goods","","Fresh","2"
"98","MTG - Menteng","2947","8997228860344","Amazing Farm Tauge Organik","BAD INBOUND","Fresh","1"
"98","MTG - Menteng","22725","340155","Tauge Jepang Astro Farm","L1-CHL-DC23-T5-5","Fresh","1"
"98","MTG - Menteng","46915","8993110002564","So Nice Sosis Premium Smoked Bratwurst","","Frozen","45"
"98","MTG - Menteng","43345","10000000000098","Mozarella Nashville Big Eonnie Kitchen","","Frozen","30"
"98","MTG - Menteng","44668","10000000003792","Sayap Ayam Marinasi Bumbu Original Oke Chicken","","Frozen","90"
"98","MTG - Menteng","46950","5413121355082","The Belgian Dark Chocolate 72","","Fresh","90"
"98","MTG - Menteng","3131","8000500066027","Kinder Bueno","","Fresh","45"
"98","MTG - Menteng","41340","995958","Pisang Raja Buluh","","Fresh","1"
"98","MTG - Menteng","44653","10000000003767","Alpukat Mentega Astro Farm 1-2 pcs","BAD INBOUND","Fresh","1"
"98","MTG - Menteng","45364","10000000004004","Tenderloin Steak Ekonomis","","Frozen","90"
"98","MTG - Menteng","7480","775740","Paha Ayam Boneless Fillet Organik Probiotik LactoFarm/Chicken Thigh","","Frozen","75"
"98","MTG - Menteng","23561","175772","Otak-Otak Ikan Astro Basics","","Frozen","45"
"98","MTG - Menteng","44659","8991999110516","Milk Life Fresh Milk Lactose Free Original","L1-CHL-DC1-T5-2","Fresh","7"
"98","MTG - Menteng","43227","10000000000194","Kepala Ayam Bersih Astro Farm 450-550gram","BADFRESH-1","Frozen","60"
"98","MTG - Menteng","24848","8994181210766","Eat Me Brand Capri Manis","","Fresh","2"
"98","MTG - Menteng","22616","640715","Pisang Barangan Astro Farm","BAD INBOUND","Fresh","1"
"98","MTG - Menteng","48627","10000000004919","Cabe Merah Keriting Organik","","Fresh","1"
"98","MTG - Menteng","6056","645900","Daging Shortplate Slice Import Astro Farm","L1-FRZ-CF3-T1-K4-2","Frozen","90"
"98","MTG - Menteng","31275","8999898975809","Biokul To Go Lychee Yogurt","L1-CHL-DC20-T4-2","Fresh","45"
"98","MTG - Menteng","439","596577","Blueberry Premium Astro Farm","BAD INBOUND","Fresh","1"
"98","MTG - Menteng","50064","10000000005235","Kombucha Black Tea Teh Fermentasi Astro Goods","L1-CHL-DC18-T1-9","Fresh","15"
"98","MTG - Menteng","6419","589501","Tomat Hijau Astro Farm","","Fresh","1"
"98","MTG - Menteng","45620","10000000004159","Blackberry Frozen IQF","","Frozen","60"
"98","MTG - Menteng","6115","8997207636748","Cumi Utuh 4-6 cm Java Sea","","Frozen","60"
"98","MTG - Menteng","45366","10000000004077","MyFruits Anggur Merah Red Globe","","Fresh","1"
"98","MTG - Menteng","41953","825595","Ikan Salem Utuh","L1-FRZ-CF7-T1-K5-1","Frozen","60"
"98","MTG - Menteng","44658","10000000003747","Melon Sky Rocket Astro Farm 1 pcs","BAD INBOUND","Fresh","1"
"98","MTG - Menteng","26752","8997207520283","El Primo Beef Cheese Sausages","L1-FRZ-CF4-T2-K7-3","Frozen","45"
"98","MTG - Menteng","3466","8993200664399","Kanzler Crispy Chicken Nugget","","Frozen","45"
"98","MTG - Menteng","45452","10000000004143","Telur Prima Low Cholesterol","","Fresh","7"
"98","MTG - Menteng","44488","8994457140186","Pawmeals Sensitive Series Duck Delish Dog Cooked Food","","Frozen","30"
"98","MTG - Menteng","5808","745110055730","Frozchick Ayam Bumbu Kuning","","Frozen","30"
"98","MTG - Menteng","44335","10000000000677","Ayam Broiler Utuh HSP","","Frozen","60"
"98","MTG - Menteng","50188","100104","Bolekaka Dimsum Favorit","L1-FRZ-CF4-T1-K6-5","Frozen","45"
"98","MTG - Menteng","40968","8997018651312","ILgusto Sosis Bratwurst Keju 5pcs","","Frozen","45"
"98","MTG - Menteng","33332","8993351129914","Greenfields Fresh Milk Full Cream","L1-CHL-DC1-T1-5","Fresh","7"
"98","MTG - Menteng","869","74570032020","Haagen-Dazs Coffee Ice Cream Mini Cup ","","Frozen","45"
"98","MTG - Menteng","1459","8997014356570","Cedea Fish Dumpling Cheese","","Fresh","45"
"98","MTG - Menteng","4894","869245","Hati Sapi Import Astro Farm","L1-FRZ-CF12-T2-K2-4","Frozen","90"
"98","MTG - Menteng","186","324263","Kunyit Astro Farm","","Fresh","1"
"98","MTG - Menteng","4936","8993138110029","Prima Rasa Fruit Cocktail","","Fresh","90"
"98","MTG - Menteng","29905","8997231940446","Chocolate Drink Papua Origin Astro Goods x Pipiltin Cocoa","","Fresh","270"
"98","MTG - Menteng","7710","739922","Chicken Teriyaki Frozen Astro Goods","","Fresh","2"
"98","MTG - Menteng","46193","10000000004405","Lafresa Strawberry Baby","RACK-BAD","Fresh","1"
"98","MTG - Menteng","50182","11202508001","Bolekaka Dimsum Ceria","L1-FRZ-CF4-T2-K5-8","Frozen","38"
"98","MTG - Menteng","2057","8993200348312","Kanzler Singles Original Ready to Eat Sausages","","Frozen","30"
"98","MTG - Menteng","45361","10000000003996","Kakap Fillet Skinless","BADFRESH-1","Frozen","60"
"98","MTG - Menteng","22103","583714","Kluwek - Astro Goods","","Fresh","3"
"98","MTG - Menteng","47928","10000000004790","Hungry Alana Grass Fed Beef Bone Broth High Fat MPASI","L1-FRZ-CF8-T2-K1-3","Frozen","30"
"98","MTG - Menteng","213","354871","Pear Century Astro Farm 3-5 pcs","","Fresh","1"
"98","MTG - Menteng","40830","138939","Pisang Cavendish Ready To Eat Astro Farm","","Fresh","1"
"98","MTG - Menteng","48246","9555894514603","Tasty Sea Gourmet Imitation Crab Nugget","","Frozen","216"
"98","MTG - Menteng","36480","264702","Jeruk Peras Manis Siam Madu Astro Farm 4-6 pcs","","Fresh","1"
"98","MTG - Menteng","3613","149794","Bayam Hijau Konvensional Astro Farm","BAD INBOUND","Fresh","1"
"98","MTG - Menteng","50188","100104","Bolekaka Dimsum Favorit","","Frozen","45"
"98","MTG - Menteng","8957","231601","Kiwi Gold Premium Astro Farm 2 pcs 150-165 gram","","Fresh","1"
"98","MTG - Menteng","6701","450294","Mydibel Kentang Crinkle Cut 1kg","","Frozen","30"
"98","MTG - Menteng","5618","447744","Paha Ayam Boneless (BSL) Chicken Thigh BestChicken 450-550gram","","Frozen","75"
"98","MTG - Menteng","5691","8993200661343","Cimory Squeeze Mango Sticky Rice Yogurt","L1-CHL-DC18-T5-6","Fresh","45"
"98","MTG - Menteng","308","456780","Anggur Hitam Autumn - Astro Farm","","Fresh","1"
"98","MTG - Menteng","41319","8994130899844","Belfoods Ayam Nanas Potong 8 Sreeya","","Frozen","45"
"98","MTG - Menteng","48243","10000000004855","Mangga Golek Astro Farm","L1-AMF-RF5-T5-1","Fresh","1"
"98","MTG - Menteng","44923","10000000003950","Cabe Merah Rawit Ekonomis Astro Farm","BAD INBOUND","Fresh","1"
"98","MTG - Menteng","5779","8885013131864","Aice Sweet Corn","L1-FRZ-CF10-T1-K3-1","Frozen","90"
"98","MTG - Menteng","44172","10000000003548","Nature Eggs Telur Ayam Organik Cage Free","","Fresh","9"
"98","MTG - Menteng","545","9415007043072","Anchor Unsalted Butter Minidish 10 pcs x 7gr","","Fresh","45"
"98","MTG - Menteng","24890","724038","Daging Tulang Sop Import Astro Farm","","Frozen","90"
"98","MTG - Menteng","2077","80974482","Kinder Joy Chocolate For Boys","L1-CHL-DC2-T3-10","Fresh","45"
"98","MTG - Menteng","21908","127010","Tobiko Orange","L1-FRZ-CF7-T2-K2-5","Frozen","75"
"98","MTG - Menteng","23137","297334","Paha Ayam Utuh Astro Farm Regular","","Frozen","60"
"98","MTG - Menteng","45033","8999898299059","Diamond Fresh Milk Plain","L1-CHL-DC1-T5-3","Fresh","7"
"98","MTG - Menteng","4083","856717","Ayam Broiler Utuh Frozen","","Frozen","75"
"98","MTG - Menteng","50399","5704025018457","Emborg Cream Cheese","L1-CHL-DC17-T5-7","Fresh","45"
"98","MTG - Menteng","4198","879106","Bunga Mawar Merah","","Fresh","1"
"98","MTG - Menteng","95","208022","Mangga Gedong Gincu Astro Farm 4-5 pcs","","Fresh","1"
"98","MTG - Menteng","50065","10000000005236","Kombucha Green Tea Teh Fermentasi Astro Goods","L1-CHL-DC18-T5-7","Fresh","60"
"98","MTG - Menteng","7619","853927","Beef Bulgogi Frozen Astro Goods","","Fresh","2"
"98","MTG - Menteng","41428","733333","Bumbu Sendok Bawang Merah Cincang dalam Minyak","L1-FRZ-CF8-T2-K8-7","Fresh","21"
"98","MTG - Menteng","51722","745125242514","Bluder Cokro Bluder Choco Crunchy Single","BADFRESH-1","Fresh","2"
"98","MTG - Menteng","20630","310451","Ikan Gindara Fillet Steak","L1-FRZ-CF7-T2-K6-3","Frozen","75"
"98","MTG - Menteng","36446","863395","Bone in Short RIB MB4 Grassfed Meatboys x Astro Goods","","Frozen","90"
"98","MTG - Menteng","22745","655853","Bawang Putih Bubuk Astro Basics","","Fresh","90"
"98","MTG - Menteng","6761","929037","IP Farm Ubi Cilembu","","Fresh","1"
"98","MTG - Menteng","41572","820593","Metzger Herb Garlic Butter","","Fresh","45"
"98","MTG - Menteng","36441","625709","Kunyit Astro Farm","","Fresh","1"
"98","MTG - Menteng","49570","10000000004992","EatSambel Cumi Ciamik","","Fresh","2"
"98","MTG - Menteng","3628","984510","Pakcoy Konvensional Astro Farm","BAD INBOUND","Fresh","1"
"98","MTG - Menteng","5355","8994130899813","Belfoods Bakso Sapi Kuah 120gr x 8pcs","","Frozen","90"
"98","MTG - Menteng","2870","184103","Buy Magnum 3 Flavors Ice Cream Stick Get 1 Free Magnum Towel","","Frozen","90"
"98","MTG - Menteng","4646","699427","Paket Masak Balado Tongkol - Astro Goods","","Fresh","1"
"98","MTG - Menteng","4696","813573","Oma Elly Bechamel Sauce","","Fresh","90"
"98","MTG - Menteng","4080","867875","Farmer's Kailan Hydroponic - Astro Goods","","Fresh","2"
"98","MTG - Menteng","41350","8994466960317","Tanikuu Pure Lemon Juice Alora","L1-CHL-DC22-T2-3","Fresh","60"
"98","MTG - Menteng","50356","10000000005356","The Good Harvest Selada Keriting Hidroponik","","Fresh","1"
"98","MTG - Menteng","22948","443374","Jeruk Mandarin Afourer Seedless Astro Farm 3-7 pcs","BADFRESH-1","Fresh","1"
"98","MTG - Menteng","34033","673819","Kulit Ayam Astro Farm","L1-FRZ-CF2-T1-K5-3","Frozen","60"
"98","MTG - Menteng","50609","8997207631545","Udang Java Sea Udang PUD Kupas 40/50","L1-FRZ-CF3-T2-K2-4","Frozen","90"
"98","MTG - Menteng","29562","913523","Jamur King Oyster Mini Pack","","Fresh","1"
"98","MTG - Menteng","26842","8997234540308","Riverland Smoked Arabiki Beef Cheddar Cocktail Sausages","","Frozen","45"
"98","MTG - Menteng","46383","10000000004286","Kulit Melinjo Merah Astro Farm","","Fresh","1"
"98","MTG - Menteng","44819","10000000003864","Cuciwis Astro Farm","","Fresh","1"
"98","MTG - Menteng","6699","522181","Tahu Coklat Segitiga","BADFRESH-1","Fresh","2"
"98","MTG - Menteng","47538","10000000004472","Japanese Wagyu A5 Ribcap Astro Farm Signature","","Frozen","90"
"98","MTG - Menteng","329","8997207639923","Cumi Kupas Tube 10-15cm Java Sea","","Frozen","75"
"98","MTG - Menteng","4994","886386","Daging Semur Import Astro Farm","","Frozen","90"
"98","MTG - Menteng","35179","388030","Dada Ayam Boneless Fillet Organik Probiotik Hona Farm","L1-FRZ-CF5-T1-K1-1","Frozen","75"
"98","MTG - Menteng","45035","8999898970026","Diamond Fresh Milk Strawberry","L1-CHL-DC1-T5-4","Fresh","7"
"98","MTG - Menteng","40940","805403","Raw Pet Gourmet Minis Chicken Duck & Romaine Makanan Anjing Basah","","Fresh","30"
"98","MTG - Menteng","44770","10000000003835","Iga Gondrong Ekonomis","L1-FRZ-CF12-T2-K1-4","Frozen","90"
"98","MTG - Menteng","5633","526136","Paket Masak Tahu Cabe Garam - Astro Goods","","Fresh","1"
"98","MTG - Menteng","48628","10000000004912","Sawi Hijau Organik","L1-CHL-DC3-T1-5","Fresh","1"
"98","MTG - Menteng","47092","10000000004572","Cabe Keriting Mix Merah Hijau Astro Farm","BAD INBOUND","Fresh","1"
"98","MTG - Menteng","5578","359495","Daun Pandan Astro Farm","","Fresh","1"
"98","MTG - Menteng","1936","747852","Mangga Alpukat Astro Farm 3-4 pcs","","Fresh","1"
"98","MTG - Menteng","26265","8994046030010","My Roti Sobek Jepang Coklat","L2-AMD-G5-T2-4","Fresh","2"
"98","MTG - Menteng","43654","10000000000492","Daun Bawang Organik","L1-CHL-DC6-T1-5","Fresh","1"
"98","MTG - Menteng","43547","8997236190419","Sven's Belly Bacon Aussie Style","L1-FRZ-CF13-T1-K3-5","Frozen","90"
"98","MTG - Menteng","3633","890726","Siomak Hydroponic Astro Farm","","Fresh","1"
"98","MTG - Menteng","42589","10000000000005","Sweet Pear Astro Farm 2-3 pcs","BAD INBOUND","Fresh","1"
"98","MTG - Menteng","5844","8997234540186","Riverland Chicken Bonito Karaage","","Frozen","45"
"98","MTG - Menteng","27184","7499221174318","Heavenly Blush Greek Yogurt Original","","Fresh","12"
"98","MTG - Menteng","7267","491460","Cabe Gendot Astro Farm","L1-CHL-DC5-T4-5","Fresh","1"
"98","MTG - Menteng","50363","10000000005344","The Good Harvest Kangkung Hidroponik","","Fresh","1"
"98","MTG - Menteng","42032","424167","Wag and Whisk Cooked Duck All Life Stages Makanan Anjing Basah","L1-FRZ-CF13-T2-K4-5","Fresh","30"
"98","MTG - Menteng","44820","10000000003865","Timun Acar Astro Farm","","Fresh","2"
"98","MTG - Menteng","6861","8997009748724","Hanzel Bratwurst Original Sausages","","Frozen","45"
"98","MTG - Menteng","4268","610405","Acaii Pink Drink","","Fresh","1"
"98","MTG - Menteng","552","715237","Baby Buncis Astro Farm","","Fresh","1"
"98","MTG - Menteng","50895","8997002711411","King Food Hocky Siomay Ayam","L1-FRZ-CF4-T2-K7-6","Frozen","90"
"98","MTG - Menteng","10928","8991001121455","Silverqueen Milk with Fruit and Nuts","","Fresh","60"
"98","MTG - Menteng","226","368188","Rock Melon Orange Astro Farm 1 pcs 1.8-2.2 kg","L1-AMF-RF2-T1-1","Fresh","1"
"98","MTG - Menteng","47506","10000000004502","Picanha Wagyu MB7 Steak Astro Farm Signature 150gram","","Frozen","90"
"98","MTG - Menteng","21815","161067","Paru Rebus - Astro Basics","","Frozen","90"
"98","MTG - Menteng","23136","694233","Paha Ayam Boneless Astro Farm","L1-FRZ-CF2-T2-K6-1","Frozen","60"
"98","MTG - Menteng","30181","730105","Bebek Peking Utuh 1.1kg - 1.2kg","L1-FRZ-CF5-T1-K4-1","Frozen","60"
"98","MTG - Menteng","6830","435124","Farmer's Omega 3 Eggs Astro Farm","BADFRESH-1","Fresh","12"
"98","MTG - Menteng","4644","591822","Jamur Shitake - Astro Farm","","Fresh","2"
"98","MTG - Menteng","3481","256722598","Cabe Merah Rawit 150gr (Near Exp. Date)","","Fresh","0"
"98","MTG - Menteng","3606","657443","Paket Masak Kwetiau Goreng - Astro Goods","","Fresh","2"
"98","MTG - Menteng","36213","860353","[Bumbu Sendok x Ladang Lima] Tepung Bumbu 150gr + Refill Bumbu Dasar Merah 200gr","","Fresh","12"
"98","MTG - Menteng","45290","10000000004039","Bawang Bombay Kupas Astro Farm","BAD INBOUND","Fresh","1"
"98","MTG - Menteng","7609","373759","Chopped Garlic in Vegetable Oil Astro Goods","","Fresh","9"
"98","MTG - Menteng","45435","8997204630046","ISE Vitamin E Omega Eggs","L1-CHL-DC23-T5-4","Fresh","7"
"98","MTG - Menteng","4645","537240","Paket Masak Sapi Lada Hitam - Astro Goods","","Fresh","1"
"98","MTG - Menteng","43230","10000000000187","Paha Ayam Boneless Fillet Organik Probiotik Astro Farm","","Frozen","75"
"98","MTG - Menteng","44926","10000000003953","Sawi Putih Ekonomis Astro Farm","BAD INBOUND","Fresh","1"
"98","MTG - Menteng","5518","765534","Fiesta Steak Marinated Australian Sirloin Steak (2 Portions)","","Fresh","45"
"98","MTG - Menteng","2378","7622210398055","Cadbury Dairy Milk Black Forest  Cokelat","","Fresh","45"
"98","MTG - Menteng","6583","8999898270027","Diamond Ice Cream Chocolate","","Frozen","30"
"98","MTG - Menteng","48629","10000000004915","Selada Lolorosa Organik","","Fresh","1"
"98","MTG - Menteng","31704","9310264910016","Bega Stringers Mozzarella Cheese 4 pcs x 20gr","","Fresh","21"
"98","MTG - Menteng","6623","207454","Pisang Ambon Astro Farm 1 Sisir","L1-AMF-RF3-T7-2","Fresh","1"
"98","MTG - Menteng","32430","8999898962649","Biokul Stired Yogurt Apricot","L1-CHL-DC20-T5-5","Fresh","7"
"98","MTG - Menteng","40607","349111","Furou Soursop Frozen IQF","","Frozen","60"
"98","MTG - Menteng","35284","769828190729","Pangtoa Cookies & Cream","","Frozen","30"
"98","MTG - Menteng","5414","8997014357614","Cedea Fish Dumpling Chicken Curry","","Frozen","45"
"98","MTG - Menteng","48535","10000000004923","Baby Buncis Kenya Astro Farm","","Fresh","1"
"98","MTG - Menteng","2365","945503","Oma Elly Tiramisu Mini 7.5x7.5cm","","Frozen","3"
"98","MTG - Menteng","22854","427620","Daun Bawang Astro Farm","DC-BADSTOCK-38","Fresh","1"
"98","MTG - Menteng","14444","7622210086679","Cadbury Fruit & Nuts/Coklat/Cokelat","","Fresh","45"
"98","MTG - Menteng","41319","8994130899844","Belfoods Ayam Nanas Potong 8 Sreeya","L1-FRZ-CF5-T2-K8-2","Frozen","45"
"98","MTG - Menteng","41573","433433","Metzger Herb Garlic Butter Cup","L1-CHL-DC17-T3-5","Fresh","45"
"98","MTG - Menteng","35180","978532","Paha Ayam Bawah Negeri Organik Probiotik Hona Farm","","Frozen","75"
"98","MTG - Menteng","5679","456731","Esperto Coffee Kopi Susu Gula Aren","","Fresh","75"
"98","MTG - Menteng","6705","8997227170741","YoyiC Original Fermented Milk/Yoghurt","","Fresh","21"
"98","MTG - Menteng","46613","8850329183715","Meiji Fresh Milk Deluxe 4.3","","Fresh","7"
"98","MTG - Menteng","32697","7499221113126","Heavenly Blush Yo Kiddo Mango Carrot Yogurt Drink ","","Fresh","100"
"98","MTG - Menteng","44432","8999898973256","Edo Mini Pau Cheese","","Frozen","90"
"98","MTG - Menteng","41351","8994466960324","Tanikuu Pure Lemon Juice Alora","","Fresh","60"
"98","MTG - Menteng","6625","694604","Semangka Inul Merah Astro Farm 1 pcs","L1-AMF-RF5-T3-1","Fresh","1"
"98","MTG - Menteng","47088","10000000004576","Kelapa Kopyor Astro Farm","","Fresh","1"
"98","MTG - Menteng","45047","7499221204510","Heavenly Blush Greek Bfast Yogurt Drink","L1-CHL-DC19-T3-4","Fresh","45"
"98","MTG - Menteng","47486","10000000004705","Daging Sapi Giling Imperfect","","Frozen","90"
"98","MTG - Menteng","22100","367601","Kerang Kepa Utuh Astro Farm","L1-FRZ-CF7-T2-K2-3","Frozen","75"
"98","MTG - Menteng","44145","8995102704364","Mamasuka Nugget Crunchy","","Frozen","80"
"98","MTG - Menteng","44489","8994457140117","Pawmeals Sensitive Series Bon Rabbetit Cooked Makanan Anjing Basah","","Frozen","30"
"98","MTG - Menteng","14265","8993200661442","Kanzler Cheese Bratwurst Sausages","L1-FRZ-CF4-T2-K5-3","Frozen","45"
"98","MTG - Menteng","4096","8993110000928","Seafood Lovers Bakso Udang","","Frozen","90"
"98","MTG - Menteng","48426","7499221239840","Heavenly Donut Gandum","","Frozen","114"
"98","MTG - Menteng","5467","773184","Melon Inthanon Astro Farm 1 pcs","","Fresh","1"
"98","MTG - Menteng","43246","8994036340525","Aroma Beef Salami","L1-FRZ-CF11-T2-K1-5","Frozen","90"
"98","MTG - Menteng","44926","10000000003953","Sawi Putih Ekonomis Astro Farm","L1-CHL-DC7-T1-1","Fresh","1"
"98","MTG - Menteng","7266","101655","Lettuce Head Astro Farm","","Fresh","2"
"98","MTG - Menteng","4871","404774","Tahu Kim's Premium","","Fresh","2"
"98","MTG - Menteng","31116","8992854000218","Sunfresh Premium Apple Juice","","Fresh","15"
"98","MTG - Menteng","23822","936134","Latteria x Astro Goods Choco Crunch Sensation Ice Cream Cup 4 Oz","","Frozen","21"
"98","MTG - Menteng","4956","8997226412026","Emina Rich Cheese Block","L1-CHL-DC17-T5-2","Fresh","60"
"98","MTG - Menteng","2177","613970","Oma Elly Frozen Pizza Beef Fennel Sausage Diameter 20cm","","Fresh","7"
"98","MTG - Menteng","6004","8993200663729","Cimory Fresh Milk Plain","L1-CHL-DC1-T2-1","Fresh","7"
"98","MTG - Menteng","40791","8997009741046","Hanzel Frankfurter Mozarella Cheese Sausages","","Frozen","45"
"98","MTG - Menteng","50358","10000000005352","The Good Harvest Kailan Hidroponik","","Fresh","1"
"98","MTG - Menteng","42414","519050","Special Wagyu Minced Beef Tenji Meat","","Frozen","90"
"98","MTG - Menteng","10924","8991001112965","Silverqueen Very Berry Yoghurt","L1-CHL-DC2-T1-18","Fresh","60"
"98","MTG - Menteng","42022","732097","Wag & Whisk Gently Cooked Beef All Life Stages Makanan Kucing Basah","","Fresh","30"
"98","MTG - Menteng","33664","8993175568296","Richeese Factory Crunch Bubble Crumb Nugget","L1-FRZ-CF1-T2-K3-3","Frozen","45"
"98","MTG - Menteng","7706","322032","Rawon Frozen Astro Goods","","Fresh","2"
"98","MTG - Menteng","31262","8994130900526","Ayam Nanas Chicken Katsu","","Frozen","30"
"98","MTG - Menteng","45716","10000000004190","Wortel Baby Lokal Astro Farm","","Fresh","1"
"98","MTG - Menteng","2535","8995229800192","Belfoods Kid's Nugget Ceria","","Frozen","30"
"98","MTG - Menteng","47552","8999999042271","Walls Vanilla Chocolate Chip Ice Cream Tubs 350ml","","Frozen","250"
"98","MTG - Menteng","40674","8999999601683","Walls Twister Grape Lychee 55 ml","L1-FRZ-CF6-T1-K3-4","Frozen","30"
"98","MTG - Menteng","47769","10000000004704","Pisang Cavendish Ekonomis 3-5 pcs","","Fresh","1"
"98","MTG - Menteng","446","551380","Samcan Daging Babi","L1-FRZ-CF13-T1-K2-2","Frozen","90"
"98","MTG - Menteng","45367","10000000004080","MyFruits Apple Fuji Premium Blush","","Fresh","1"
"98","MTG - Menteng","5376","8991001501097","Delfi Chacha Peanut Chacha","","Fresh","90"
"98","MTG - Menteng","31818","242074","Pesto Pasta Sauce Astro Goods","","Fresh","12"
"98","MTG - Menteng","46964","8999999611552","Wall's Feast Xtra Max Chocolate","","Frozen","90"
"98","MTG - Menteng","41427","913312","Bumbu Sendok Bumbu Dasar Merah","","Fresh","21"
"98","MTG - Menteng","125","248372","Ayam Broiler Organik Probiotik + Jamu Baby 600-700gr Natural Poultry","","Frozen","75"
"98","MTG - Menteng","7615","647018","Astro Goods Capcay Mix","","Fresh","2"
"98","MTG - Menteng","1549","8998009070037","Kraft Singles Keju Slice 10's","","Fresh","36"
"98","MTG - Menteng","6630","310223","Curly Iceberg Hydroponic - Astro Goods/Selada/Lettuce","","Fresh","1"
"98","MTG - Menteng","24437","8994046100102","My Roti Steam Cake Putu Pandan","","Fresh","2"
"98","MTG - Menteng","31669","916948","Chicken Tenderloin Fillet Marinade Shawarma Astro Goods","","Frozen","90"
"98","MTG - Menteng","3385","506250","Jeruk Mandarin Shantang Daun Less Seed Astro Farm","","Fresh","1"
"98","MTG - Menteng","288","267934","Iga Babi Bakut","","Frozen","90"
"98","MTG - Menteng","48569","8997217040184","Lezza Chicken Pok Pok","","Frozen","75"
"98","MTG - Menteng","14441","7622201822194","Cadbury Dairy Milk Hazelnut Cokelat","","Fresh","45"
"98","MTG - Menteng","37157","392281","Striploin PR Steak Grassfed Import","L1-FRZ-CF11-T1-K5-4","Frozen","90"
"98","MTG - Menteng","2491","8997228861556","Amazing Farm Sweet Baby Mix Salad To Go","L1-CHL-DC23-T4-5","Fresh","1"
"98","MTG - Menteng","1345","8993351123110","Greenfields Mozzarella Cheese","L1-CHL-DC17-T3-1","Fresh","35"
"98","MTG - Menteng","4476","535624","Nyonya Moy Nastar 350gr","","Fresh","1"
"98","MTG - Menteng","4269","262688","Acaii Super Orange","","Fresh","1"
"98","MTG - Menteng","48420","10000000004432","Tulip Ayam Astro Farm","L1-FRZ-CF2-T2-K4-2","Frozen","60"
"98","MTG - Menteng","22773","783549","Meatboys Yakiniku Grill Wagyu Beef AUS x Astro Goods","","Frozen","90"
"98","MTG - Menteng","44791","10000000003866","Kentang Rendang Astro Farm","","Fresh","1"
"98","MTG - Menteng","49719","8993492101909","Edo Chikuwa","L1-FRZ-CF4-T2-K6-1","Frozen","60"
"98","MTG - Menteng","1804","8801024190225","Jongga Mat Kimchi","","Fresh","90"
"98","MTG - Menteng","32318","299678","Dada Boneless Organik Berkah Chicken","L1-FRZ-CF2-T2-K1-1","Frozen","75"
"98","MTG - Menteng","31491","745073","Ikan Ekor Kuning Bersih","","Frozen","60"
"98","MTG - Menteng","5930","8997228750201","Pick Me Telur Bebek Asin Matang","","Fresh","7"
"98","MTG - Menteng","46809","10000000004483","Bumbu Masak Machmudah BMM Ungkep Bacem","L1-CHL-DC14-T1-9","Fresh","15"
"98","MTG - Menteng","45621","10000000004186","Amazing Farm Mini Cucumber","BAD INBOUND","Fresh","1"
"98","MTG - Menteng","1453","8997014352152","Cedea Fish Roll 10pcs","","Fresh","45"
"98","MTG - Menteng","44765","10000000003697","Inbolic Sugar-Free Spicy Mayonnaise with Olive Oil","L1-CHL-DC14-T3-7","Fresh","90"
"98","MTG - Menteng","44018","10000000000702","Pakcoy Hydroponic Astro Farm","","Fresh","1"
"98","MTG - Menteng","31223","366789","Ikan Gurame Bumbu Kuning","","Frozen","28"
"98","MTG - Menteng","50027","8721274611335","Wall's Magnum Pistachio Ice Cream","BAD INBOUND","Frozen","150"
"98","MTG - Menteng","42","8992907952136","Sari Roti Tawar Kupas","BADFRESH-1","Fresh","2"
"98","MTG - Menteng","48624","10000000004914","Kacang Panjang Organik","","Fresh","1"
"98","MTG - Menteng","52187","10000000005730","Acaii Overnight Oats Strawberry Banana","L1-CHL-DC22-T3-4","Fresh","1"
"98","MTG - Menteng","3354","8000500009673","Ferrero Rocher Chocolate Box","L1-CHL-DC22-T4-2","Fresh","45"
"98","MTG - Menteng","35878","632873","Tahu Pong 9 pcs","","Fresh","2"
"98","MTG - Menteng","31026","8997014450711","Prochiz Quick Melt Keju","L1-CHL-DC17-T4-3","Fresh","45"
"98","MTG - Menteng","36006","8994130900229","Paha Ayam Utuh Sreeya","","Frozen","75"
"98","MTG - Menteng","36665","146529","Lele Fillet Organik Astro Farm","L1-FRZ-CF7-T1-K5-2","Frozen","60"
"98","MTG - Menteng","23155","920699","[Frozen] Crunchy Ovomaltine Croissant 70-75 gr","","Fresh","2"
"98","MTG - Menteng","5519","548668","Cuciwis Astro Farm","L1-CHL-DC12-T5-1","Fresh","1"
"98","MTG - Menteng","2947","8997228860344","Amazing Farm Tauge Organik","BADFRESH-1","Fresh","1"
"98","MTG - Menteng","3849","434834","Celery Stick Astro Farm 750-900 gram","L1-CHL-DC4-T1-6","Fresh","1"
"98","MTG - Menteng","47512","8801007957920","Bibigo Mandu Vegetable Dumplings Kimchi Flavoured","","Frozen","45"
"98","MTG - Menteng","6395","692153","Kiwi Green Astro Farm 2 pcs","","Fresh","1"
"98","MTG - Menteng","1927","798440","Horenzo Hidroponik Astro Farm","","Fresh","1"
"98","MTG - Menteng","8459","8993351120966","Greenfields Yogurt Pouch Raspberry Lychee/Yoghurt","","Fresh","3"
"98","MTG - Menteng","26476","8993374321791","Fiesta Seafood Ebi Fry Frozen Food","L1-FRZ-CF4-T1-K6-3","Frozen","45"
"98","MTG - Menteng","45958","8993492101596","Edo Ebi Furai","","Frozen","45"
"98","MTG - Menteng","16121","8991001770554","Delfi Yuraku Big Thunder","","Fresh","90"
"98","MTG - Menteng","23664","153398","Daging Sengkel Import Astro Farm","","Frozen","90"
"98","MTG - Menteng","22774","915868","Ribeye Angus MB3+ Steak AUS Meatboys x Astro Farm","L1-FRZ-CF11-T2-K2-1","Frozen","90"
"98","MTG - Menteng","21494","8994130900038","Paha Ayam Boneless Sreeya","BADFRESH-1","Frozen","45"
"98","MTG - Menteng","40801","155613","Krokky Bitterballen Beef","","Frozen","60"
"98","MTG - Menteng","44826","10000000003910","Mangga Harum Manis Ekonomis Astro Farm","","Fresh","1"
"98","MTG - Menteng","28335","768739","Ayam Pejantan Utuh","L1-FRZ-CF5-T1-K2-4","Frozen","90"
"98","MTG - Menteng","9735","8993200668496","Kanzler Singles Bakso Original Ready to Eat","","Frozen","30"
"98","MTG - Menteng","48243","10000000004855","Mangga Golek Astro Farm","","Fresh","1"
"98","MTG - Menteng","32648","8995209800754","Etira Jamur Champignon Slice","","Fresh","120"
"98","MTG - Menteng","1899","8991001111647","Silverqueen Chunky Bar Cashew","L1-CHL-DC2-T1-19","Fresh","30"
"98","MTG - Menteng","24823","485095","Croissant Premium Plain - Maison Pierre (Frozen/Ready to Eat) Pastry","","Fresh","30"
"98","MTG - Menteng","4237","852358001181","Anchor Salted Butter","","Fresh","45"
"98","MTG - Menteng","46181","10000000004313","Anggur Hijau Shine Muscat Less Seed Ekonomis Astro Farm","","Fresh","1"
"98","MTG - Menteng","5631","712288","Paket Masak Sop Kacang Merah","","Fresh","1"
"98","MTG - Menteng","5814","918312","Momotaro Kitchen Bento Platter 450gr","","Fresh","30"
"98","MTG - Menteng","8928","618803","Come-Xia Chicken and Shrimp Jiao Zi","","Frozen","7"
"98","MTG - Menteng","3983","625833","Wortel Stick","","Fresh","1"
"98","MTG - Menteng","45254","10000000004030","Rahsa Nusantara Sapujagad Alit REGAS Obat Batuk Pilek","RACK-BAD","Fresh","30"
"98","MTG - Menteng","1074","8885013130652","Aice Durian Mochi","","Frozen","120"
"98","MTG - Menteng","9240","325395","Puyo Silky Mango","","Fresh","1"
"98","MTG - Menteng","51078","8994046010104","My Roti Tawar Gandum High Fiber 10 Slice","BAD INBOUND","Fresh","3"
"98","MTG - Menteng","10035","8997207521679","Tasty Fries Straight Cut Plain","","Frozen","45"
"98","MTG - Menteng","48270","8998880000215","Wild Jacks Beef Pastrami","","Frozen","90"
"98","MTG - Menteng","23726","8995229800109","Belfoods Spicy Wings","","Frozen","45"
"98","MTG - Menteng","42954","10000000000156","Daun Seledri Astro Farm","L1-CHL-DC6-T2-3","Fresh","1"
"98","MTG - Menteng","43220","5410522556605","Callebaut Dark Well Bitter 811 54.5% Couverture Chocolate Cooking","L1-CHL-DC22-T3-1","Fresh","90"
"98","MTG - Menteng","7290","8997215450671","Kleanmie Shirataki Noodle - Mie Ayam","","Fresh","90"
"98","MTG - Menteng","35062","219513","Sayap Ayam Marinasi Astro Basics","","Frozen","75"
"98","MTG - Menteng","49859","10000000005009","BARK Soto Ayam Makanan Anjing Basah","","Frozen","30"
"98","MTG - Menteng","5902","991383","Ikan Toba Tilapia Fillet","","Frozen","75"
"98","MTG - Menteng","44851","10000000003924","Jambal Roti Astro Farm","L1-FRZ-CF3-T2-K8-8","Frozen","20"
"98","MTG - Menteng","9281","499069","Latteria Brownies & Vanilla Gelato x Astro Goods","","Frozen","45"
"98","MTG - Menteng","5597","953172","Anggur Long Crimson Astro Farm","","Fresh","1"
"98","MTG - Menteng","50111","8997014358369","Cedea Crab Stick Jumbo Spicy","L1-FRZ-CF4-T2-K4-7","Frozen","45"
"98","MTG - Menteng","36887","286229","Pork Belly Daging Slice","","Frozen","90"
"98","MTG - Menteng","43112","10000000000153","Jahe Putih Astro Farm","","Fresh","1"
"98","MTG - Menteng","23303","892975","Apel Endear - Astro Farm","","Fresh","2"
"98","MTG - Menteng","11989","792809","Kerupuk Udang A Basics","L2-AMD-F27-T4-3","Fresh","28"
"98","MTG - Menteng","36220","661706051293","Lurpak Christmas Bundle Salted Butter 2x200gr","","Fresh","45"
"98","MTG - Menteng","8786","968173","Frozen Ayam Asam Manis Astro Goods","","Fresh","2"
"98","MTG - Menteng","1700","8993200666942","Cimory Squeeze Strawberry Yogurt","","Fresh","45"
"98","MTG - Menteng","33951","8993200669417","Cimory Bites Blueberry Yogurt","","Fresh","45"
"98","MTG - Menteng","5430","962969","Iga Babi Bakut Backbone","","Frozen","90"
"98","MTG - Menteng","27183","7499221134152","Heavenly Blush Greek Yogurt Honey","","Fresh","12"
"98","MTG - Menteng","44337","10000000000679","Fillet Ayam Tenderloin HSP","","Frozen","60"
"98","MTG - Menteng","46911","8993110004001","So Good Sosis Jepang Saus Pedas","","Frozen","45"
"98","MTG - Menteng","45724","10000000004222","Pisang Cavendish Cluster 3-5 pcs","L1-AMF-RF2-T5-1","Fresh","1"
"98","MTG - Menteng","50931","10000000005255","Eat Me Brand Green Power Salad","DC-BADSTOCK-38","Fresh","1"
"98","MTG - Menteng","100","8993200666935","Cimory Squeeze Original Yogurt","L1-CHL-DC18-T5-3","Fresh","45"
"98","MTG - Menteng","22380","216265","Tomat Merah Ekonomis Astro Farm","BADFRESH-1","Fresh","1"
"98","MTG - Menteng","6632","112784","Delima Astro Farm 1 pcs","L1-CHL-DC10-T1-5","Fresh","1"
"98","MTG - Menteng","31830","239936","Es Krim Sunshine Astro Goods x Lococo","","Frozen","75"
"98","MTG - Menteng","23898","8999999564162","Walls Oreo Cookies & Cream Ice Cream Cup","","Frozen","75"
"98","MTG - Menteng","32612","10151016","Kin Raw Dog Food Lamb, Rabbit & Spinach Makanan Anjing","L1-FRZ-CF13-T2-K2-3","Fresh","35"
"98","MTG - Menteng","1420","8995555118503","Kimbo Cocktail Sausages","L1-FRZ-CF4-T1-K3-4","Frozen","45"
"98","MTG - Menteng","44827","10000000003911","Jeruk Medan Ekonomis Astro Farm 4-5 pcs","","Fresh","1"
"98","MTG - Menteng","23740","754792","Kentang - Astro Farm","L1-AMF-RF6-T1-1","Fresh","1"
"98","MTG - Menteng","47945","8931220230385","(Satu Porsi) Ayam Marinasi dengan Saus Lemon Pepper 120gr","","Frozen","120"
"98","MTG - Menteng","44887","8999898977360","Biokul To Go Brown Sugar Latte Yogurt","L1-CHL-DC20-T4-3","Fresh","45"
"98","MTG - Menteng","44928","10000000003955","Labu Siam Acar Ekonomis Astro Farm","RACK-BAD","Fresh","1"
"98","MTG - Menteng","39038","623260","Pet Meal Box Beef Makanan Anjing Basah","","Fresh","45"
"98","MTG - Menteng","31816","8991102716345","Amani Yogurt Drink Strawberry","","Fresh","45"
"98","MTG - Menteng","5535","8998002120111","Seafoodking White Fish Ball Small Premium","","Frozen","45"
"98","MTG - Menteng","46178","10000000004304","Apel Fuji Sunmoon Astro Farm 1 pcs","DC-BADSTOCK-38","Fresh","1"
"98","MTG - Menteng","2959","8999999047207","Walls Paddle Pop Rainbow","","Frozen","75"
"98","MTG - Menteng","41335","792364","Daging Empal Astro Farm","","Frozen","90"
"98","MTG - Menteng","43787","10000000000585","Ikan Gurame","","Frozen","60"
"98","MTG - Menteng","5685","632228","Lada Hitam Utuh Astro Farm","","Fresh","60"
"98","MTG - Menteng","2072","243150","Jamur Kuping Astro Farm","","Fresh","1"
"98","MTG - Menteng","45117","10000000004006","Jagung Manis Pipil Fresh Astro Farm","L1-CHL-DC12-T5-5","Fresh","1"
"98","MTG - Menteng","23302","403369","Amazing Farm Kacang Edamame 500 gram","","Fresh","2"
"98","MTG - Menteng","2532","8993071010110","Belfoods Royal Chicken Nugget","","Frozen","45"
"98","MTG - Menteng","47764","10000000004733","Nangka Sayur Astro Farm","BAD INBOUND","Fresh","1"
"98","MTG - Menteng","4939","8992907720018","Sari Roti Sobek Coklat Keju","BADFRESH-1","Fresh","2"
"98","MTG - Menteng","48496","7499221244356","Heavenly Blush Greek Yogurt Peach","","Fresh","7"
"98","MTG - Menteng","36733","614022","Udang Pancet 35/40 Astro Farm","L1-FRZ-CF7-T2-K8-3","Frozen","90"
"98","MTG - Menteng","33679","617145","Towang Tahu Putih Organik","","Fresh","2"
"98","MTG - Menteng","50139","8993492101350","Just Fry French Fries Crinkle Cut","","Frozen","60"
"98","MTG - Menteng","4427","8997234540056","Riverland Smoked Arabiki Beef Sausages","","Frozen","45"
"98","MTG - Menteng","48535","10000000004923","Baby Buncis Kenya Astro Farm","L1-CHL-DC12-T3-5","Fresh","1"
"98","MTG - Menteng","595","8997207630869","Udang Laut Kupas Bersih M Java Sea","L1-FRZ-CF7-T2-K2-2","Frozen","90"
"98","MTG - Menteng","49373","9415007060024","Anchor Whipping Cream UHT","L1-CHL-DC19-T3-2","Fresh","60"
"98","MTG - Menteng","2371","9556182023258","Cadbury Dairy Milk Chocolote","","Fresh","45"
"98","MTG - Menteng","43515","10000000000317","Sawi Hijau Hydroponic Astro Farm","L1-CHL-DC4-T3-5","Fresh","1"
"98","MTG - Menteng","2413","7499221124115","Heavenly Blush Greek Yogurt Strawberry","L1-CHL-DC19-T2-4","Fresh","12"
"98","MTG - Menteng","33098","8997014356563","Cedea Fish Dumpling Chicken","","Frozen","30"
"98","MTG - Menteng","36495","218284","Selada Air Astro Farm","","Fresh","1"
"98","MTG - Menteng","1454","8997014352657","Cedea Crab Stick","","Fresh","45"
"98","MTG - Menteng","2925","8992993260351","Colatta Dark Compound Chocolate Cooking","L1-CHL-DC2-T1-28","Fresh","120"
"98","MTG - Menteng","9939","250749","Daging Sop Import Astro Farm","","Frozen","90"
"98","MTG - Menteng","25308","590811","Hondashi Fish Powder Astro Goods","","Fresh","90"
"98","MTG - Menteng","42709","10000000000014","Kentang Ekonomis Astro Farm","L1-AMF-RF6-T2-2","Fresh","1"
"98","MTG - Menteng","2993","8997228860054","Tempe Sehat Organik Kacang Kedelai Alami Non GMO","","Fresh","2"
"98","MTG - Menteng","47482","8997015492376","Green Valley Grated Parmesan Cheese Botol","L1-CHL-DC17-T4-12","Fresh","45"
"98","MTG - Menteng","5527","9557240403203","SeafoodKing Fish Ball","","Frozen","45"
"98","MTG - Menteng","36942","815465","Bistik Lidah Sapi Import Beef Ox Tongue","L1-FRZ-CF12-T2-K6-1","Frozen","90"
"98","MTG - Menteng","5358","400772","Grumpy Kitchen Peruvian Roast Chicken Frozen","","Frozen","45"
"98","MTG - Menteng","46912","8993110002571","So Nice Sosis Premium Cheese","L1-CHL-DC2-T1-2","Frozen","45"
"98","MTG - Menteng","42315","337645","Santan Kelapa Murni Kental Frozen Astro Farm","","Frozen","1"
"98","MTG - Menteng","2141","120769","Baby Bayam Merah Hidroponik","","Fresh","2"
"98","MTG - Menteng","5767","865578","Asparagus Astro Farm","L1-CHL-DC6-T2-4","Fresh","2"
"98","MTG - Menteng","44666","10000000003798","Kulit Ayam Bumbu Kuning Oke Chicken","","Frozen","90"
"98","MTG - Menteng","28147","829051","Pizza Fennel Beef Frozen 20cm Oma Elly ","","Frozen","28"
"98","MTG - Menteng","32374","8997017630028","Kylafood Seblak Original","","Frozen","20"
"98","MTG - Menteng","5780","8885013130058","Aice Chocolate Crispy","","Frozen","90"
"98","MTG - Menteng","40800","904178","Krokky Bitterballen Cheese","","Frozen","60"
"98","MTG - Menteng","42220","828533","Quah Bumbu Kuah Kaldu Ayam Kampung Cair","","Fresh","45"
"98","MTG - Menteng","28092","482471","Bawang Putih Kupas Astro Farm","","Fresh","2"
"98","MTG - Menteng","42","8992907952136","Sari Roti Tawar Kupas","L2-AMD-G4-T6-1","Fresh","2"
"98","MTG - Menteng","34426","8997032111762","Weiwang Siomay Ayam Jamur","","Frozen","30"
"98","MTG - Menteng","44772","10000000003838","Daging Semur Ekonomis Fatty Cuts","","Frozen","90"
"98","MTG - Menteng","35429","8991071410534","Grouu Cooking Series Bumbu Dasar Kuning MPASI Refill","L1-FRZ-CF8-T2-K6-2","Fresh","90"
"98","MTG - Menteng","47764","10000000004733","Nangka Sayur Astro Farm","","Fresh","1"
"98","MTG - Menteng","6361","69704087","Es Batu Kristal","BAD INBOUND","Fresh","60"
"98","MTG - Menteng","3703","8991001122117","Delfi Big Coin Chocolate CNY","","Fresh","60"
"98","MTG - Menteng","24559","7622210777768","Cadbury Dairy Milk Cokelat Mini Bites Sharebag Isi 18","L1-CHL-DC22-T4-3","Fresh","45"
"98","MTG - Menteng","6536","713218","Poo Ice Cream Vietnam Drip 4 oz","","Frozen","45"
"98","MTG - Menteng","9643","923702","Promo - Emina Block Shred Cheese 160gr","","Fresh","60"
"98","MTG - Menteng","36602","6942836703820","Hershey Bar Milk with Cookies N Cream","","Fresh","70"
"98","MTG - Menteng","50359","10000000005351","The Good Harvest Siomak Hidroponik","BADFRESH-1","Fresh","1"
"98","MTG - Menteng","1932","458872","Asparagus Organik - Astro Farm","","Fresh","1"
"98","MTG - Menteng","46797","10000000004484","Bumbu Masak Machmudah BMM Opor","L1-CHL-DC14-T1-8","Fresh","15"
"98","MTG - Menteng","29884","981787","Stir Fried Tofu and Mushroom Astro Goods x Satu Porsi","","Fresh","7"
"98","MTG - Menteng","3600","851378","Paket Masak Sayur Sop - Astro Goods OFF","","Fresh","2"
"98","MTG - Menteng","1692","8998866820363","Glico Wings Haku Vanilla & Crispy Choco Monaka","","Frozen","45"
"98","MTG - Menteng","46130","10000000004213","Ready to Blend Smoothies Berry Bliss","L1-FRZ-CF8-T2-K5-5","Frozen","60"
"98","MTG - Menteng","24090","539305","Karubi Wagyu Beef Slice AUS Meatboys x Astro Farm","L1-FRZ-CF11-T2-K3-3","Frozen","90"
"98","MTG - Menteng","33946","8993200669264","Cimory Bites Strawberry Lychee Yogurt","","Fresh","45"
"98","MTG - Menteng","4119","161842","Astro X Chocban Crispy Melted Pisang Coklat Keju 700gr","","Fresh","0"
"98","MTG - Menteng","36435","901597","Cabe Hijau Keriting Astro Farm","","Fresh","1"
"98","MTG - Menteng","3465","8993200664382","Kanzler Chicken Nugget Original","L1-FRZ-CF1-T1-K2-2","Frozen","45"
"98","MTG - Menteng","4095","8993110001277","Seafood Lovers Shrimp Popcorn/Udang Lapis Tepung","","Frozen","30"
"98","MTG - Menteng","4061","656899","Biji Pala Astro Farm","L2-AMD-B1-T6-5","Fresh","60"
"98","MTG - Menteng","5906","638116","Kiwi Gold Zespri Astro Farm 2 pcs","L1-CHL-DC10-T1-1","Fresh","1"
"98","MTG - Menteng","21064","7622201721978","Kraft Milky Soft 30gr x 3pcs","","Fresh","60"
"98","MTG - Menteng","43428","10000000000243","Hotdog Bun A Basics 4pcs","L2-AMD-G6-T3-2","Fresh","2"
"98","MTG - Menteng","20987","790442","Pangsit Ayam Goreng Astro Goods x Shun Lee Palace","","Frozen","30"
"98","MTG - Menteng","47545","8993071700233","Belfoods Royal Nami Spicy Korean Sausage","","Frozen","45"
"98","MTG - Menteng","2912","8993110193293","So Good Paha & Dada Ayam","","Frozen","60"
"98","MTG - Menteng","7233","640407","Apel Ambrosia USA - Astro Farm","","Fresh","1"
"98","MTG - Menteng","3118","550529","Daging Slice Brisket AUS Astro Farm","","Frozen","90"
"98","MTG - Menteng","6114","699540","Tomat Beef Hydroponic Astro Farm","","Fresh","1"
"98","MTG - Menteng","10034","8997207521693","Tasty Fries Shoestring Plain French Fries","L1-FRZ-CF11-T2-K7-4","Frozen","45"
"98","MTG - Menteng","3267","719790778","Kol Putih Conventional 500gr (Near Exp. Date)","","Fresh","0"
"98","MTG - Menteng","47572","339732001425200","Dr. Bebek Ori Duckgalbi Patties 200gram","","Frozen","60"
"98","MTG - Menteng","4122","501747","Astro X North Pole Gelato Choco Ferrero 250ml","","Frozen","90"
"98","MTG - Menteng","42589","10000000000005","Sweet Pear Astro Farm 2-3 pcs","L1-CHL-DC9-T5-2","Fresh","1"
"98","MTG - Menteng","51718","745125242361","Bluder Cokro Bluder Keju Single","L2-AMD-G4-T5-4","Fresh","2"
"98","MTG - Menteng","1941","148593","Kale Hydroponic Astro Farm","L1-CHL-DC4-T3-6","Fresh","1"
"98","MTG - Menteng","5843","8997234540162","Riverland Chicken Karaage","","Frozen","45"
"98","MTG - Menteng","557","720594","Nanas Madu Astro Farm 1 pcs","L1-AMF-RF7-T5-3","Fresh","1"
"98","MTG - Menteng","27859","256344","Australian Beef Veal Tomahawk Steak M","","Frozen","90"
"98","MTG - Menteng","33674","8997009742210","Sumber Selera Bakso Polos Daging Kombinasi Sapi dan Ayam 50 pcs","L1-FRZ-CF4-T1-K1-1","Frozen","30"
"98","MTG - Menteng","37006","198529","Bawang Merah Astro Farm","BAD INBOUND","Fresh","2"
"98","MTG - Menteng","7816","8851932426084","Walls Carte D'Or Strawberry Ice Cream/Es Krim Walls","","Frozen","45"
"98","MTG - Menteng","31635","784778","8 Fruitz Yellow Peach Sliced Frozen IQF","L1-FRZ-CF8-T1-K7-1","Frozen","60"
"98","MTG - Menteng","44235","10000000003586","Lettuce Head Astro Farm","BAD INBOUND","Fresh","1"
"98","MTG - Menteng","3842","363558","Baby Sawi Hijau Hydroponic Astro Farm","L1-CHL-DC4-T4-6","Fresh","1"
"98","MTG - Menteng","4611","9415007302988","Anchor Salted Butter Tinned/Mentega","","Fresh","45"
"98","MTG - Menteng","5462","765677","Bunga Pepaya Astro Farm","L1-CHL-DC12-T1-6","Fresh","1"
"98","MTG - Menteng","34123","926658","Moon Cake Cokelat Keju Ang Hap Siang","L1-CHL-DC14-T5-4","Fresh","12"
"98","MTG - Menteng","190","330220","Jeruk Medan Astro Farm 4-5 pcs","BADFRESH-1","Fresh","1"
"98","MTG - Menteng","4938","8992907780012","Sari Roti Klasik Kasur Keju","BADFRESH-1","Fresh","2"
"98","MTG - Menteng","30897","831879","Ayam Goreng Gurih Astro Goods x Royco","","Fresh","12"
"98","MTG - Menteng","6730","730222","Es Lilin Brasil Rasa Ketan Hitam","L1-FRZ-CF10-T2-K3-1","Frozen","45"
"98","MTG - Menteng","36440","150924","Brokoli Ekonomis Astro Farm","L1-CHL-DC12-T2-2","Fresh","1"
"98","MTG - Menteng","44588","10000000003695","Ovo Eggs Pasteurized Liquid Egg Putih Telur","L1-FRZ-CF8-T1-K2-4","Frozen","90"
"98","MTG - Menteng","46207","10000000004145","Resep Roemah Bumbu Kuah Instant Anak Soto Ayam","","Frozen","30"
"98","MTG - Menteng","48618","8997015493427","Uniekaas Dutch Edam Professional Keju Block","","Fresh","45"
"98","MTG - Menteng","20999","8993200661350","Cimory Mixed Fruit Yogurt Drink","","Fresh","35"
"98","MTG - Menteng","49362","10000000004984","Pisang Cavendish Cluster 2-3 pcs","L1-AMF-RF2-T2-1","Fresh","1"
"98","MTG - Menteng","21809","8993492101503","Golden Farm Potato Nugget French Fries","","Frozen","45"
"98","MTG - Menteng","51569","8994046010180","My Roti Tawar Gandum High Fiber Family Pack 15 Slice","","Fresh","3"
"98","MTG - Menteng","3122","955783","Jamur Champignon","DC-BADSTOCK-38","Fresh","1"
"98","MTG - Menteng","43454","8997022060537","IL Gelato Double Chocolate Coat Ice Cream Stick","L1-FRZ-CF6-T2-K5-4","Frozen","60"
"98","MTG - Menteng","47516","8721274611267","Walls Matcha Strawberry Ice Cream Tubs","","Frozen","90"
"98","MTG - Menteng","41333","8997207638292","Chuka Wakame","L1-FRZ-CF8-T2-K2-4","Frozen","75"
"98","MTG - Menteng","42708","605289","AUS Ribeye Redgum Cut Steak Portion","","Frozen","90"
"98","MTG - Menteng","22748","237565","Kunyit Bubuk Halus Astro Basics","L2-AMD-B9-T3-5","Fresh","90"
"98","MTG - Menteng","45363","10000000004003","Ribeye Steak Ekonomis","L1-FRZ-CF11-T2-K1-2","Frozen","90"
"98","MTG - Menteng","35333","8991728000811","Joyday Jasmine Lychee Tea","","Frozen","30"
"98","MTG - Menteng","45442","10000000004132","Pear Singo Wangshan 1 pcs","L1-CHL-DC10-T4-2","Fresh","1"
"98","MTG - Menteng","5512","238870","Gingernuts Ronde Wijen Jahe Gula Merah 150gr","","Frozen","15"
"98","MTG - Menteng","30053","4000417652409","Ritter Sport Cube Yogurt ","","Fresh","110"
"98","MTG - Menteng","43457","8997022060490","IL Gelato Strawberry Chocolate Coat Ice Cream Stick","","Frozen","60"
"98","MTG - Menteng","35879","694824","Tahu Susu Putih 8pcs","BAD INBOUND","Fresh","2"
"98","MTG - Menteng","24422","8997207631569","Udang Vanamei Kupas PUD V 60/70 Java Sea x Astro Farm","","Frozen","90"
"98","MTG - Menteng","4465","228081","Vienna Layer Cake Mocca Belgian Slice 400gr","","Fresh","1"
"98","MTG - Menteng","40792","8997009748748","Hanzel Bratwurst Mozarella Cheese Sausages","L1-FRZ-CF4-T2-K5-9","Frozen","45"
"98","MTG - Menteng","42232","8997014350264","Cedea Korean Stick Potato","","Frozen","60"
"98","MTG - Menteng","48496","7499221244356","Heavenly Blush Greek Yogurt Peach","L1-CHL-DC19-T1-5","Fresh","7"
"98","MTG - Menteng","43550","8997236190433","Sven's Prosciutto","","Frozen","90"
"98","MTG - Menteng","6419","589501","Tomat Hijau Astro Farm","L1-CHL-DC13-T5-7","Fresh","1"
"98","MTG - Menteng","44715","10000000003698","Inbolic Sugar-Free BBQ Sauce Original","L1-CHL-DC14-T3-8","Fresh","90"
"98","MTG - Menteng","51160","8997233141803","Miasso Sosis Spicy Cheese","L1-FRZ-CF1-T2-K7-4","Frozen","90"
"98","MTG - Menteng","4398","8859129902557","All Coco Juicy Pudding Original","","Fresh","75"
"98","MTG - Menteng","47776","8995226404478","Lapchiong Mamas","","Frozen","30"
"98","MTG - Menteng","51721","745125242422","Bluder Cokro Bluder Coklat Keju Single","L2-AMD-G4-T4-4","Fresh","2"
"98","MTG - Menteng","42031","456283","Wag & Whisk Gently Cooked Chicken All Life Stages Makanan Kucing Basah","","Fresh","30"
"98","MTG - Menteng","7232","523073","Jamur Mix","","Fresh","1"
"98","MTG - Menteng","31711","8999898969211","Brookfarm Matcha Premium Ice Cream","","Frozen","120"
"98","MTG - Menteng","43637","8992994000017","Yakult Rasa Mangga Minuman Prebiotik","L1-CHL-DC1-T1-3","Fresh","7"
"98","MTG - Menteng","40603","273820","Pete Papan Astro Farm","BAD INBOUND","Fresh","1"
"98","MTG - Menteng","33669","9414997006678","Tatua Sour Cream","","Fresh","90"
"98","MTG - Menteng","30243","8999999599706","Walls Paddle Pop Upin Ipin Ice Cream","","Frozen","90"
"98","MTG - Menteng","43573","10000000000421","Sirloin AUS Premium Grassfed Grade PRS","L1-FRZ-CF11-T1-K4-3","Frozen","90"
"98","MTG - Menteng","4698","497286","Oma Elly Truffle Mushroom Sauce","","Fresh","90"
"98","MTG - Menteng","35046","922676","Etira Jamur Champignon Slice","L1-CHL-DC15-T2-2","Fresh","1"
"98","MTG - Menteng","33315","8993351120621","Greenfields Plain Yogurt","","Fresh","7"
"98","MTG - Menteng","48888","8997007228389","Nafra Bumbu Rendang","L1-CHL-DC14-T3-1","Fresh","45"
"98","MTG - Menteng","28818","450331","Biji Selasih Astro Goods","","Fresh","90"
"98","MTG - Menteng","43428","10000000000243","Hotdog Bun A Basics 4pcs","BADFRESH-1","Fresh","2"
"98","MTG - Menteng","50895","8997002711411","King Food Hocky Siomay Ayam","","Frozen","90"
"98","MTG - Menteng","43863","8993200669561","Cimory Eat Milk Chocolate","L1-CHL-DC18-T4-1","Fresh","34"
"98","MTG - Menteng","43803","10000000000430","Driscoll's Blackberry","","Fresh","1"
"98","MTG - Menteng","35183","342508","Sayap Ayam Parting Organik Probiotik Hona Farm","","Frozen","75"
"98","MTG - Menteng","47940","10000000004360","Wingstick Ayam Organik Berkah Chicken 500gram","","Frozen","75"
"98","MTG - Menteng","36216","398503","[Bumbu Sendok x Ladang Lima] Pasta Fusili 500gr + Refill Bawang Merah Cincang dalam Minyak 200gr","","Fresh","12"
"98","MTG - Menteng","6064","763352","Chicken Teriyaki Astro Farm","","Frozen","75"
"98","MTG - Menteng","36061","8993207240619","Fiesta Chicken Karage","L1-FRZ-CF1-T1-K4-3","Frozen","45"
"98","MTG - Menteng","5855","524804","Terong Ungu Lalap - Astro Farm","","Fresh","1"
"98","MTG - Menteng","4071","313374","Paket Masak Cah Kailan - Astro Goods","","Fresh","1"
"98","MTG - Menteng","31778","370660","Pisang Kepok Kuning Astro Farm","BAD INBOUND","Fresh","1"
"98","MTG - Menteng","3863","261833","Acaii Tea Honey Lemon Jelly","","Fresh","2"
"98","MTG - Menteng","47114","10000000004571","Cabe Rawit Mix Merah Hijau Astro Farm","L1-CHL-DC5-T4-6","Fresh","1"
"98","MTG - Menteng","8521","229003","Ayam Broiler Potong 10 Sreeya","","Frozen","45"
"98","MTG - Menteng","23434","9415007055631","Anchor Salted Butter","L1-CHL-DC17-T2-5","Fresh","45"
"98","MTG - Menteng","23535","8994448900119","Chicken Breast Fillet Marinade Original Bitte","","Frozen","90"
"98","MTG - Menteng","25154","8992907420017","Sari Roti Sandroll Zupperr Coklat","","Fresh","2"
"98","MTG - Menteng","44693","10000000003765","Jambu Air Citra Astro Farm 3 pcs","L1-CHL-DC10-T3-6","Fresh","1"
"98","MTG - Menteng","32267","2100000380589","Mamita Mambucha Rasa Marigold","","Fresh","10"
"98","MTG - Menteng","3599","933122","Paket Masak Sayur Asem - Astro Goods","","Fresh","2"
"98","MTG - Menteng","43261","10000000000260","Temukunci Astro Farm","L1-AMF-RF8-T6-4","Fresh","1"
"98","MTG - Menteng","5767","865578","Asparagus Astro Farm","","Fresh","2"
"98","MTG - Menteng","5510","889863","Gingernuts Ronde Kacang Jahe Gula Merah 150gr","","Frozen","15"
"98","MTG - Menteng","48697","8997020832709","Schoko White Compound Chocolate Coin","L1-CHL-DC22-T4-7","Fresh","90"
"98","MTG - Menteng","21770","8991788973018","Sakura Tahu Kotak Sutera Firm Merah","","Fresh","9"
"98","MTG - Menteng","47238","8997232420305","Sosis Dada Ayam Asap Mooyam MOON MATE","","Frozen","90"
"98","MTG - Menteng","29290","388042","Pork Shabu-Shabu","L1-FRZ-CF13-T1-K5-2","Frozen","90"
"98","MTG - Menteng","47085","10000000004569","Singkong Kupas Astro Farm","","Fresh","1"
"98","MTG - Menteng","13702","97923543240","Natural Delights Premium Kurma Medjool","","Fresh","30"
"98","MTG - Menteng","4734","8993993960593","SIH Telur Ayam Negeri Omega 3","","Fresh","7"
"98","MTG - Menteng","40841","240070","Buah Naga Ekonomis Astro Farm","","Fresh","1"
"98","MTG - Menteng","45444","10000000004134","Selada Butterhead Hidroponik Astro Farm","","Fresh","1"
"98","MTG - Menteng","23356","557108","Roti Sobek Coklat Susu A Basics","L2-AMD-G5-T2-3","Fresh","2"
"98","MTG - Menteng","8461","8993351120263","Greenfields Mango Yogurt Pouch","","Fresh","7"
"98","MTG - Menteng","36604","6942836701024","Hershey Bar Milk with Creamy Milk","","Fresh","70"
"98","MTG - Menteng","48630","10000000004916","Lobak Organik","L1-CHL-DC7-T4-5","Fresh","1"
"98","MTG - Menteng","8184","475306","Homelab Bottled Matcha Latte","","Fresh","1"
"98","MTG - Menteng","5599","432907","Anggur Adora Seedless Astro Farm","","Fresh","1"
"98","MTG - Menteng","40932","8997016810483","Monggo Milk Chocolate 41% of Cocoa Bar","","Fresh","30"
"98","MTG - Menteng","5526","999991","[INVALID] Seafoodking Premium Crab Stick 250gram 250gram","","Frozen","30"
"98","MTG - Menteng","40792","8997009748748","Hanzel Bratwurst Mozarella Cheese Sausages","BAD INBOUND","Frozen","45"
"98","MTG - Menteng","46384","10000000004287","Kelapa Parut Astro Farm","L1-FRZ-CF8-T1-K3-3","Frozen","1"
"98","MTG - Menteng","5934","8997238580041","Deli & Co Japanese Roll Cake Vanila","","Fresh","45"
"98","MTG - Menteng","22056","8992220380012","Giggly Coco Fresh Green Coconut/Kelapa Hijau","","Fresh","8"
"98","MTG - Menteng","4940","8992907710019","Sari Roti Sobek Coklat","L2-AMD-G5-T3-2","Fresh","2"
"98","MTG - Menteng","5085","8994036547436","Aroma Pork Back Bacon","","Frozen","90"
"98","MTG - Menteng","3143","308300","Jagung Manis Hokkaido Umatomo - Astro Goods","","Fresh","1"
"98","MTG - Menteng","37152","419471","Daging Rendang Import","","Frozen","90"
"98","MTG - Menteng","26165","754351","Tenderloin Meltique Has Dalam Import","","Frozen","90"
"98","MTG - Menteng","24249","6907992823874","Joyday Crunchy Chocolate Blueberry","","Frozen","90"
"98","MTG - Menteng","44684","10000000003751","Nutriale Raw Chicken & Pumpkin Makanan Anjing Basah","","Fresh","30"
"98","MTG - Menteng","24130","8994130900373","Dada Boneless BLD Ayam Nanas Sreeya","","Frozen","45"
"98","MTG - Menteng","41426","962573","Bumbu Sendok Bawang Putih Cincang dalam Minyak","","Fresh","21"
"98","MTG - Menteng","44925","10000000003952","Kol Putih Ekonomis Astro Farm","L1-CHL-DC7-T1-4","Fresh","1"
"98","MTG - Menteng","48473","9555192503880","M&M's Permen Cokelat Kacang Festive Pack","","Fresh","54"
"98","MTG - Menteng","32630","10196150","Kin Raw Dog Food Pork, Duck & Apple Makanan Anjing","L1-FRZ-CF13-T2-K7-4","Fresh","45"
"98","MTG - Menteng","31057","837697","Telur Ayam Kampung Omega","BADFRESH-1","Fresh","7"
"98","MTG - Menteng","36479","970582","Telur Bebek Mentah Astro Farm","BADFRESH-1","Fresh","7"
"98","MTG - Menteng","517","673791","Jambu Biji Merah Astro Farm 3-5 pcs","BAD INBOUND","Fresh","1"
"98","MTG - Menteng","43230","10000000000187","Paha Ayam Boneless Fillet Organik Probiotik Astro Farm","L1-FRZ-CF2-T1-K2-1","Frozen","75"
"98","MTG - Menteng","47537","10000000004431","Japanese Wagyu A5 Rosu Astro Farm Signature 100gram","","Frozen","90"
"98","MTG - Menteng","35046","922676","Etira Jamur Champignon Slice","","Fresh","1"
"98","MTG - Menteng","3841","488545","Baby Kangkung Hydroponic Astro Farm","","Fresh","1"
"98","MTG - Menteng","24131","8994130900045","Ceker Ayam Bersih Sreeya","","Frozen","45"
"98","MTG - Menteng","43574","10000000000422","Ribeye AUS Premium Grassfed Grade PRS","","Frozen","90"
"98","MTG - Menteng","46196","10000000004408","Baby Pakcoy Organik","","Fresh","1"
"98","MTG - Menteng","35434","8991071410374","Grouu Bone Broth Beef MPASI Makanan Bayi Anak","","Fresh","90"
"98","MTG - Menteng","31539","8992704412215","Bumifood Ebi Furai","","Frozen","120"
"98","MTG - Menteng","5093","847246","CP Ayam Paha Atas Frozen","","Frozen","75"
"98","MTG - Menteng","36714","8994457140322","Pawmeals Freshly Cooked Perky Porky Young & Adult Makanan Basah Anjing","","Fresh","30"
"98","MTG - Menteng","48494","10000000004856","Kurma Sukari Astro Farm","","Fresh","30"
"98","MTG - Menteng","32710","350706","Madre Mozzarella Vegan Cheese","","Fresh","35"
"98","MTG - Menteng","47896","10000000004679","Pureeland Baby Soup Mutiara Soup MPASI","","Frozen","30"
"98","MTG - Menteng","5531","1021011061025","Seafoodking Combo Shabu","","Frozen","30"
"98","MTG - Menteng","45008","10000000003984","Sirloin Grassfed","L1-FRZ-CF11-T1-K3-4","Frozen","90"
"98","MTG - Menteng","5854","409276","Terong Hijau Lalap - Astro Farm","","Fresh","1"
"98","MTG - Menteng","44229","10000000003589","Zukini Organik","L1-CHL-DC7-T5-3","Fresh","1"
"98","MTG - Menteng","4281","343185","Astro X Furutu Kiwi-Peach Sando 150gr","","Fresh","0"
"98","MTG - Menteng","30737","194158","Acaii Tea Strawberry Chia Jelly","","Fresh","2"
"98","MTG - Menteng","22582","706565","Bawang Bombay Astro Farm","L1-AMF-RF1-T2-1","Fresh","2"
"98","MTG - Menteng","7609","373759","Chopped Garlic in Vegetable Oil Astro Goods","BADFRESH-1","Fresh","9"
"98","MTG - Menteng","3903","7499221185147","Heavenly Blush Tummy Guanabana Spinach Star Fruit Sugar Free Yogurt Drink","","Fresh","21"
"98","MTG - Menteng","796","962512","Pisang Tanduk Astro Farm 2 pcs","","Fresh","1"
"98","MTG - Menteng","3412","665453","Bawang Putih Kating Astro Farm","L1-AMF-RF1-T4-2","Fresh","1"
"98","MTG - Menteng","44336","10000000000678","Ayam Broiler 4 Potong HSP","","Frozen","60"
"98","MTG - Menteng","6733","921660","Es Lilin Brasil Rasa Nangka","","Frozen","45"
"98","MTG - Menteng","5415","8997014357607","Cedea Fish Dumpling Matcha/Dumpling Ikan","","Frozen","30"
"98","MTG - Menteng","45921","10000000004212","Kacang Tanah Lurik Madu Astro Farm","","Fresh","1"
"98","MTG - Menteng","32767","921903","Namaste Organic Jamu Jamon Jahe Lemon Madu","","Fresh","5"
"98","MTG - Menteng","32630","10196150","Kin Raw Dog Food Pork, Duck & Apple Makanan Anjing","","Fresh","45"
"98","MTG - Menteng","13980","517621","Rendang Suwir - Astro Goods","","Fresh","30"
"98","MTG - Menteng","4343","608149","Ubi Jepang Astro Farm","L1-AMF-RF6-T6-3","Fresh","1"
"98","MTG - Menteng","45955","10000000004299","Apel Fuji Wangshan Premium Astro Farm 1 pcs","","Fresh","1"
"98","MTG - Menteng","45458","10000000004104","Sambal Cakalang Roa Astro Goods","","Fresh","10"
"98","MTG - Menteng","6011","8999898962205","Biokul Stired Yogurt Strawberry","L1-CHL-DC20-T5-8","Fresh","12"
"98","MTG - Menteng","46614","8850329315116","Meiji Strawberry Yogurt","L1-CHL-DC19-T2-8","Fresh","7"
"98","MTG - Menteng","6492","8994023000333","Meg Serbaguna Cheese Slice 10's","","Fresh","45"
"98","MTG - Menteng","38736","276524","Wortel Berastagi Ekonomis Astro Farm","","Fresh","1"
"98","MTG - Menteng","1693","8998866820356","Glico Wings Haku Strawberry & Crispy Choco Monaka","","Frozen","45"
"98","MTG - Menteng","1681","8992907150044","Sari Roti Tawar Gandum","L2-AMD-G4-T3-1","Fresh","2"
"98","MTG - Menteng","5060","272833","Telur Puyuh Conventional Telur/Telor/Quail Egg","","Fresh","7"
"98","MTG - Menteng","4923","576515","NoPre Mama's Kimchi Lobak","","Fresh","28"
"98","MTG - Menteng","43249","8999999608385","Walls Magnum Strawberry Panna","L1-FRZ-CF6-T1-K6-1","Frozen","130"
"98","MTG - Menteng","32432","8999898972280","Biokul Greek Yogurt Honey","","Fresh","7"
"98","MTG - Menteng","48258","8990114000015","Campina Seoul Lychee Yogurt","L1-FRZ-CF6-T2-K4-4","Frozen","300"
"98","MTG - Menteng","22753","8993492101077","Golden Farm Vegetable Green Peas Frozen","","Frozen","45"
"98","MTG - Menteng","29560","849610","Ikan Kerapu Bersih (2-3 pcs)","L1-FRZ-CF3-T1-K3-3","Frozen","75"
"98","MTG - Menteng","2890","312885","Daging Giling Ayam/Minced Chicken/Ground Chicken","","Frozen","75"
"98","MTG - Menteng","5756","8994046110026","My Roti Danish Bread Chocolate","","Fresh","2"
"98","MTG - Menteng","41313","758857","Sayap Ayam Middle Wing Astro Farm","","Frozen","75"
"98","MTG - Menteng","36443","570825","Ubi Merah Astro Farm","L1-AMF-RF6-T6-2","Fresh","1"
"98","MTG - Menteng","2075","938772","Jeruk Mandarin Wokam Less Seed Astro Farm 4-8 pcs","","Fresh","1"
"98","MTG - Menteng","42611","8994457140339","Pawmeals Young & Adult Perky Porky Cooked Makanan Anjing Basah","","Fresh","60"
"98","MTG - Menteng","48263","8721274641318","Wall's Calippo Pokemon Strawberry Pineapple Ice Cream","","Frozen","60"
"98","MTG - Menteng","46209","10000000004147","Resep Roemah Bumbu Instant Anak Kuah Bakso","","Frozen","30"
"98","MTG - Menteng","46199","10000000004414","Ubi Ungu Organik","L1-AMF-RF8-T2-2","Fresh","1"
"98","MTG - Menteng","41426","962573","Bumbu Sendok Bawang Putih Cincang dalam Minyak","L1-FRZ-CF8-T2-K8-6","Fresh","21"
"98","MTG - Menteng","43426","10000000000241","Roti Tawar Jumbo A Basics","L2-AMD-G6-T2-2","Fresh","2"
"98","MTG - Menteng","42328","774871","Dada Ayam Slice Astro Farm 450-550gram","","Frozen","75"
"98","MTG - Menteng","35320","8993351174341","Greenfields Fresh Milk Belgian Choco Almond","","Fresh","7"
"98","MTG - Menteng","42369","500363","Hati Sapi Grassfed Astro Farm","L1-FRZ-CF12-T1-K7-3","Frozen","90"
"98","MTG - Menteng","32466","693095","Amazing Farm Daun Mint","","Fresh","1"
"98","MTG - Menteng","46036","10000000004248","Rossa Farm Telur Ayam Kampung","L1-AMD-A2-T2-3","Fresh","7"
"98","MTG - Menteng","42416","8997234540278","Riverland Skinless Smoked Wieners Cocktail","","Frozen","60"
"98","MTG - Menteng","3757","857770","Cabe Merah Besar Astro Farm","","Fresh","1"
"98","MTG - Menteng","37389","391325","Jantung Ayam Astro Farm","L1-FRZ-CF2-T2-K2-1","Frozen","75"
"98","MTG - Menteng","25843","8994130899998","Ampela Ayam Bersih Sreeya Gizzard","L1-FRZ-CF9-T1-K4-2","Frozen","35"
"98","MTG - Menteng","2976","8999999536596","Paddle Pop Choco Lava Ice Cream","","Frozen","45"
"98","MTG - Menteng","31291","8997220410332","Kin A2 Fresh Milk","L1-CHL-DC1-T4-1","Fresh","7"
"98","MTG - Menteng","32857","597398","Heavenly Blush Yoguruto Wholesome Original Yogurt Drink 180ml","","Fresh","45"
"98","MTG - Menteng","41954","102694","Ikan Asin Gabus","","Frozen","60"
"98","MTG - Menteng","6491","8994023000050","Meg Serbaguna Keju Blok","","Fresh","45"
"98","MTG - Menteng","5532","1021011061018","Seafoodking Combo Suki Tomyam","","Frozen","30"
"98","MTG - Menteng","46619","8850329315413","Meiji Plain Yogurt","","Fresh","7"
"98","MTG - Menteng","28088","8997234089012","Crunchy Shrimp Ball - Riburasa","","Frozen","45"
"98","MTG - Menteng","42068","8992907996321","Sari Roti Klasik Kasur Krim Messes","L2-AMD-G5-T2-2","Fresh","2"
"98","MTG - Menteng","19715","560374","Pisang Kepok Kuning - Astro Farm 1.1kg - 1.5kg/sisir","","Fresh","1"
"98","MTG - Menteng","6530","8991999110615","Milk Life Fresh Milk Lactose Free Original","L1-CHL-DC1-T4-3","Fresh","7"
"98","MTG - Menteng","36495","218284","Selada Air Astro Farm","L1-CHL-DC6-T3-7","Fresh","1"
"98","MTG - Menteng","43108","10000000000135","Cabe Merah Rawit Astro Farm","L1-CHL-DC5-T2-5","Fresh","1"
"98","MTG - Menteng","4442","899098","Pisang Barangan Premium Cluster - Astro Farm","","Fresh","1"
"98","MTG - Menteng","3377","8994943001052","Highland 50/50 Mesclun & Spinach 100gr + Dressing","","Fresh","2"
"98","MTG - Menteng","796","962512","Pisang Tanduk Astro Farm 2 pcs","L1-AMF-RF3-T7-1","Fresh","1"
"98","MTG - Menteng","32628","10196095","Kin Raw Dog Food Quail, Pumpkin & Egg Makanan Anjing","","Fresh","45"
"98","MTG - Menteng","24423","8997207631880","Udang Vanamei Giling Halus Premium Java Sea x Astro Farm","L1-FRZ-CF7-T2-K3-2","Frozen","90"
"98","MTG - Menteng","43422","10000000000290","Daging Sapi Giling Import Imperfect","","Frozen","90"
"98","MTG - Menteng","44886","8999898971221","Biokul Greek Yogurt Plain","","Fresh","30"
"98","MTG - Menteng","51717","745125242347","Bluder Cokro Bluder Coklat Single","L2-AMD-G4-T4-2","Fresh","2"
"98","MTG - Menteng","22029","509839","Selada Keriting Konvensional Astro Farm","","Fresh","1"
"98","MTG - Menteng","6057","745990","Daging Sapi Giling Import","","Frozen","90"
"98","MTG - Menteng","45444","10000000004134","Selada Butterhead Hidroponik Astro Farm","L1-CHL-DC3-T1-2","Fresh","1"
"98","MTG - Menteng","48252","9555894514573","Tasty Sea Gourmet Flower Cheese Tofu","","Frozen","216"
"98","MTG - Menteng","50063","10000000005234","Kombucha Passion Fruit Teh Fermentasi Astro Goods","L1-CHL-DC18-T4-11","Fresh","60"
"98","MTG - Menteng","51165","10000000005547","Ikan Kakap Giling","","Frozen","60"
"98","MTG - Menteng","44913","10000000003941","Jambu Air Citra Ekonomis Astro Farm 4-7 pcs","","Fresh","1"
"98","MTG - Menteng","6063","366683","Daging Ayam Giling Astro Farm","L1-FRZ-CF2-T2-K5-3","Frozen","75"
"98","MTG - Menteng","41185","8991728000989","Joyday Twist Cone Coffee Vanilla","","Frozen","30"
"98","MTG - Menteng","47511","8721274611182","Walls Cornetto Choco Brownie Ice Cream 108ml","","Frozen","75"
"98","MTG - Menteng","50002","10000000005215","Cabe Merah Besar Tanpa Tangkai Astro Farm 100 gram","","Fresh","1"
"98","MTG - Menteng","50868","8997207520368","El Primo Beef Bratwurst","L1-FRZ-CF4-T2-K3-1","Frozen","90"
"98","MTG - Menteng","50955","10000000005476","Dried Oregano Leaves Astro Goods","","Fresh","30"
"98","MTG - Menteng","32700","801307","Heavenly Blush Tummy Lemon No Added Sugar Yogurt Drink 180ml","","Fresh","45"
"98","MTG - Menteng","43343","8991728000958","Joyday Vanilla Berry Sandwich","","Fresh","100"
"98","MTG - Menteng","612","777749","Pepaya California Astro Farm 1 pcs","","Fresh","1"
"98","MTG - Menteng","33141","8997011791336","My Taste Cheese Sauce","","Fresh","90"
"98","MTG - Menteng","40973","8997018650087","Karawaci Bakso Sapi Sule Urat","","Frozen","45"
"98","MTG - Menteng","22747","114924","Nutmeg Powder Astro Basics/Pala Bubuk","","Fresh","30"
"98","MTG - Menteng","2564","8997212940038","Ayyomi Telur Ayam Negeri Omega Premium Eggarnic 10pcs","","Fresh","5"
"98","MTG - Menteng","3131","8000500066027","Kinder Bueno","L1-CHL-DC2-T2-6","Fresh","45"
"98","MTG - Menteng","5941","164713","Dough Lab The Bride 4pcs","","Fresh","1"
"98","MTG - Menteng","45449","10000000004140","Telur Prima Ayam Kampung Alami","","Fresh","7"
"98","MTG - Menteng","1126","8991001301031","Ceres Meses Classic Chocolate","L2-AMD-C4-T4-1","Fresh","54"
"98","MTG - Menteng","9095","8991001663696","Silverqueen Valentine Edition Promo Pack 2x58gr","","Fresh","60"
"98","MTG - Menteng","2964","8999999557218","Walls Selection Strawberry Cheesecake","","Frozen","75"
"98","MTG - Menteng","148","276358","Ayam Kampung Organik Probiotik + Jamu Regular 700-800gr Natural Poultry","","Frozen","75"
"98","MTG - Menteng","45087","8801007164366","Bibigo Sliced Napa Cabbage Kimchi","L1-CHL-DC14-T4-10","Fresh","30"
"98","MTG - Menteng","22029","509839","Selada Keriting Konvensional Astro Farm","BADFRESH-1","Fresh","1"
"98","MTG - Menteng","31925","7499221194194","Heavenly Blush Greek Yogurt Lychee","","Fresh","12"
"98","MTG - Menteng","33719","8993200669134","Kanzler Crispy Spicy Chicken Nugget","","Frozen","45"
"98","MTG - Menteng","5427","905328","Karbonat Daging Babi","","Frozen","90"
"98","MTG - Menteng","5903","8994892000069","Unagi Kabayaki Ichinoji","","Frozen","75"
"98","MTG - Menteng","43849","10000000000576","Kang Kebab Mini Authentic Turki Original","L1-FRZ-CF8-T1-K2-3","Frozen","5"
"98","MTG - Menteng","42343","9421016151318","Westgold Unsalted Butter Premium","BAD INBOUND","Fresh","45"
"98","MTG - Menteng","45042","10000000003994","Bengkuang Astro Farm","BADFRESH-1","Fresh","1"
"98","MTG - Menteng","46301","5711953017360","Arla Natural Cream Cheese","","Fresh","45"
"98","MTG - Menteng","2486","4000417011008","Ritter Sport Milk Chocolate with Cornflakes","","Fresh","21"
"98","MTG - Menteng","23366","230289","Kikil Rebus Import Astro Farm","","Frozen","90"
"98","MTG - Menteng","4078","962894","Ayam Kampung Utuh Frozen Astro Farm","","Frozen","60"
"98","MTG - Menteng","43739","10000000000520","Mangga Gedong Gincu Astro Farm 2-3 pcs","BAD INBOUND","Fresh","1"
"98","MTG - Menteng","36700","8991071680524","Green Rebel Mushroom Patty","","Frozen","30"
"98","MTG - Menteng","45008","10000000003984","Sirloin Grassfed","BAD INBOUND","Frozen","90"
"98","MTG - Menteng","22360","315573","Jamur Portobello Astro Farm","","Fresh","2"
"98","MTG - Menteng","3649","9556001232236","Nestle Milo Ice Cream Stick","","Frozen","45"
"98","MTG - Menteng","41955","8993036114020","Kong Kee Tahu Ayam","","Fresh","2"
"98","MTG - Menteng","43437","10000000000301","Brokoli Organik","","Fresh","1"
"98","MTG - Menteng","40900","619067","Wortel Berastagi Ekonomis Astro Farm","L1-CHL-DC13-T1-4","Fresh","1"
"98","MTG - Menteng","43551","10000000000392","Wagyu Ribeye MB 4-5 AUS Grain Fed","","Frozen","90"
"98","MTG - Menteng","46916","8993110002557","So Nice Sosis Premium Original","","Frozen","45"
"98","MTG - Menteng","43735","10000000000556","Ikan Gabus Fillet","L1-FRZ-CF7-T2-K4-1","Frozen","60"
"98","MTG - Menteng","43438","10000000000300","Tomat Merah Organik","","Fresh","1"
"98","MTG - Menteng","45009","10000000003981","Tenderloin Grassfed","","Frozen","90"
"98","MTG - Menteng","47953","10000000004785","KC Smokery Original Smoked Beef 150gram","","Frozen","60"
"98","MTG - Menteng","51569","8994046010180","My Roti Tawar Gandum High Fiber Family Pack 15 Slice","L2-AMD-G5-T6-3","Fresh","3"
"98","MTG - Menteng","47372","8993207251349","Boneless Duck Breast CP","L1-FRZ-CF5-T2-K7-5","Frozen","60"
"98","MTG - Menteng","31273","8993492102715","Perfetto Mozzarella Cheese","","Fresh","21"
"98","MTG - Menteng","6698","5413081100074","Mydibel Kentang Shoestring","","Frozen","30"
"98","MTG - Menteng","35010","861837","Ayam Broiler Utuh Astro Farm","","Frozen","75"
"98","MTG - Menteng","46034","10000000004246","Rossa Farm Telur Ayam Low Cholesterol","","Fresh","7"
"98","MTG - Menteng","48255","9555894514634","Tasty Sea Gourmet Fish Sandwich","","Frozen","216"
"98","MTG - Menteng","44848","10000000003907","Cumi Asin Super Astro Farm","","Frozen","20"
"98","MTG - Menteng","2028","7622210557858","Kraft All in One Cheddar Cheese","","Fresh","45"
"98","MTG - Menteng","46197","10000000004411","Seledri Stik Organik","","Fresh","1"
"98","MTG - Menteng","33674","8997009742210","Sumber Selera Bakso Polos Daging Kombinasi Sapi dan Ayam 50 pcs","","Frozen","30"
"98","MTG - Menteng","6826","224464","Roti Tawar A Basics","BADFRESH-1","Fresh","3"
"98","MTG - Menteng","33253","623527","Single Origin Green Tea - Astro Goods","","Fresh","90"
"98","MTG - Menteng","51868","8993351128146","Greenfields Lactose Free Fresh Milk","","Fresh","7"
"98","MTG - Menteng","35181","344651","Ayam Negeri Organik Probiotik+Jamu Baby Hona Farm","","Frozen","75"
"98","MTG - Menteng","31815","280807","Ikan Tuna Saikoro","L1-FRZ-CF3-T2-K3-6","Frozen","60"
"98","MTG - Menteng","5053","76840100040","Ben & Jerry's Mint Chocolate Cookie Ice Cream","","Frozen","45"
"98","MTG - Menteng","4474","486653","Nyonya Moy Lidah Kucing Nutella 350gr","","Fresh","1"
"98","MTG - Menteng","33142","8993407122401","Cheesy Spread Processed Cheddar Cheese","","Fresh","45"
"98","MTG - Menteng","29205","261588","Dry Rubs Classic Barbecue Astro Goods","L2-AMD-B1-T4-8","Fresh","90"
"98","MTG - Menteng","45450","10000000004141","Telur Prima DHA Omega 3","L1-AMD-A3-T5-1","Fresh","7"
"98","MTG - Menteng","31708","9310264911945","Bega Smokey BBQ Cheese Slice 12's","L1-CHL-DC17-T1-5","Fresh","21"
"98","MTG - Menteng","11988","219914","Bawang Putih Goreng Astro Basics","L2-AMD-B9-T2-10","Fresh","28"
"98","MTG - Menteng","2441","106332","Beau Milk Toast Loaf 500gr","","Fresh","1"
"98","MTG - Menteng","8687","673529","Pepaya Hawai Astro Farm 1 pcs","L1-AMF-RF3-T2-1","Fresh","1"
"98","MTG - Menteng","3467","8993200345427","Kanzler Cheese Frankfurter Sausages","L1-FRZ-CF4-T1-K4-1","Frozen","45"
"98","MTG - Menteng","6006","8993200661176","Cimory Greek Yogurt Plain","","Fresh","28"
"98","MTG - Menteng","8673","8997217660306","Health & Co Juice - Bright Beet","","Fresh","2"
"98","MTG - Menteng","52548","10000000005878","Pisang Cavendish Chibi Shine 6-11 pcs","L1-AMF-RF9-T3-4","Fresh","1"
"98","MTG - Menteng","7618","277527","Sapi Lada Hitam Frozen Astro Goods","","Fresh","2"
"98","MTG - Menteng","3728","596401","Coco Loco Coconut Water","L1-CHL-DC23-T2-4","Fresh","4"
"98","MTG - Menteng","30521","291203","Hangjeongsal Pork Cheek","L1-FRZ-CF13-T1-K2-3","Frozen","90"
"98","MTG - Menteng","44685","10000000003752","Nutriale Chicken & Salmon Makanan Anjing Basah","","Fresh","30"
"98","MTG - Menteng","3110","8997233090033","Laukita Ayam Kecombrang Ready to Cook 1","","Fresh","14"
"98","MTG - Menteng","5536","8998002020220","Seafoodking Lobster Ball Premium","","Frozen","30"
"98","MTG - Menteng","50357","10000000005354","The Good Harvest Bayam Hijau Hidroponik","","Fresh","1"
"98","MTG - Menteng","45282","10000000004034","Cabe Merah Keriting Tanpa Tangkai Astro Farm","","Fresh","1"
"98","MTG - Menteng","14898","8995152001802","Merbabu Gula Merah","","Fresh","120"
"98","MTG - Menteng","2077","80974482","Kinder Joy Chocolate For Boys","","Fresh","45"
"98","MTG - Menteng","25156","8992907952143","Sari Roti Sandroll Zupperr Keju","","Fresh","2"
"98","MTG - Menteng","22741","584947","Paprika Bubuk Astro Basics","L2-AMD-B1-T5-10","Fresh","90"
"98","MTG - Menteng","32686","8994023000111","Meg Cheddar Cream Cheese","","Fresh","45"
"98","MTG - Menteng","8672","8997217660429","Health & Co Juice - Honey Lemon","","Fresh","2"
"98","MTG - Menteng","1604","8999999005610","Walls Magnum Almond","","Frozen","90"
"98","MTG - Menteng","49729","8994467130061","Huntsman Beef Meatballs with Cheese","","Frozen","90"
"98","MTG - Menteng","48421","100101","Bolekaka Dimsum Ceria 250gram","","Frozen","40"
"98","MTG - Menteng","43579","10000000000437","Ceker Ayam Organik Hona Farm","L1-FRZ-CF5-T1-K3-1","Frozen","45"
"98","MTG - Menteng","1455","8997014353142","Cedea Steamboat Set","L1-FRZ-CF4-T1-K3-1","Fresh","30"
"98","MTG - Menteng","32549","3161712002113","Ile De France Mini Brie Cheese Pack 5pcs x 25gr","","Fresh","21"
"98","MTG - Menteng","40958","110967","Raw Pet Gourmet Minis Turkey, Wild Fish & Berries Makanan Basah Anjing","","Fresh","30"
"98","MTG - Menteng","630","794101","Jeruk Nipis Astro Farm 5-7 pcs","","Fresh","1"
"98","MTG - Menteng","2531","4000417023001","Ritter Sport Milk Chocolate with Almond","L1-CHL-DC2-T2-5","Fresh","21"
"98","MTG - Menteng","40792","8997009748748","Hanzel Bratwurst Mozarella Cheese Sausages","","Frozen","45"
"98","MTG - Menteng","43256","10000000000248","Acaii Tea Skinlift Tea","","Fresh","2"
"98","MTG - Menteng","50733","8885013133912","Aice Chocolate Bites Cup","L1-FRZ-CF10-T2-K8-8","Frozen","90"
"98","MTG - Menteng","50005","10000000005218","Cabe Hijau Keriting Tanpa Tangkai Astro Farm 100 gram","","Fresh","1"
"98","MTG - Menteng","46924","10000000004498","Bone in Short RIB MB4 Astro Farm Signature","","Frozen","90"
"98","MTG - Menteng","44769","10000000003834","Daging Giling Ekonomis Fatty Cuts","","Frozen","90"
"98","MTG - Menteng","5605","868627","Ikan Lele Bumbu Kuning Astro Farm","L1-FRZ-CF7-T1-K2-1","Frozen","28"
"98","MTG - Menteng","4085","163307","Ayam Fillet Dada Frozen","","Frozen","75"
"98","MTG - Menteng","23949","8999999594923","Cornetto Pop Butter Popcorn & Caramel - Es Krim Walls","","Frozen","45"
"98","MTG - Menteng","32316","511657","Pad Kra Pao Thai Chicken Basil Astro Goods","","Fresh","15"
"98","MTG - Menteng","42409","774610","Bulgalbi US Prime Tenji Meat 260-290gram","","Frozen","90"
"98","MTG - Menteng","4921","211752","Delicio Melted Cheese Bread 99gr","","Fresh","1"
"98","MTG - Menteng","43801","10000000000604","Sawi Putih Organik","BADFRESH-1","Fresh","1"
"98","MTG - Menteng","32856","841631","Heavenly Blush Yoguruto Blackcurrant Yogurt Drink 180ml","","Fresh","45"
"98","MTG - Menteng","47196","10000000004226","Sapi Iris Mercon Astro Goods","L1-FRZ-CF8-T2-K2-7","Frozen","15"
"98","MTG - Menteng","3113","118108","Ribeye Steak Import Astro Farm","","Frozen","90"
"98","MTG - Menteng","6385","808611","Paket Masak Bakso Sayur X Royco","","Fresh","1"
"98","MTG - Menteng","50723","8885013132656","Kaluli Choco Master Belgian Chocolate","L1-FRZ-CF6-T2-K2-4","Frozen","90"
"98","MTG - Menteng","43801","10000000000604","Sawi Putih Organik","L1-CHL-DC7-T3-5","Fresh","1"
"98","MTG - Menteng","43742","10000000000573","Ikan Kembung Banjar","","Frozen","60"
"98","MTG - Menteng","3738","161377","Tempe","BAD INBOUND","Fresh","2"
"98","MTG - Menteng","30325","634268","Mini OG Crunch Astro Goods x Dough Lab","","Fresh","15"
"98","MTG - Menteng","43893","10000000000619","Multiseed Bagel Astro Goods x BRAUD 170gram","","Fresh","2"
"98","MTG - Menteng","2316","784411","Daging Babi Giling","","Frozen","90"
"98","MTG - Menteng","28151","431399","Gelato Es Krim Burnt Cheesecake Gelato 8Oz Oma Elly x Astro Goods","","Frozen","10"
"98","MTG - Menteng","48260","8999898977506","Diamond Ice Cream Cookies and Cream","","Frozen","270"
"98","MTG - Menteng","5509","982505","Salak Pondoh Astro Farm 5-7 pcs","BADFRESH-1","Fresh","1"
"98","MTG - Menteng","51364","10000000005625","SNIFFF Bowl Chicken Mushroom Umami Makanan Anjing Basah","L1-FRZ-CF13-T1-K8-8","Frozen","21"
"98","MTG - Menteng","44020","10000000000704","Selada Keriting Hydroponic Astro Farm","L1-CHL-DC3-T3-4","Fresh","1"
"98","MTG - Menteng","20631","667353","Ikan Kakap Merah Fillet","BADFRESH-1","Frozen","60"
"98","MTG - Menteng","32522","8991071411029","Grouu Bone Broth Beef MPASI Refill","","Fresh","30"
"98","MTG - Menteng","26751","8997207520337","El Primo Beef Picnic Sausages","","Frozen","45"
"98","MTG - Menteng","5377","8991001502254","Delfi Chacha Milk Chocolate","","Fresh","90"
"98","MTG - Menteng","3112","915104","Daging Sapi Sirloin Steak SPN Premium/Daging Has Dalam","","Frozen","90"
"98","MTG - Menteng","3630","841730","Daun Katuk Konvensional Astro Farm","L1-CHL-DC6-T3-8","Fresh","1"
"98","MTG - Menteng","30175","841459","Greenfields Fresh Milk Choco Malt","","Fresh","3"
"98","MTG - Menteng","336","3161911393210","Elle & Vire Salted Butter","L1-CHL-DC17-T1-15","Fresh","30"
"98","MTG - Menteng","2677","8997014450094","Prochiz Cheddar Keju Slice 10's","L1-CHL-DC17-T3-8","Fresh","45"
"98","MTG - Menteng","24494","748318","Jambu Air Citra Astro Farm 4-7 pcs","BAD INBOUND","Fresh","1"
"98","MTG - Menteng","43418","10000000000286","Daging Brisket Slice Import Imperfect Astro Basics","","Frozen","90"
"98","MTG - Menteng","143","8999999035624","Walls Magnum Mini Classic","L1-FRZ-CF10-T1-K1-3","Frozen","90"
"98","MTG - Menteng","45459","8993200670321","Cimory Yogurt Stick Kyoho Grape 25 pcs x 40 gr","L1-CHL-DC18-T3-2","Fresh","45"
"98","MTG - Menteng","43734","10000000000553","Neck Bone Grass Fed","","Frozen","90"
"98","MTG - Menteng","226","368188","Rock Melon Orange Astro Farm 1 pcs 1.8-2.2 kg","","Fresh","1"
"98","MTG - Menteng","4993","641897","Daging Sapi Rendang Import Astro Farm","L1-FRZ-CF12-T1-K3-2","Frozen","90"
"98","MTG - Menteng","5547","552619","AIM Rujak Cireng Original","","Frozen","20"
"98","MTG - Menteng","27124","9556587323106","Kawan Chapati isi 8pcs","","Frozen","120"
"98","MTG - Menteng","37653","899468","Daging Sirloin Slice Import","L1-FRZ-CF12-T2-K2-5","Frozen","90"
"98","MTG - Menteng","44660","10000000003763","Pisang Barangan Astro Farm 4-5 pcs","","Fresh","1"
"98","MTG - Menteng","29212","210676","Pear Packham Astro Farm 2-3 pcs","L1-CHL-DC9-T3-2","Fresh","1"
"98","MTG - Menteng","45621","10000000004186","Amazing Farm Mini Cucumber","","Fresh","1"
"98","MTG - Menteng","42329","645344","Paha Ayam Boneless Astro Farm","L1-FRZ-CF2-T2-K7-1","Frozen","75"
"98","MTG - Menteng","29831","8994130900625","Ayam Marinasi Bumbu Kuning Sreeya","L1-FRZ-CF9-T1-K1-1","Frozen","30"
"98","MTG - Menteng","44912","10000000003909","Alpukat Mentega Ekonomis Astro Farm 2-4 pcs","L1-AMF-RF7-T4-2","Fresh","1"
"98","MTG - Menteng","630","794101","Jeruk Nipis Astro Farm 5-7 pcs","BAD INBOUND","Fresh","1"
"98","MTG - Menteng","45042","10000000003994","Bengkuang Astro Farm","L1-AMF-RF6-T3-1","Fresh","1"
"98","MTG - Menteng","29290","388042","Pork Shabu-Shabu","","Frozen","90"
"98","MTG - Menteng","25006","595023","Tumis Tomat Ijo Teri Kafe Betawi x Astro Goods","","Fresh","14"
"98","MTG - Menteng","1856","8801104180115","Binggrae Samanco Strawberry Ice Cream","","Frozen","75"
"98","MTG - Menteng","7171","8993221100067","Cincau Tawar Sakake","","Fresh","2"
"98","MTG - Menteng","43738","10000000000525","Mangga Indramayu Astro Farm 2-3 pcs","BADFRESH-1","Fresh","1"
"98","MTG - Menteng","4054","305581","Paket Masak Sop Kimlo Astro Goods","L1-CHL-DC23-T4-1","Fresh","2"
"98","MTG - Menteng","50929","10000000005252","Eat Me Brand Lettuce Lover Salad","DC-BADSTOCK-38","Fresh","1"
"98","MTG - Menteng","45360","10000000003998","Paru Rebus Slice Ekonomis","","Frozen","90"
"98","MTG - Menteng","6240","837369","Labu Kabocha Orange Astro Farm","L1-AMF-RF4-T1-3","Fresh","1"
"98","MTG - Menteng","24264","8997234140744","Sibas Saba Miso Zuke Ready To Heat","","Frozen","90"
"98","MTG - Menteng","4700","8994046010029","My Roti Tawar Kupas","","Fresh","2"
"98","MTG - Menteng","2456","8997220410028","KIN Bugarian Strawberry Yogurt Drink","","Fresh","45"
"98","MTG - Menteng","5623","174904","Sayap Ayam Utuh BestChicken/Chicken Wings 450 - 550gr","","Frozen","75"
"98","MTG - Menteng","29908","8997231940545","Chocolate Bar Crunchy Caramel 35gr Astro Goods x Pipiltin Cocoa","","Fresh","270"
"98","MTG - Menteng","30496","307515","Bumbu Sendok Bawang Putih Cincang dalam Minyak 100gr 100gram","","Fresh","12"
"98","MTG - Menteng","4701","8994046010067","My Roti Tawar Funwari Gandum","","Fresh","2"
"98","MTG - Menteng","3625","286534","Kangkung Konvensional Astro Farm","BAD INBOUND","Fresh","1"
"98","MTG - Menteng","44231","10000000003591","Baby Sawi Putih Astro Farm","L1-CHL-DC7-T3-3","Fresh","1"
"98","MTG - Menteng","48561","881001001219","Friday Creamery Ube Matcha","","Frozen","90"
"98","MTG - Menteng","46614","8850329315116","Meiji Strawberry Yogurt","","Fresh","7"
"98","MTG - Menteng","43547","8997236190419","Sven's Belly Bacon Aussie Style","","Frozen","90"
"98","MTG - Menteng","5809","745110055716","Frozchick Ayam Bumbu Rendang","","Frozen","30"
"98","MTG - Menteng","46195","10000000004407","Baby Labu Siam Organik","","Fresh","1"
"98","MTG - Menteng","24559","7622210777768","Cadbury Dairy Milk Cokelat Mini Bites Sharebag Isi 18","","Fresh","45"
"98","MTG - Menteng","30522","230398","Daging Sapi Rendang Astro Farm","","Frozen","90"
"98","MTG - Menteng","44776","10000000003847","Udang Kupas Vanamei Size M Astro Farm","","Frozen","90"
"98","MTG - Menteng","48867","10000000004995","Pear Autumn Honey Wang Shan 1pcs","","Fresh","1"
"98","MTG - Menteng","35371","717987","Apel Dazzle Astro Farm 2-3 pcs","","Fresh","1"
"98","MTG - Menteng","3074","237678","Cumi Asin Telur","","Frozen","75"
"98","MTG - Menteng","43658","10000000000496","Horenzo Organik","L1-CHL-DC3-T5-5","Fresh","1"
"98","MTG - Menteng","527","685543","Daun Bawang Astro Farm","","Fresh","1"
"98","MTG - Menteng","48104","10000000004590","Japanese Sando Cookies Dark Chocolate Astro Goods 5 pcs","L1-CHL-DC2-T1-12","Fresh","90"
"98","MTG - Menteng","3740","8997017180134","Yun Yi Tahu Putih","L1-CHL-DC16-T4-5","Fresh","2"
"98","MTG - Menteng","46032","10000000004244","Rossa Farm Telur Ayam Omega 3","BADFRESH-1","Fresh","7"
"98","MTG - Menteng","43685","8997228750386","Pick Me Telur Bebek Asin Matang Rasa Jahe","","Fresh","7"
"98","MTG - Menteng","21766","118792","Anggur Midnight Beauty Less Seed Premium Astro Farm","L1-CHL-DC8-T3-1","Fresh","1"
"98","MTG - Menteng","7609","373759","Chopped Garlic in Vegetable Oil Astro Goods","L1-CHL-DC14-T2-15","Fresh","9"
"98","MTG - Menteng","2495","8997228861976","Amazing Farm Shake Salad Thai Shake","","Fresh","1"
"98","MTG - Menteng","47549","8999999275440","Walls Shaky Shake Ice Cream","L1-FRZ-CF6-T1-K4-2","Frozen","250"
"98","MTG - Menteng","19698","8997015494240","Green Valley Grated Parmesan Cheese Pouch","L1-CHL-DC18-T1-5","Fresh","45"
"98","MTG - Menteng","50721","8885013133059","Aice Histeria Matcha","L1-FRZ-CF6-T1-K5-3","Frozen","90"
"98","MTG - Menteng","3034","434581","% Arabica Oatly Oat Milk Caffe Latte","","Fresh","75"
"98","MTG - Menteng","23824","546802","Latteria x Astro Goods Zen Black Sesame Delight 4 Oz","","Frozen","30"
"98","MTG - Menteng","38737","689078","Bawang Bombay Ekonomis Astro Farm","L1-AMF-RF1-T1-1","Fresh","1"
"98","MTG - Menteng","3780","637305","Cadbury Valentine Gift Box Dairy Milk Chocolate isi 5pcs x 30gr","","Fresh","90"
"98","MTG - Menteng","46611","8997015494219","Green Valley Block Mozzarella Cheese","L1-CHL-DC17-T3-2","Fresh","45"
"98","MTG - Menteng","6164","246258","Alpukat Mentega Super Astro Farm","","Fresh","1"
"98","MTG - Menteng","4299","360811","Paket Masak X Bapak2ID Capcay Udang","","Fresh","2"
"98","MTG - Menteng","47481","10000000004644","Nanas Batu Hijau Astro Farm","BADFRESH-1","Fresh","1"
"98","MTG - Menteng","35428","8991071410336","Grouu Cooking Series Bumbu Dasar Kuning MPASI","","Fresh","90"
"98","MTG - Menteng","3653","9556001091437","Nestle Crunch Stick","","Frozen","90"
"98","MTG - Menteng","3864","873657","Acaii Tea Teatox Berry","","Fresh","2"
"98","MTG - Menteng","25089","8993492101664","Edo Pizza Base","L1-FRZ-CF8-T1-K1-1","Frozen","45"
"98","MTG - Menteng","51722","745125242514","Bluder Cokro Bluder Choco Crunchy Single","L2-AMD-G4-T4-1","Fresh","2"
"98","MTG - Menteng","44969","10000000003976","Rock Melon Orange Ekonomis Astro Farm 1 pcs 1.8-2.2 kg","","Fresh","1"
"98","MTG - Menteng","45964","10000000004108","Brokoli Sultan Astro Goods","","Frozen","15"
"98","MTG - Menteng","32727","8999898430032","Jungle Juice Mango","L1-CHL-DC22-T1-5","Fresh","60"
"98","MTG - Menteng","335","485802","Tomat Merah Astro Farm","BAD INBOUND","Fresh","1"
"98","MTG - Menteng","46191","10000000004403","Selada Keriting Organik","L1-CHL-DC3-T5-4","Fresh","1"
"98","MTG - Menteng","4606","597359","Kokumi Okinawa Brown Sugar Popsicle 1Pcs","","Frozen","45"
"98","MTG - Menteng","40928","8997016811404","Monggo Salty Caramel Dark Chocolate 69% of Cocoa Bar","L1-CHL-DC2-T3-4","Fresh","30"
"98","MTG - Menteng","41996","404258","Daging Sapi Burger","","Frozen","90"
"98","MTG - Menteng","6001","8993200664337","Kanzler Frankfurter Cocktail Sausages","","Frozen","45"
"98","MTG - Menteng","44825","10000000003908","Pakcoy Ekonomis Astro Farm","BAD INBOUND","Fresh","1"
"98","MTG - Menteng","46125","8993110004841","Olagud Chicken Saikoro Original","","Frozen","60"
"98","MTG - Menteng","30181","730105","Bebek Peking Utuh 1.1kg - 1.2kg","","Frozen","60"
"98","MTG - Menteng","51078","8994046010104","My Roti Tawar Gandum High Fiber 10 Slice","RACK-BAD","Fresh","3"
"98","MTG - Menteng","36667","751153","Hojicha Latte by Homelab","","Fresh","1"
"98","MTG - Menteng","5117","260931","Astro Bakers Ketan Hitam Cake 200gr","","Fresh","1"
"98","MTG - Menteng","6567","8991001111609","Silverqueen Bites Chocolate Cashew","L1-CHL-DC2-T1-9","Fresh","90"
"98","MTG - Menteng","3619","800257","Selada Keriting Hydroponic Astro Farm","L1-CHL-DC3-T2-3","Fresh","1"
"98","MTG - Menteng","24528","8994046110125","My Roti Pie Choco","L2-AMD-G5-T5-2","Fresh","2"
"98","MTG - Menteng","41896","8997228750041","Pick Me Telur Ayam Omega 3","","Fresh","9"
"98","MTG - Menteng","1877","8999898969396","Brookfarm Fresh Milk Plain","L1-CHL-DC1-T2-6","Fresh","5"
"98","MTG - Menteng","28150","830122","Gelato Es Krim Biscoff Parade Gelato 8Oz Oma Elly x Astro Goods","","Frozen","20"
"98","MTG - Menteng","4734","8993993960593","SIH Telur Ayam Negeri Omega 3","L1-AMD-A3-T6-1","Fresh","7"
"98","MTG - Menteng","697","8993207240961","Fiesta Spicy Wings","L1-FRZ-CF1-T1-K6-1","Frozen","45"
"98","MTG - Menteng","3601","352275","Paket Masak Capcay Astro Goods","BAD INBOUND","Fresh","2"
"98","MTG - Menteng","35875","762820","Buah Semangka Potong - Astro Farm 180gr - 200gr/pack","","Fresh","1"
"98","MTG - Menteng","47554","8999999042264","Walls Neopolitana 3in1 Ice Cream Tubs","L1-FRZ-CF6-T2-K1-4","Frozen","250"
"98","MTG - Menteng","3471","8993200662494","Kanzler Chicken Cordon Bleu Frozen Food","","Frozen","45"
"98","MTG - Menteng","3840","704001","Baby Pakcoy Hydroponic Astro Farm","","Fresh","1"
"98","MTG - Menteng","42413","412502","Bone In Galbi Us Prime Tenji Meat","","Frozen","90"
"98","MTG - Menteng","2989","877647","Alice Spring Daging Sapi Semur","","Frozen","90"
"98","MTG - Menteng","4047","8997233090477","Laukita Ready to Cook Nasi Goreng Kampung","","Fresh","14"
"98","MTG - Menteng","36444","518091","Ubi Ungu Astro Farm","L1-AMF-RF6-T5-3","Fresh","1"
"98","MTG - Menteng","29629","8994448900270","Chicken Marinade Bitte 5pack","","Frozen","90"
"98","MTG - Menteng","35436","8991071410411","Grouu Bone Broth Salmon MPASI Makanan Bayi Anak","L1-FRZ-CF8-T2-K7-6","Fresh","90"
"98","MTG - Menteng","24889","424216","Terong Belanda - Astro Farm","","Fresh","1"
"98","MTG - Menteng","31521","471977","Mangga Thailand Astro Farm 2-3 pcs","","Fresh","1"
"98","MTG - Menteng","36493","872403","Daun Genjer Astro Farm","","Fresh","1"
"98","MTG - Menteng","42709","10000000000014","Kentang Ekonomis Astro Farm","BAD INBOUND","Fresh","1"
"98","MTG - Menteng","44230","10000000003590","Daun Seledri Organik","L1-CHL-DC3-T1-4","Fresh","1"
"98","MTG - Menteng","3630","841730","Daun Katuk Konvensional Astro Farm","","Fresh","1"
"98","MTG - Menteng","47943","10000000004362","Ati Ampela Ayam Organik Berkah Chicken","","Frozen","75"
"98","MTG - Menteng","43107","10000000000159","Kembung FIllet","","Frozen","30"
"98","MTG - Menteng","36235","612063","Ayam Kampung Giling Astro Farm","","Frozen","75"
"98","MTG - Menteng","34124","550682","Moon Cake Duren Ang Hap Siang","","Fresh","12"
"98","MTG - Menteng","36732","869002","Ikan Tenggiri Fillet","L1-FRZ-CF3-T2-K4-2","Frozen","60"
"98","MTG - Menteng","28818","450331","Biji Selasih Astro Goods","L2-AMD-B9-T4-9","Fresh","90"
"98","MTG - Menteng","4257","9415007016908","Anchor Cheddar Cheese Slice 12 pcs","L1-CHL-DC17-T1-1","Fresh","45"
"98","MTG - Menteng","3897","7499221133162","Heavenly Blush Yoguruto Peach Yogurt Drink","L1-CHL-DC19-T5-10","Fresh","45"
"98","MTG - Menteng","190","330220","Jeruk Medan Astro Farm 4-5 pcs","","Fresh","1"
"98","MTG - Menteng","32620","10145327","Kin Cooked Dog Food Chicken Mix Makanan Anjing Basah","L1-FRZ-CF13-T1-K3-4","Fresh","45"
"98","MTG - Menteng","7266","101655","Lettuce Head Astro Farm","BAD INBOUND","Fresh","2"
"98","MTG - Menteng","359","510121","Daging Sapi Saikoro Beef BBF","","Frozen","7"
"98","MTG - Menteng","44231","10000000003591","Baby Sawi Putih Astro Farm","BAD INBOUND","Fresh","1"
"98","MTG - Menteng","47900","10000000004672","Pureeland Fat MPASI Oil Aromatic Seasoned ⁠Chicken Oil BB Booster","","Frozen","30"
"98","MTG - Menteng","8941","7622201690533","Cadbury Dairy Milk Pop Heart/Coklat/Cokelat 150gram","","Fresh","45"
"98","MTG - Menteng","45443","10000000004133","Cabe Hijau Besar Hydroponic Astro Farm","L1-CHL-DC5-T6-4","Fresh","1"
"98","MTG - Menteng","4894","869245","Hati Sapi Import Astro Farm","","Frozen","90"
"98","MTG - Menteng","40434","49800165571","Rich's Double Cream for Cooking and Whipping","","Fresh","60"
"98","MTG - Menteng","33724","8991649000983","Benfarm Mac and Cheese Bites","L1-FRZ-CF4-T2-K8-5","Frozen","45"
"98","MTG - Menteng","44771","10000000003836","Daging Oseng Ekonomis Fatty Cuts","L1-FRZ-CF12-T2-K5-1","Frozen","90"
"98","MTG - Menteng","31536","8992704300819","Bumifood Chicken Gyoza","","Frozen","45"
"98","MTG - Menteng","33365","318698","Apel Rockit Tube 4pcs","","Fresh","1"
"98","MTG - Menteng","51316","10000000005480","Daun Pepaya Jepang Astro Farm","","Fresh","1"
"98","MTG - Menteng","46191","10000000004403","Selada Keriting Organik","","Fresh","1"
"98","MTG - Menteng","36669","433796","Sakura Latte by Homelab","","Fresh","1"
"98","MTG - Menteng","27763","857245","Jeruk Kimkit Madu Astro Farm","","Fresh","1"
"98","MTG - Menteng","47772","8995226404300","Gammon Ham Sliced Mamas","L1-FRZ-CF13-T2-K1-8","Frozen","30"
"98","MTG - Menteng","1712","11410002","Ikan Salmon Fillet Sibas","","Frozen","75"
"98","MTG - Menteng","32008","571683","Jeruk Bali Kupas Astro Farm","L1-CHL-DC10-T1-6","Fresh","1"
"98","MTG - Menteng","46922","8995555150749","Kimbo Probites American Cheese","","Frozen","30"
"98","MTG - Menteng","20996","8993200668984","Kanzler Singles Bakso Hot Ready to Eat","L1-CHL-DC2-T1-5","Frozen","30"
"98","MTG - Menteng","45720","10000000004211","Kacang Tanah Kulit Astro Farm","","Fresh","1"
"98","MTG - Menteng","43740","10000000000515","Mangga Gedong Astro Farm 2-3 pcs","","Fresh","1"
"98","MTG - Menteng","22379","939952","Brokoli Ekonomis Astro Farm","","Fresh","1"
"98","MTG - Menteng","712","869122","Sambal Khas Bu Rudy Sambal Bawang","BADFRESH-1","Fresh","15"
"98","MTG - Menteng","43340","10000000000265","Kelengkeng Import Astro Farm","L1-CHL-DC8-T2-3","Fresh","1"
"98","MTG - Menteng","1916","279601","Kembang Kol Astro Farm","BAD INBOUND","Fresh","1"
"98","MTG - Menteng","6532","8991999110318","Milk Life Fresh Milk Chocolate","L1-CHL-DC1-T4-6","Fresh","7"
"98","MTG - Menteng","39037","670593","Pet Meal Box Porkee Makanan Anjing Basah 500gram","","Fresh","45"
"98","MTG - Menteng","47543","8993071700202","Belfoods Chicken Nugget Cornflakes","L1-FRZ-CF1-T1-K7-3","Frozen","150"
"98","MTG - Menteng","43244","8994036545234","Aroma Pork Chasiu","L1-FRZ-CF13-T2-K6-5","Frozen","90"
"98","MTG - Menteng","50398","5701215042391","Emborg Camembert Cheese","L1-CHL-DC17-T2-2","Fresh","45"
"98","MTG - Menteng","47954","10000000004786","KC Smokery Smoked Beef Ham","","Frozen","60"
"98","MTG - Menteng","31821","8993207100081","Fiesta Bratwurst Sausage","L1-FRZ-CF4-T2-K8-4","Frozen","45"
"98","MTG - Menteng","42023","694726","Wag and Whisk Cooked Salmon All Life Stages Makanan Anjing Basah","","Fresh","30"
"98","MTG - Menteng","36717","8994457140148","Pawmeals Young & Adult Chick n Salmon Cooked Makanan Anjing Basah","L1-FRZ-CF13-T2-K5-1","Fresh","30"
"98","MTG - Menteng","32401","170600","Apel Granny Smith Astro Farm 2-4 pcs","BAD INBOUND","Fresh","1"
"98","MTG - Menteng","51493","8993110001581","So Nice Sedaaap Chicken Stick 500gr","L1-FRZ-CF1-T2-K4-5","Frozen","60"
"98","MTG - Menteng","44793","10000000003894","Tomat Cherry Hydroponic Astro Farm","","Fresh","1"
"98","MTG - Menteng","3689","7499221133155","Heavenly Blush Yoguruto Blackcurrant Yogurt Drink","L1-CHL-DC19-T4-2","Fresh","21"
"98","MTG - Menteng","2571","768668","Jagung Acar Astro Farm","L1-CHL-DC12-T5-8","Fresh","1"
"98","MTG - Menteng","45119","10000000004017","Tomat Cherry Hydroponic Big Fresh","L1-CHL-DC13-T3-3","Fresh","1"
"98","MTG - Menteng","40967","8997018651336","ILgusto Sosis Bratwurst Original 5pcs","","Frozen","45"
"98","MTG - Menteng","8744","147060","Roti Gandum Kupas 10 Slices A Basics","BAD INBOUND","Fresh","2"
"98","MTG - Menteng","49","156320","Semangka Merah Astro Farm 1 pcs","L1-AMF-RF5-T1-1","Fresh","1"
"98","MTG - Menteng","44828","10000000003912","Jambu Kristal Ekonomis Astro Farm 2-3 pcs","","Fresh","1"
"98","MTG - Menteng","20996","8993200668984","Kanzler Singles Bakso Hot Ready to Eat","","Frozen","30"
"98","MTG - Menteng","43451","9912995123002","Bernardi Horeca Pack Sosis Sapi BV 1pcs","L1-FRZ-CF4-T2-K1-7","Frozen","60"
"98","MTG - Menteng","4616","940742","Buy 1 Get 1 Magnum Almond get 1 Magnum Double Choco","","Frozen","45"
"98","MTG - Menteng","6726","456541","Labu Siam Acar Astro Farm","BADFRESH-1","Fresh","1"
"98","MTG - Menteng","3392","662460","Cabe Merah Keriting Astro Farm","L1-CHL-DC5-T5-5","Fresh","1"
"98","MTG - Menteng","21769","8991788981617","Sakura Tahu Telur","","Fresh","13"
"98","MTG - Menteng","43881","10000000000646","Buncis Organik","L1-CHL-DC12-T5-2","Fresh","1"
"98","MTG - Menteng","43454","8997022060537","IL Gelato Double Chocolate Coat Ice Cream Stick","BADFRESH-1","Frozen","60"
"98","MTG - Menteng","33353","8993175568319","Richeese Factory Chicken Nugget Crispy Classic","L1-FRZ-CF1-T2-K2-2","Frozen","30"
"98","MTG - Menteng","35009","8993351129167","Greenfields Fresh Milk Full Cream","L1-CHL-DC1-T5-1","Fresh","7"
"98","MTG - Menteng","5085","8994036547436","Aroma Pork Back Bacon","L1-FRZ-CF13-T2-K7-1","Frozen","90"
"98","MTG - Menteng","44232","10000000003587","Bayam Hijau Konvensional Astro Farm","BAD INBOUND","Fresh","1"
"98","MTG - Menteng","40899","8999999609252","Walls Tropical Delight Ice Cream","","Frozen","45"
"98","MTG - Menteng","50608","8997207630876","Udang Java Sea Udang Laut PD/ Kupas Bersih 30/35","L1-FRZ-CF7-T2-K2-7","Frozen","90"
"98","MTG - Menteng","50765","10000000005454","Fillet Paha Ayam Kampung","","Frozen","60"
"98","MTG - Menteng","796","962512","Pisang Tanduk Astro Farm 2 pcs","BAD INBOUND","Fresh","1"
"98","MTG - Menteng","37010","745698","Bawang Putih Kupas Astro Farm","","Fresh","2"
"98","MTG - Menteng","37144","682586","Ikan Kerapu Fillet","","Frozen","60"
"98","MTG - Menteng","3468","8993200344215","Kanzler Blackpepper Frankfurter Sausages","","Frozen","45"
"98","MTG - Menteng","2610","8993200667406","Cimory Squeeze Peach Yogurt","","Fresh","45"
"98","MTG - Menteng","30501","768858","Bumbu Sendok Hijau Bumbu Dasar","","Fresh","12"
"98","MTG - Menteng","8122","490940","Buy 2 Get 1 Walls Carte D'Or Chocolate & Strawberry Free Caramel","","Frozen","45"
"98","MTG - Menteng","41433","108962","Bumbu Sendok Bawang Putih Iris dalam Minyak","","Fresh","21"
"98","MTG - Menteng","4478","669434","Oat Milk Tiramisu Gelato by Luceria 120gr","","Frozen","45"
"98","MTG - Menteng","45380","8993110004117","Olagud Dada dan Paha Probiotik","L1-FRZ-CF5-T1-K5-1","Frozen","45"
"98","MTG - Menteng","3412","665453","Bawang Putih Kating Astro Farm","","Fresh","1"
"98","MTG - Menteng","3847","530694","Daun Mint Astro Farm","L1-CHL-DC6-T5-1","Fresh","1"
"98","MTG - Menteng","3115","640837","Daging Ayam Giling Astro Farm","L1-FRZ-CF2-T2-K5-2","Frozen","75"
"98","MTG - Menteng","51718","745125242361","Bluder Cokro Bluder Keju Single","","Fresh","2"
"98","MTG - Menteng","9284","119713","Strawberry Hyoshii","","Fresh","2"
"98","MTG - Menteng","5807","745110055754","Frozchick Ayam Bumbu Kecap","","Frozen","30"
"98","MTG - Menteng","33096","8997014353135","Cedea Steamboat Set","L1-FRZ-CF4-T1-K6-1","Frozen","30"
"98","MTG - Menteng","46942","8885013132342","Aice Classic Choco Almond Ice Cream Stick","","Frozen","90"
"98","MTG - Menteng","7283","169742","Kol Ungu Astro Farm 1 pcs","","Fresh","1"
"98","MTG - Menteng","33356","8993492101657","Edo Puff Pastry Sheet","","Frozen","45"
"98","MTG - Menteng","43658","10000000000496","Horenzo Organik","BAD INBOUND","Fresh","1"
"98","MTG - Menteng","31861","8993110052217","So Good Premium Chicken Nugget","","Frozen","30"
"98","MTG - Menteng","5607","999764","Ikan Mujair Bumbu Kuning Astro Farm","","Frozen","28"
"98","MTG - Menteng","24119","516579","Ayam Broiler 10 Potong Astro Farm 1kg","","Frozen","60"
"98","MTG - Menteng","34122","687293","Moon Cake Keju Ang Hap Siang","L1-CHL-DC14-T5-6","Fresh","12"
"98","MTG - Menteng","44927","10000000003954","Lettuce Head Ekonomis Astro Farm","","Fresh","2"
"98","MTG - Menteng","21492","8994130900458","Dada Ayam Boneless Sreeya","BADFRESH-1","Frozen","45"
"98","MTG - Menteng","42611","8994457140339","Pawmeals Young & Adult Perky Porky Cooked Makanan Anjing Basah","L1-FRZ-CF13-T1-K5-1","Fresh","60"
"98","MTG - Menteng","47553","8999999611590","Walls Solero Jelly Peach Ice Cream","","Frozen","250"
"98","MTG - Menteng","5818","","Kopitiam Kopi Susu Gula Aren","","Fresh","75"
"98","MTG - Menteng","45462","10000000004101","Tempe Orek Astro Goods","","Fresh","5"
"98","MTG - Menteng","48622","10000000004921","Terong Ungu Organik","L1-CHL-DC7-T2-1","Fresh","1"
"98","MTG - Menteng","51705","8997217041259","Lezza Cheesy Sausage 250 gram","L1-FRZ-CF4-T2-K6-3","Frozen","75"
"98","MTG - Menteng","5672","434351","Udang Vaname Utuh Astro Farm","","Frozen","90"
"98","MTG - Menteng","659","824356","MOMMA Fishball Bakso Ikan Polos Siap Masak isi 25pcs","","Frozen","15"
"98","MTG - Menteng","26276","848562","Pork Moksal","L1-FRZ-CF13-T1-K5-6","Frozen","90"
"98","MTG - Menteng","7179","8993221115030","Tofu Telur With Shrimp Sakake","","Fresh","140"
"98","MTG - Menteng","35009","8993351129167","Greenfields Fresh Milk Full Cream","","Fresh","7"
"98","MTG - Menteng","35431","8991071410503","Grouu Finger Food Chicken Siomay MPASI Snack Bayi Anak","","Fresh","90"
"98","MTG - Menteng","41996","404258","Daging Sapi Burger","L1-FRZ-CF11-T1-K4-1","Frozen","90"
"98","MTG - Menteng","46299","5711953056017","Arla Unsalted Butter","L1-CHL-DC17-T1-13","Fresh","45"
"98","MTG - Menteng","2347","457082","Lengkuas Astro Farm","","Fresh","1"
"98","MTG - Menteng","25155","8992907440015","Sari Roti Roti Cream Mocca","","Fresh","1"
"98","MTG - Menteng","8966","623886","Bumbu Dasar Putih Astro Goods","BADFRESH-1","Fresh","9"
"98","MTG - Menteng","21492","8994130900458","Dada Ayam Boneless Sreeya","DC-BADSTOCK-38","Frozen","45"
"98","MTG - Menteng","50442","10000000005259","Melon Anba Dang Sweet 1 pcs","","Fresh","2"
"98","MTG - Menteng","1894","8991001111944","Delfi Take It 4Fingers Milk","","Fresh","90"
"98","MTG - Menteng","1126","8991001301031","Ceres Meses Classic Chocolate","","Fresh","54"
"98","MTG - Menteng","33674","8997009742210","Sumber Selera Bakso Polos Daging Kombinasi Sapi dan Ayam 50 pcs","BAD INBOUND","Frozen","30"
"98","MTG - Menteng","44818","10000000003863","Terong Ungu Astro Farm","L1-CHL-DC7-T6-5","Fresh","1"
"98","MTG - Menteng","47947","10000000004294","Tulang Ayam Kampung Astro Farm 250gram","","Frozen","75"
"98","MTG - Menteng","8526","400132","Iga Sapi Import Astro Farm","L1-FRZ-CF12-T1-K5-2","Frozen","90"
"98","MTG - Menteng","50559","10000000005391","Alpukat Miki Premium","","Fresh","1"
"98","MTG - Menteng","3012","8994130899790","Ayam Nanas Potong 9 Sreeya","L1-FRZ-CF5-T2-K8-1","Frozen","45"
"98","MTG - Menteng","381","528720","Pete Kupas Fresh Astro Farm","L1-CHL-DC5-T3-6","Fresh","1"
"98","MTG - Menteng","1329","8993200661305","Cimory Strawberry Yogurt Drink","","Fresh","35"
"98","MTG - Menteng","3012","8994130899790","Ayam Nanas Potong 9 Sreeya","","Frozen","45"
"98","MTG - Menteng","6998","416129","Jagung Hokkaido Sweet Corn - Astro Farm","","Fresh","2"
"98","MTG - Menteng","26278","779556","Ikan Kuwe Bersih Astro Farm","","Frozen","60"
"98","MTG - Menteng","32571","8993200664993","Cimory Yogurt Drink Strawberry Zero Sugar","L1-CHL-DC18-T3-10","Fresh","35"
"98","MTG - Menteng","32401","170600","Apel Granny Smith Astro Farm 2-4 pcs","L1-CHL-DC9-T3-3","Fresh","1"
"98","MTG - Menteng","47905","10000000004681","Pureeland Bumbu MPASI Soto","","Frozen","30"
"98","MTG - Menteng","5426","180879","Daging Paha Babi","","Frozen","90"
"98","MTG - Menteng","44659","8991999110516","Milk Life Fresh Milk Lactose Free Original","","Fresh","7"
"98","MTG - Menteng","26009","8993200669011","Cimory Stick Blueberry Yogurt Box","","Fresh","45"
"98","MTG - Menteng","49852","10000000005010","BARK Beef Stew Makanan Anjing Basah","L1-FRZ-CF13-T1-K8-2","Frozen","30"
"98","MTG - Menteng","7258","8997014450506","Prochiz Quick Melt Keju Slice 5's","","Fresh","45"
"98","MTG - Menteng","31344","544122","Dried Rosemary Leaves Astro Goods","","Fresh","90"
"98","MTG - Menteng","51849","8721274612486","Wall's Magnum Blueberry Cheesecake Ice Cream","L1-FRZ-CF6-T2-K7-1","Frozen","150"
"98","MTG - Menteng","44850","10000000003914","Ikan Asin Gabus Astro Farm","","Frozen","20"
"98","MTG - Menteng","4699","8994046010036","My Roti Tawar Funwari","BADFRESH-1","Fresh","2"
"98","MTG - Menteng","42325","8994130900151","Sayap Ayam Middle Wing Sreeya","L1-FRZ-CF9-T1-K6-1","Frozen","75"
"98","MTG - Menteng","48503","10000000004862","Little Harvest Ayam Lengkuas 700 gr","","Frozen","45"
"98","MTG - Menteng","47115","10000000004588","Pisang Cavendish","L1-AMF-RF3-T3-3","Fresh","1"
"98","MTG - Menteng","4202","3073780107440","Babybel Mini Cheese isi 5","L1-CHL-DC17-T1-6","Fresh","21"
"98","MTG - Menteng","22891","889869","Cumi Ring Astro Farm","","Frozen","60"
"98","MTG - Menteng","6819","8998288100340","Wong Coco Ice Bon-Bon Eskimo","","Frozen","90"
"98","MTG - Menteng","33217","8997009742135","Sumber Selera Bakso Sapi Premium 50pcs","","Frozen","30"
"98","MTG - Menteng","2947","8997228860344","Amazing Farm Tauge Organik","L1-CHL-DC23-T2-6","Fresh","1"
"98","MTG - Menteng","35424","8991071410312","Grouu Cooking Series Bumbu Dasar Rendang MPASI","L1-FRZ-CF8-T2-K7-4","Fresh","90"
"98","MTG - Menteng","1754","214220","Telur Ayam Kampung","","Fresh","7"
"98","MTG - Menteng","43562","10000000000321","Kazu Matcha Premium Grade","L1-CHL-DC14-T2-1","Fresh","90"
"98","MTG - Menteng","30576","8994046020295","My Roti Lunch Pack Choco Classic","","Fresh","2"
"98","MTG - Menteng","5719","8997020144970","Four & Two Chicken Wing Original 500gr","","Frozen","30"
"98","MTG - Menteng","24154","746654","Peppery Delight Cashew Astro Goods","L2-AMD-F15-T4-4","Fresh","60"
"98","MTG - Menteng","43800","8991004051803","Manalagi Tahu Putih Mika","L1-CHL-DC16-T2-8","Fresh","2"
"98","MTG - Menteng","36436","958259","Cabe Hijau Rawit Astro Farm","BAD INBOUND","Fresh","1"
"98","MTG - Menteng","741","907100","Pisang Uli Astro Farm","BADFRESH-1","Fresh","1"
"98","MTG - Menteng","6002","8993200661084","Cimory Fresh Milk Banana 950ml","","Fresh","7"
"98","MTG - Menteng","5086","8994036522136","Aroma Pork Streaky Bacon","L1-FRZ-CF13-T2-K7-8","Frozen","90"
"98","MTG - Menteng","41313","758857","Sayap Ayam Middle Wing Astro Farm","BAD INBOUND","Frozen","75"
"98","MTG - Menteng","44654","10000000003748","Kenikir Astro Farm","L1-CHL-DC6-T4-3","Fresh","1"
"98","MTG - Menteng","47506","10000000004502","Picanha Wagyu MB7 Steak Astro Farm Signature 150gram","L1-FRZ-CF11-T2-K1-1","Frozen","90"
"98","MTG - Menteng","1877","8999898969396","Brookfarm Fresh Milk Plain","","Fresh","5"
"98","MTG - Menteng","45443","10000000004133","Cabe Hijau Besar Hydroponic Astro Farm","","Fresh","1"
"98","MTG - Menteng","35876","644283","Oncom","","Fresh","2"
"98","MTG - Menteng","4466","709080","Baba Bake Sheep Premium Milk Cake 85gr","","Fresh","1"
"98","MTG - Menteng","32435","8999898962694","Biokul Set Yogurt Plain","L1-CHL-DC20-T3-1","Fresh","7"
"98","MTG - Menteng","2372","9556182023234","Cadbury Dairy Milk Chocolote","L1-CHL-DC2-T1-41","Fresh","45"
"98","MTG - Menteng","48253","9555894514597","Tasty Sea Gourmet Steamboat 5 In 1","","Frozen","216"
"98","MTG - Menteng","24828","923857","La Maison De Pierre Croissant Almond Filling Premium Pastry Frozen","","Fresh","30"
"98","MTG - Menteng","35282","8990114000336","Campina Hula Hula Alpukat","","Frozen","30"
"98","MTG - Menteng","51491","8993110004377","So Good Sosis Korea Buldak 58gr","L1-CHL-DC2-T2-34","Frozen","45"
"98","MTG - Menteng","42816","10110410354","Kemfood Bakso Sapi","L1-FRZ-CF4-T1-K2-1","Frozen","45"
"98","MTG - Menteng","583","749821","Lemon Import Astro Farm 3-5 pcs","L1-CHL-DC10-T5-5","Fresh","1"
"98","MTG - Menteng","1754","214220","Telur Ayam Kampung","L1-AMD-A2-T1-1","Fresh","7"
"98","MTG - Menteng","47237","8997015491515","Green Valley Shredded Red Cheddar Mix Cheese","","Fresh","45"
"98","MTG - Menteng","22716","942087","Bebek Bakar Astro Goods x Bebek Goreng Crispy Begok","","Fresh","2"
"98","MTG - Menteng","5008","223397","Paket Masak Sambal Goreng Hati","","Fresh","1"
"98","MTG - Menteng","43245","8994036542233","Aroma Smoked Pork Loin","","Frozen","90"
"98","MTG - Menteng","5676","259097","Kentang Siomay - Astro Farm","","Fresh","1"
"98","MTG - Menteng","47544","8993071700240","Belfoods Royal Jeju Cheese Korean Sausage","","Frozen","45"
"98","MTG - Menteng","1936","747852","Mangga Alpukat Astro Farm 3-4 pcs","L1-AMF-RF5-T5-3","Fresh","1"
"98","MTG - Menteng","46196","10000000004408","Baby Pakcoy Organik","L1-CHL-DC3-T1-3","Fresh","1"
"98","MTG - Menteng","47947","10000000004294","Tulang Ayam Kampung Astro Farm 250gram","L1-FRZ-CF2-T2-K4-3","Frozen","75"
"98","MTG - Menteng","22723","197686","Plum Angelino Astro Farm 4-7 pcs","L1-CHL-DC10-T3-3","Fresh","1"
"98","MTG - Menteng","6631","806535","Anggur Hijau Shine Muscat Less Seed Astro Farm","BAD INBOUND","Fresh","1"
"98","MTG - Menteng","46033","10000000004245","Rossa Farm Telur Ayam Immune Booster","L1-AMD-A2-T3-5","Fresh","7"
"98","MTG - Menteng","31801","8993200663262","Kanzler Cordon Bleu","","Frozen","180"
"98","MTG - Menteng","31343","779133","Dried Thyme Leaves Astro Goods","","Fresh","90"
"98","MTG - Menteng","43455","8997022060513","IL Gelato Mint Chocolate Coat Ice Cream Stick","L1-FRZ-CF6-T2-K7-7","Frozen","60"
"98","MTG - Menteng","26744","372059","Melon Golden - Astro Farm","","Fresh","1"
"98","MTG - Menteng","40307","324132","Kulit Ayam Marinasi Original Astro Farm 450-550gram","","Frozen","75"
"98","MTG - Menteng","37152","419471","Daging Rendang Import","L1-FRZ-CF12-T1-K7-1","Frozen","90"
"98","MTG - Menteng","8687","673529","Pepaya Hawai Astro Farm 1 pcs","","Fresh","1"
"98","MTG - Menteng","8418","859777","Ayam Tangkap Aceh Frozen Astro Goods","","Fresh","3"
"98","MTG - Menteng","32699","980110","Heavenly Blush Tummy Guabana Soursoup Sugar Free Yogurt Drink 180ml","","Fresh","45"
"98","MTG - Menteng","5086","8994036522136","Aroma Pork Streaky Bacon","","Frozen","90"
"98","MTG - Menteng","48611","8997241671125","Ayam Probiotik Delights Ciken Utuh Potong 8 900-1000gram","","Frozen","75"
"98","MTG - Menteng","43976","10000000000680","Sate Ayam Astro Farm","","Frozen","60"
"98","MTG - Menteng","8322","8991728000439","Joyday Crunchy Cookies Cream","","Frozen","90"
"98","MTG - Menteng","143","8999999035624","Walls Magnum Mini Classic","","Frozen","90"
"98","MTG - Menteng","7577","8993200668700","Cimory Squeeze Thai Tea Yoghurt/Yoghurt","","Fresh","7"
"98","MTG - Menteng","44925","10000000003952","Kol Putih Ekonomis Astro Farm","BAD INBOUND","Fresh","1"
"98","MTG - Menteng","44773","10000000003843","Udang Kupas Vanamei Size M Astro Farm","L1-FRZ-CF3-T1-K6-2","Frozen","90"
"98","MTG - Menteng","3615","616338","Kangkung Hydroponic Astro Farm","L1-CHL-DC4-T5-1","Fresh","1"
"98","MTG - Menteng","28817","536721","Cabai Kasar Bubuk Astro Goods","L2-AMD-B9-T4-6","Fresh","90"
"98","MTG - Menteng","45370","10000000004084","Apel Fuji Sunmoon  2 pcs","L1-CHL-DC9-T1-2","Fresh","1"
"98","MTG - Menteng","47934","8994466330110","Paha Atas Broiler Probiotic Natural Poultry","L1-FRZ-CF5-T2-K7-4","Frozen","75"
"98","MTG - Menteng","6829","678162","Farmer's Low Cholesterol Egg Astro Farm","L1-AMD-A4-T3-1","Fresh","12"
"98","MTG - Menteng","6060","372220","Beef Saikoro Meltique Import","L1-FRZ-CF12-T1-K1-1","Frozen","90"
"98","MTG - Menteng","36479","970582","Telur Bebek Mentah Astro Farm","L1-AMD-A2-T4-4","Fresh","7"
"98","MTG - Menteng","37151","106028","Daging Sapi Giling Import","L1-FRZ-CF11-T1-K1-2","Frozen","90"
"98","MTG - Menteng","32064","387246","Acaii Tea x Chris CSB Red Power Shot","","Fresh","2"
"98","MTG - Menteng","4274","221630","[Promo] Anchor Whipping Cream 250ml","","Fresh","60"
"98","MTG - Menteng","909","3415587403187","Haagen-Dasz Vanilla Caramel Almond Stick Bar Ice Cream","","Frozen","45"
"98","MTG - Menteng","42210","799910","Escobark Gently Cooked Chicken Makanan Anjing Basah","L1-FRZ-CF13-T1-K8-4","Fresh","30"
"98","MTG - Menteng","42642","10000000000063","Bawang Putih Ekonomis Astro Farm","BAD INBOUND","Fresh","1"
"98","MTG - Menteng","21882","930886","Paru Rebus Slice Astro Basics","","Frozen","90"
"98","MTG - Menteng","50693","10000000005350","Golden Natura Mixed Berries Whole Frozen","L1-FRZ-CF8-T2-K6-3","Frozen","60"
"98","MTG - Menteng","868","74570022021","Haagen-Dazs Strawberry Ice Cream Mini Cup","","Frozen","60"
"98","MTG - Menteng","37655","369295","Daging Slice Beef Ekonomis Fatty Cuts","L1-FRZ-CF12-T2-K7-5","Frozen","90"
"98","MTG - Menteng","44886","8999898971221","Biokul Greek Yogurt Plain","L1-CHL-DC20-T3-2","Fresh","30"
"98","MTG - Menteng","3071","792142","Ikan Asin Japuh","L1-FRZ-CF3-T2-K8-5","Frozen","75"
"98","MTG - Menteng","43440","10000000000297","Selada Romaine Organik","","Fresh","1"
"98","MTG - Menteng","5690","8993200668298","Cimory Yogurt Squeeze Cavendish Banana/Yoghurt","","Fresh","7"
"98","MTG - Menteng","1850","8997231850042","Mujigae Oden Otak-Otak Ikan","","Fresh","45"
"98","MTG - Menteng","20990","445733","Cakwe Ayam Goreng Astro Goods x Shun Lee Palace","","Frozen","30"
"98","MTG - Menteng","30406","8999898976851","Diamond Ice Cream Kolak Pisang/Es Krim","","Frozen","90"
"98","MTG - Menteng","43701","10000000000511","Mangga Harum Manis Astro Farm 1-2 pcs","L1-AMF-RF5-T4-1","Fresh","1"
"98","MTG - Menteng","5092","204948","CP Ayam Paha Bawah Frozen","","Frozen","75"
"98","MTG - Menteng","37388","251801","Ampela Ayam Astro Farm","L1-FRZ-CF2-T2-K2-3","Frozen","75"
"98","MTG - Menteng","50929","10000000005252","Eat Me Brand Lettuce Lover Salad","L1-CHL-DC3-T3-2","Fresh","1"
"98","MTG - Menteng","51955","8721274611823","Wall's Solero Jelly Grape Ice Cream","BAD INBOUND","Frozen","150"
"98","MTG - Menteng","40708","737712","Fumak Astro Farm","L1-CHL-DC6-T3-3","Fresh","1"
"98","MTG - Menteng","42987","10000000000115","Gurame Organik Fillet Wiratama","L1-FRZ-CF7-T2-K5-2","Frozen","20"
"98","MTG - Menteng","697","8993207240961","Fiesta Spicy Wings","","Frozen","45"
"98","MTG - Menteng","44690","10000000003759","Godoggie Healthy Chicken Barkday Cake","L1-FRZ-CF13-T2-K4-6","Fresh","120"
"98","MTG - Menteng","43549","8997236191737","Sven's Traditional Smoked Pork Ham","","Frozen","90"
"98","MTG - Menteng","231","8997207631538","Udang Vaname Kupas Bersih PD M 30/40 Java Sea","","Frozen","75"
"98","MTG - Menteng","26478","8993492101619","Edo Mantou Cokelat","","Frozen","75"
"98","MTG - Menteng","6056","645900","Daging Shortplate Slice Import Astro Farm","","Frozen","90"
"98","MTG - Menteng","1902","8991001121400","Silverqueen Classic Almond","","Fresh","90"
"98","MTG - Menteng","44337","10000000000679","Fillet Ayam Tenderloin HSP","L1-FRZ-CF5-T1-K1-4","Frozen","60"
"98","MTG - Menteng","44816","10000000003861","Jagung Manis Kulit Astro Farm","","Fresh","1"
"98","MTG - Menteng","1509","8997213710104","Hometown Fresh Milk Plain","","Fresh","5"
"98","MTG - Menteng","6535","851656","Poo Ice Cream Premium Durian Musang King 4 oz","","Frozen","45"
"98","MTG - Menteng","31777","8993492102470","Golden Farm Edamame Salted","L1-FRZ-CF11-T1-K1-8","Frozen","45"
"98","MTG - Menteng","6251","8997220410516","KIN Bulgarian Black Yogurt Drink","","Fresh","45"
"98","MTG - Menteng","31464","8999999516802","Walls Cornetto Black & Whitte","","Frozen","90"
"98","MTG - Menteng","45959","8993492101589","Edo Ebi Katsu","","Frozen","45"
"98","MTG - Menteng","43801","10000000000604","Sawi Putih Organik","","Fresh","1"
"98","MTG - Menteng","2674","8997014450421","Prochiz Gold Keju Slice 12's","","Fresh","45"
"98","MTG - Menteng","7968","302393","Lean Shabu (Low Fat Prime Beef)","","Frozen","90"
"98","MTG - Menteng","12907","400026570004","Telur Ayam Kampung","BADFRESH-1","Fresh","7"
"98","MTG - Menteng","43438","10000000000300","Tomat Merah Organik","L1-CHL-DC13-T4-4","Fresh","1"
"98","MTG - Menteng","43453","8997023077916","Bernardi Steamboat Instan 1pcs","","Frozen","60"
"98","MTG - Menteng","2678","8997014450155","Prochiz Spready Keju Oles","","Fresh","45"
"98","MTG - Menteng","27765","465207","Fresh Bites Honi Pineapple Buah Potong","","Fresh","1"
"98","MTG - Menteng","44283","8997212280660","Ayoma Rolade Ayam 9pcs","","Frozen","45"
"98","MTG - Menteng","190","330220","Jeruk Medan Astro Farm 4-5 pcs","L1-AMF-RF4-T6-2","Fresh","1"
"98","MTG - Menteng","4093","513130","Acaii Tea Bee & C Shot","","Fresh","2"
"98","MTG - Menteng","37150","231441","Daging Sop Import Astro Farm","L1-FRZ-CF12-T1-K2-4","Frozen","90"
"98","MTG - Menteng","33950","8993200669400","Cimory Bites Strawberry Yogurt","","Fresh","45"
"98","MTG - Menteng","47270","8997232420299","Sosis Dada Ayam Jalapeno Mooyam MOON MATE","","Frozen","90"
"98","MTG - Menteng","11988","219914","Bawang Putih Goreng Astro Basics","","Fresh","28"
"98","MTG - Menteng","31236","8997014358000","Cedea Korean Odeng Original","","Frozen","45"
"98","MTG - Menteng","48559","881002000188","Friday Creamery Sexy Chocolate Mini","L1-FRZ-CF6-T2-K5-2","Frozen","75"
"98","MTG - Menteng","43693","10000000000343","SRT Kulit Tahu Kuning 8cm x 8cm","","Frozen","45"
"98","MTG - Menteng","5853","755543","Pare Astro Farm","","Fresh","1"
"98","MTG - Menteng","48555","8994450020058","Filetto Pangasius Frozen Glazing 20% 350gram","","Frozen","90"
"98","MTG - Menteng","45715","10000000004189","Wortel Baby Berastagi Astro Farm","L1-CHL-DC13-T1-1","Fresh","1"
"98","MTG - Menteng","45443","10000000004133","Cabe Hijau Besar Hydroponic Astro Farm","DC-BADSTOCK-38","Fresh","1"
"98","MTG - Menteng","4049","663224","Jeruk Limau Astro Farm 9-11 pcs","BADFRESH-1","Fresh","1"
"98","MTG - Menteng","32269","2100000380602","Mamita Mambucha Teh Fermentasi Original Kombucha Bottle","","Fresh","10"
"98","MTG - Menteng","40673","8999999607715","Walls Cornetto Crunchy Milky Berry","","Frozen","90"
"98","MTG - Menteng","50149","8999898969174","Brookfarm OG Vanilla Ice Cream","L1-FRZ-CF10-T2-K3-4","Frozen","150"
"98","MTG - Menteng","30326","251833","Mini Diva Crunch Astro Goods x Dough Lab","","Fresh","15"
"98","MTG - Menteng","44235","10000000003586","Lettuce Head Astro Farm","L1-CHL-DC7-T4-4","Fresh","1"
"98","MTG - Menteng","36499","981660","Ribeye Wagyu MB7 Steak Meatboys x Astro Farm","","Frozen","90"
"98","MTG - Menteng","5544","508382","Paket Masak Tteokbokki Bultaoreune (FIRE) ala BTS","","Fresh","2"
"98","MTG - Menteng","1941","148593","Kale Hydroponic Astro Farm","","Fresh","1"
"98","MTG - Menteng","4335","162482","Salmon Fillet Astro Farm","","Frozen","60"
"98","MTG - Menteng","48497","7499221244349","Heavenly Blush Greek Yogurt Blueberry","","Fresh","7"
"98","MTG - Menteng","23046","660628","Lychee Astro Farm","","Fresh","1"
"98","MTG - Menteng","32618","10148949","Kin Raw Beef & Duck Makanan Kucing","","Fresh","45"
"98","MTG - Menteng","31800","8993200345618","Kanzler Garlic Frankfurter Sausages","L1-FRZ-CF4-T2-K4-5","Frozen","45"
"98","MTG - Menteng","18479","8000500003787","Ferrero Rocher T16 Box","L1-CHL-DC2-T3-19","Fresh","45"
"98","MTG - Menteng","4578","4000415729400","Schogetten Lotus Biscoff","","Fresh","60"
"98","MTG - Menteng","42618","3608580765127","Bonne Maman Honey Preserve Jam","","Fresh","75"
"98","MTG - Menteng","5534","8998002020183","Seafoodking Golden Fish Ball Big Premium","","Frozen","30"
"98","MTG - Menteng","48260","8999898977506","Diamond Ice Cream Cookies and Cream","L1-FRZ-CF6-T1-K1-2","Frozen","270"
"98","MTG - Menteng","51340","8992220790187","Korasa Smoky Spicy Wings","L1-FRZ-CF1-T2-K1-2","Frozen","45"
"98","MTG - Menteng","41530","8997228750416","Pick Me Telur Bebek Pitan Century Egg","","Fresh","7"
"98","MTG - Menteng","50005","10000000005218","Cabe Hijau Keriting Tanpa Tangkai Astro Farm 100 gram","L1-CHL-DC5-T4-1","Fresh","1"
"98","MTG - Menteng","4130","170489","Kapulaga Astro Farm","","Fresh","60"
"98","MTG - Menteng","908","3415581533187","Haagen-Dazs Belgian Ice Cream Chocolate Mini Cup","L1-FRZ-CF6-T2-K6-3","Frozen","60"
"98","MTG - Menteng","46298","5711953056093","Arla Salted Butter","L1-CHL-DC17-T2-9","Fresh","45"
"98","MTG - Menteng","207","347838","Mangga Harum Manis Astro Farm 2-4 pcs","BADFRESH-1","Fresh","1"
"98","MTG - Menteng","35180","978532","Paha Ayam Bawah Negeri Organik Probiotik Hona Farm","L1-FRZ-CF5-T1-K2-1","Frozen","75"
"98","MTG - Menteng","5539","8998002020343","Seafoodking Sandwich Tofu Premium","","Frozen","30"
"98","MTG - Menteng","4257","9415007016908","Anchor Cheddar Cheese Slice 12 pcs","","Fresh","45"
"98","MTG - Menteng","50443","10000000005260","Jagung Manis Kupas Organik","L1-CHL-DC13-T2-5","Fresh","1"
"98","MTG - Menteng","47898","10000000004675","Pureeland Fat MPASI Oil ⁠Salmon Omega-3 Oil BB Booster","","Frozen","30"
"98","MTG - Menteng","42364","321307","Furou Kiwi Frozen IQF","L1-FRZ-CF8-T1-K9-1","Frozen","60"
"98","MTG - Menteng","44824","10000000003871","Kacang Edamame Astro Farm","L1-CHL-DC12-T4-2","Fresh","1"
"98","MTG - Menteng","51494","10000000005646","Daging Soto Jeroan 250 gram","L1-FRZ-CF12-T2-K3-1","Frozen","7"
"98","MTG - Menteng","6004","8993200663729","Cimory Fresh Milk Plain","","Fresh","7"
"98","MTG - Menteng","10929","8991001112910","Silverqueen Green Tea Matcha","L1-CHL-DC2-T2-2","Fresh","60"
"98","MTG - Menteng","3742","8997017180073","Kim's Tahu Putih 10pcs","L1-CHL-DC16-T6-6","Fresh","2"
"98","MTG - Menteng","2871","8993351129211","Greenfields Fresh Milk Low Fat","","Fresh","7"
"98","MTG - Menteng","46407","8997014358130","Cedea Mixed Korean Odeng With Soup","","Frozen","45"
"98","MTG - Menteng","4059","790053","Kayu Manis Astro Farm","","Fresh","60"
"98","MTG - Menteng","49855","10000000005013","BARK Pork Pasta Makanan Anjing Basah","L1-FRZ-CF13-T1-K7-7","Frozen","30"
"98","MTG - Menteng","1459","8997014356570","Cedea Fish Dumpling Cheese","L1-FRZ-CF4-T1-K1-4","Fresh","45"
"98","MTG - Menteng","2958","8690637922589","Magnum Double Chocolate Ice Cream","","Frozen","45"
"98","MTG - Menteng","2496","8997228861983","Amazing Farm Shake Salad Newyorker","","Fresh","1"
"98","MTG - Menteng","50413","10000000005348","The Good Harvest Baby Pakcoy Hidroponik","","Fresh","1"
"98","MTG - Menteng","50732","8992907001957","Sari Roti Tawar Gandum Kupas​","","Fresh","2"
"98","MTG - Menteng","30523","8994457890005","Japanese Wagyu A5 Rosu Sashi","","Frozen","90"
"98","MTG - Menteng","381","528720","Pete Kupas Fresh Astro Farm","DC-BADSTOCK-38","Fresh","1"
"98","MTG - Menteng","53","161778","Cabe Hijau Keriting Astro Farm","L1-CHL-DC5-T6-9","Fresh","1"
"98","MTG - Menteng","2343","523917","Bawang Putih Astro Farm","L1-AMF-RF1-T4-3","Fresh","1"
"98","MTG - Menteng","4426","843702","A-M Kulit Pangsit Special Siomay 10 x 10 cm 50 Lembar","L1-CHL-DC14-T5-3","Fresh","14"
"98","MTG - Menteng","44352","8997212280677","Ayoma Rolade Sapi 9pcs","","Frozen","45"
"98","MTG - Menteng","5462","765677","Bunga Pepaya Astro Farm","BAD INBOUND","Fresh","1"
"98","MTG - Menteng","48020","8994130900663","Ayam Nanas Middle Wing Sreeya","L1-FRZ-CF5-T2-K3-4","Frozen","30"
"98","MTG - Menteng","35436","8991071410411","Grouu Bone Broth Salmon MPASI Makanan Bayi Anak","","Fresh","90"
"98","MTG - Menteng","735","902356","Kemiri Utuh Astro Farm","","Fresh","60"
"98","MTG - Menteng","6997","700443","Anggur Crimson Less Seed Astro Farm","BADFRESH-1","Fresh","1"
"98","MTG - Menteng","5928","8997228750188","Pick Me Telur Bebek Asin Mentah Abu","L1-AMD-A2-T2-2","Fresh","7"
"98","MTG - Menteng","3845","948374","Basil Astro Farm","L1-CHL-DC6-T4-1","Fresh","1"
"98","MTG - Menteng","2987","8999999282202","Walls Populaire Strawberry Vanilla Ice Cream 90 ml","","Frozen","75"
"98","MTG - Menteng","47895","10000000004678","Pureeland Baby Soup ⁠Chicken Sweetcorn Chowder Soup MPASI","","Frozen","30"
"98","MTG - Menteng","48247","9555573007631","Tasty Sea Gourmet Fried Bean Curd Sheet","","Frozen","216"
"98","MTG - Menteng","31901","214440","Daun Kari Astro Farm","L1-CHL-DC5-T1-5","Fresh","1"
"98","MTG - Menteng","4336","455625","Salmon Fillet Kirimi Astro Farm","L1-FRZ-CF3-T2-K6-2","Frozen","60"
"98","MTG - Menteng","5630","953374","Paket Masak Jangan Lombok (Lodeh Tempe) - Astro Goods","","Fresh","1"
"98","MTG - Menteng","8671","8997217660443","Health & Co Juice Vit - C Shot","","Fresh","2"
"98","MTG - Menteng","48425","7499221349822","Heavenly Donut Ubi Cilembu","L1-FRZ-CF8-T1-K4-2","Frozen","114"
"98","MTG - Menteng","2947","8997228860344","Amazing Farm Tauge Organik","","Fresh","1"
"98","MTG - Menteng","51361","10000000005622","SNIFFF Bowl Pork Banger and Mash Makanan Anjing Basah","","Frozen","21"
"98","MTG - Menteng","3845","948374","Basil Astro Farm","BAD INBOUND","Fresh","1"
"98","MTG - Menteng","48620","10000000004910","Oyong Organik","BAD INBOUND","Fresh","1"
"98","MTG - Menteng","2992","633205","Daging Shortplate Slice US Astro Farm","","Frozen","90"
"98","MTG - Menteng","2968","8993492101091","Golden Farm Mixed Vegetable Frozen","","Frozen","45"
"98","MTG - Menteng","5616","277658","Ayam Utuh Best Chicken","","Frozen","60"
"98","MTG - Menteng","34403","8995555215219","Kimbo Sosis Sapi Serbaguna 12pcs","","Frozen","45"
"98","MTG - Menteng","6239","337659","Labu Kabocha Hijau Astro Farm","","Fresh","1"
"98","MTG - Menteng","37389","391325","Jantung Ayam Astro Farm","","Frozen","75"
"98","MTG - Menteng","45447","10000000004088","Daging Babi Giling Ekonomis","","Frozen","90"
"98","MTG - Menteng","1267","8992907110017","Sari Roti Tawar Special","","Fresh","2"
"98","MTG - Menteng","10035","8997207521679","Tasty Fries Straight Cut Plain","L1-FRZ-CF11-T2-K6-3","Frozen","45"
"98","MTG - Menteng","50138","8993492000158","Edo Burger Bun Sesame","L1-FRZ-CF8-T1-K6-3","Frozen","65"
"98","MTG - Menteng","47097","8998880000178","Wild Jacks Beef Classic Sausages 360gram","L1-FRZ-CF11-T2-K1-7","Frozen","60"
"98","MTG - Menteng","3611","356862","Sawi Hijau Konvensional Astro Farm","BADFRESH-1","Fresh","1"
"98","MTG - Menteng","50766","10000000005453","Fillet Dada Ayam Kampung","L1-FRZ-CF2-T1-K2-3","Frozen","60"
"98","MTG - Menteng","5102","8997226412149","Emina Block Shred Cheese/Keju","","Fresh","45"
"98","MTG - Menteng","8527","466382","Buntut Sapi AUS Astro Farm","L1-FRZ-CF12-T1-K6-3","Frozen","90"
"98","MTG - Menteng","317","462660","Timun Fresh Astro Farm","L1-CHL-DC7-T6-1","Fresh","1"
"98","MTG - Menteng","5599","432907","Anggur Adora Seedless Astro Farm","BAD INBOUND","Fresh","1"
"98","MTG - Menteng","41997","636671","Daging Sapi Rendang Premium Astro Farm","","Frozen","90"
"98","MTG - Menteng","29801","711575","Durian Lokal Medan Frozen Astro Farm","L1-FRZ-CF8-T1-K3-2","Frozen","26"
"98","MTG - Menteng","9068","8993200345526","Kanzler Bockwurst Sausages","L1-FRZ-CF4-T1-K7-4","Frozen","45"
"98","MTG - Menteng","46619","8850329315413","Meiji Plain Yogurt","L1-CHL-DC19-T1-8","Fresh","7"
"98","MTG - Menteng","7267","491460","Cabe Gendot Astro Farm","BAD INBOUND","Fresh","1"
"98","MTG - Menteng","50359","10000000005351","The Good Harvest Siomak Hidroponik","L1-CHL-DC3-T1-9","Fresh","1"
"98","MTG - Menteng","32624","680962","Kin Dog Food Marrow Bones : S/Makanan Anjing","","Fresh","60"
"98","MTG - Menteng","33314","8993351120027","Greenfields Original Yogurt","","Fresh","7"
"98","MTG - Menteng","46132","10000000004215","Ready to Blend Smoothies Tropical Twist","L1-FRZ-CF8-T2-K7-5","Frozen","60"
"98","MTG - Menteng","45464","8995555118596","Kimbo Sosis Sapi Serbaguna Cocktail 27pcs","L1-FRZ-CF4-T1-K1-2","Frozen","45"
"98","MTG - Menteng","36061","8993207240619","Fiesta Chicken Karage","","Frozen","45"
"98","MTG - Menteng","49373","9415007060024","Anchor Whipping Cream UHT","","Fresh","60"
"98","MTG - Menteng","42565","10000000000015","Kentang Ekonomis Astro Farm","","Fresh","1"
"98","MTG - Menteng","45448","10000000004139","Telur Prima Ayam Kampung","L1-AMD-A2-T3-4","Fresh","7"
"98","MTG - Menteng","21769","8991788981617","Sakura Tahu Telur","L1-CHL-DC15-T4-3","Fresh","13"
"98","MTG - Menteng","4733","8993993929187","SIH Telur Ayam Negeri Renkoles","L1-AMD-A3-T6-3","Fresh","9"
"98","MTG - Menteng","49365","10000000005001","Roti Tawar Kupas Jumbo A Basics 300g","","Fresh","2"
"98","MTG - Menteng","50723","8885013132656","Kaluli Choco Master Belgian Chocolate","","Frozen","90"
"98","MTG - Menteng","21766","118792","Anggur Midnight Beauty Less Seed Premium Astro Farm","BADFRESH-1","Fresh","1"
"98","MTG - Menteng","1102","8888003071218","TYJ Happy Belly Gyoza Skin","","Fresh","45"
"98","MTG - Menteng","40384","149221","Sirsak 1 pcs","","Fresh","1"
"98","MTG - Menteng","32433","8999898975816","Biokul To Go Strawberry Yogurt","","Fresh","7"
"98","MTG - Menteng","4939","8992907720018","Sari Roti Sobek Coklat Keju","L2-AMD-G5-T3-1","Fresh","2"
"98","MTG - Menteng","47001","8906078782997","Hyfun French Fries Straight Cut","","Frozen","45"
"98","MTG - Menteng","47761","8997236201528","Metzger Classic Smoked Chicken Breast","L1-FRZ-CF3-T2-K2-2","Frozen","90"
"98","MTG - Menteng","50873","8997878000466","Milkita Milky Pudding Milk Yoghurt Flavor","L1-CHL-DC19-T4-4","Fresh","84"
"98","MTG - Menteng","2369","859774","Oma Elly Gelato Straciatella 500ml","","Frozen","3"
"98","MTG - Menteng","3392","662460","Cabe Merah Keriting Astro Farm","","Fresh","1"
"98","MTG - Menteng","2455","8997220410011","KIN Original Yogurt Drink","L1-CHL-DC19-T3-7","Fresh","45"
"98","MTG - Menteng","5628","442281","Paket Masak Ayam Bakar Kecap - Astro Goods","","Fresh","1"
"98","MTG - Menteng","25152","205064","Ikan Bandeng Cabut Duri Astro Farm","L1-FRZ-CF3-T1-K5-2","Frozen","60"
"98","MTG - Menteng","33176","426365","Sate Maranggi Bango x Astro Goods","","Fresh","15"
"98","MTG - Menteng","5015","646811","Paket Masak Salad Buah x Greenfields","","Fresh","2"
"98","MTG - Menteng","36441","625709","Kunyit Astro Farm","BADFRESH-1","Fresh","1"
"98","MTG - Menteng","33143","8993407212041","Cheesy Edam Flavour Cheese","","Fresh","45"
"98","MTG - Menteng","24256","8997233090125","Laukita Oseng Mercon 1","","Fresh","14"
"98","MTG - Menteng","23600","8993036112507","Kong Kee Tahu Jepang","","Fresh","26"
"98","MTG - Menteng","36062","8993207240565","Fiesta Chicken Pok-Pok","L1-FRZ-CF1-T1-K6-2","Frozen","45"
"98","MTG - Menteng","4699","8994046010036","My Roti Tawar Funwari","L2-AMD-G5-T6-1","Fresh","2"
"98","MTG - Menteng","5515","621821","Gingernuts Ronde Biscoff Jahe Gula Merah 150gr","","Frozen","15"
"98","MTG - Menteng","45965","10000000004109","Claypot Egg Tofu Astro Goods","L1-FRZ-CF8-T2-K3-1","Frozen","15"
"98","MTG - Menteng","2317","641140","Daging Babi Slice Korean BBQ Pork Slice","","Frozen","90"
"98","MTG - Menteng","4068","970634","Petai Kupas - Astro Farm","","Fresh","1"
"98","MTG - Menteng","30574","8994046110156","My Roti Danish Roll Triple Cheese","L2-AMD-G5-T1-4","Fresh","2"
"98","MTG - Menteng","40789","8997009740032","Hanzel Cocktail Sausages","","Frozen","45"
"98","MTG - Menteng","3657","9556001091253","Nestle Sundae Cup Ice Cream","L1-FRZ-CF6-T2-K2-6","Frozen","45"
"98","MTG - Menteng","42016","998838","Wag and Whisk Cooked Lamb All Life Stages Makanan Anjing Basah","","Fresh","30"
"98","MTG - Menteng","48236","10000000004858","Tauge Lokal Astro Farm","","Fresh","1"
"98","MTG - Menteng","31594","886752","Ketumbar Utuh Astro Farm","","Fresh","30"
"98","MTG - Menteng","3686","7499221194231","Heavenly Blush Greek Blueberry Yogurt","","Fresh","45"
"98","MTG - Menteng","8527","466382","Buntut Sapi AUS Astro Farm","BAD INBOUND","Frozen","90"
"98","MTG - Menteng","20986","169624","Siomay Ayam Astro Goods x Shun Lee Palace","","Frozen","30"
"98","MTG - Menteng","45448","10000000004139","Telur Prima Ayam Kampung","","Fresh","7"
"98","MTG - Menteng","43246","8994036340525","Aroma Beef Salami","","Frozen","90"
"98","MTG - Menteng","26480","8994448800136","Kokikit Nasi Kecombrang & Cakalang Woku","","Frozen","90"
"98","MTG - Menteng","5357","8993993981185","SIH Telur Ayam Negeri Nabati","","Fresh","9"
"98","MTG - Menteng","32726","8999898561279","Jungle Juice Grape","L1-CHL-DC22-T1-6","Fresh","60"
"98","MTG - Menteng","43739","10000000000520","Mangga Gedong Gincu Astro Farm 2-3 pcs","","Fresh","1"
"98","MTG - Menteng","40606","609146","Furou Mango Frozen IQF","","Frozen","60"
"98","MTG - Menteng","23923","774969","Ikan Nila Fillet","","Frozen","60"
"98","MTG - Menteng","600","766333","Pisang Cavendish Astro Farm 2-4 pcs","BAD INBOUND","Fresh","1"
"98","MTG - Menteng","31861","8993110052217","So Good Premium Chicken Nugget","L1-FRZ-CF1-T2-K5-2","Frozen","30"
"98","MTG - Menteng","30711","8991646000061","Rejuve Cold Pressed Juice Green Glory","","Fresh","2"
"98","MTG - Menteng","44815","10000000003860","Buncis Super Astro Farm","BAD INBOUND","Fresh","1"
"98","MTG - Menteng","6859","8997009748700","Sumber Selera Bakso SB Premium 25 pcs","L1-FRZ-CF4-T1-K2-6","Frozen","30"
"98","MTG - Menteng","51206","8994010020597","Hometown Yogurt Spoonable Mango","L1-CHL-DC17-T2-4","Fresh","15"
"98","MTG - Menteng","5016","228704","Paket Masak Pisang Ubi Goreng","","Fresh","2"
"98","MTG - Menteng","4922","558971","NoPre Mama's Kimchi Sawi","L1-CHL-DC14-T4-7","Fresh","28"
"98","MTG - Menteng","3108","231123","Laukita Lidah Cabe Ijo Ready to Cook","","Fresh","14"
"98","MTG - Menteng","40927","8997016811497","Monggo Dark Chocolate 86% of Cocoa Tablet","L1-CHL-DC2-T1-45","Fresh","90"
"98","MTG - Menteng","48251","9555894514641","Tasty Sea Gourmet Seafood Tofu","","Frozen","216"
"98","MTG - Menteng","37656","277731","Daging Sirloin Slice Import","","Frozen","90"
"98","MTG - Menteng","5575","426732","Zukini Astro Farm","L1-CHL-DC7-T3-7","Fresh","1"
"98","MTG - Menteng","44263","10000000000320","Kazu Matcha Premium Grade","","Fresh","90"
"98","MTG - Menteng","2082","8992907953270","Sari Roti Tawar Jumbo","L2-AMD-G4-T2-1","Fresh","2"
"98","MTG - Menteng","6505","949580","Ikan Bandeng Cabut Duri Astro Basics","","Frozen","75"
"98","MTG - Menteng","8927","731761","Come-Xia Cha Siu Bao","","Frozen","7"
"98","MTG - Menteng","45449","10000000004140","Telur Prima Ayam Kampung Alami","L1-AMD-A3-T3-1","Fresh","7"
"98","MTG - Menteng","630","794101","Jeruk Nipis Astro Farm 5-7 pcs","L1-AMF-RF4-T5-1","Fresh","1"
"98","MTG - Menteng","36414","8997220411070","KIN Yogurt Slurp XL Blueberry Yogurt Pouch","","Fresh","45"
"98","MTG - Menteng","35287","8801007940274","Bibigo Mandu Vegetable Dumplings","","Frozen","30"
"98","MTG - Menteng","42038","270207","Wag and Whisk Cooked Rabbit All Life Stages Makanan Anjing Basah","L1-FRZ-CF13-T1-K6-2","Fresh","30"
"98","MTG - Menteng","41333","8997207638292","Chuka Wakame","","Frozen","75"
"98","MTG - Menteng","35435","8991071410398","Grouu Bone Broth Chicken MPASI Makanan Bayi Anak","","Fresh","90"
"98","MTG - Menteng","6394","824927","Jeruk Pomelo Astro Farm 1 pcs","L1-AMF-RF4-T1-2","Fresh","1"
"98","MTG - Menteng","36495","218284","Selada Air Astro Farm","BAD INBOUND","Fresh","1"
"98","MTG - Menteng","36668","604088","Taro Latte by Homelab ","","Fresh","1"
"98","MTG - Menteng","48020","8994130900663","Ayam Nanas Middle Wing Sreeya","","Frozen","30"
"98","MTG - Menteng","32430","8999898962649","Biokul Stired Yogurt Apricot","","Fresh","7"
"98","MTG - Menteng","7479","468503","Sayap Ayam Parting Organik Probiotik LactoFarm/Chicken Wings","","Frozen","75"
"98","MTG - Menteng","31401","196767","Sambal Embe Astro Goods","L1-CHL-DC14-T2-11","Fresh","15"
"98","MTG - Menteng","43868","8997204630015","Mori-tama Telur Omega 3","L1-CHL-DC23-T5-2","Fresh","9"
"98","MTG - Menteng","31275","8999898975809","Biokul To Go Lychee Yogurt","","Fresh","45"
"98","MTG - Menteng","26837","712538","Bumbu Pecel Astro Goods","","Fresh","7"
"98","MTG - Menteng","44820","10000000003865","Timun Acar Astro Farm","L1-CHL-DC7-T5-2","Fresh","2"
"98","MTG - Menteng","34137","8997022060070","Il Gelato Mint Chocolate","","Frozen","30"
"98","MTG - Menteng","43861","8993492101428","Golden Farm Shoestring Coated","","Frozen","90"
"98","MTG - Menteng","32465","835768","Amazing Farm Rosemary ","","Fresh","1"
"98","MTG - Menteng","4917","459455","Delicio Wheatbrown Toast 487gr","","Fresh","1"
"98","MTG - Menteng","51720","745125242460","Bluder Cokro Bluder Coklat Kacang Single","","Fresh","2"
"98","MTG - Menteng","45714","10000000004163","Banana Slices Frozen IQF","L1-FRZ-CF8-T1-K3-5","Frozen","60"
"98","MTG - Menteng","48503","10000000004862","Little Harvest Ayam Lengkuas 700 gr","L1-FRZ-CF4-T1-K4-4","Frozen","45"
"98","MTG - Menteng","46951","5413121358694","The Belgian Dark Chocolate 85","L1-CHL-DC2-T1-8","Fresh","90"
"98","MTG - Menteng","8967","106121","Bumbu Dasar Merah Astro Goods","L1-CHL-DC14-T2-8","Fresh","9"
"98","MTG - Menteng","46202","10000000004418","Jagung Acar Organik","L1-CHL-DC12-T5-7","Fresh","1"
"98","MTG - Menteng","3773","948881","Ikan Teri Medan","","Frozen","75"
"98","MTG - Menteng","27860","222486","Sirloin Angus MB2+ Steak AUS Marinated Meatboys x Astro Goods","","Frozen","90"
"98","MTG - Menteng","4709","692622","GreenRebel Yellow Spiced Chick'n 250gr","","Fresh","45"
"98","MTG - Menteng","4832","8993207130064","Akumo Chicken Nugget","L1-FRZ-CF1-T1-K4-2","Frozen","45"
"98","MTG - Menteng","22892","246954","Cumi Flower Astro Farm","","Frozen","75"
"98","MTG - Menteng","32433","8999898975816","Biokul To Go Strawberry Yogurt","L1-CHL-DC20-T4-5","Fresh","7"
"98","MTG - Menteng","6795","366600","Lumpia Alfa Original 5pcs","","Frozen","30"
"98","MTG - Menteng","3614","844656","Sawi Hijau Hydroponic Astro Farm","","Fresh","1"
"98","MTG - Menteng","3896","367728","Kentang Dadu","","Fresh","1"
"98","MTG - Menteng","31804","8998866820516","Glico Wings Frostbite Choco Nut & Cashew","","Frozen","90"
"98","MTG - Menteng","4854","8993207900018","Fiesta Cheesy Lover Chicken Nugget","","Frozen","45"
"98","MTG - Menteng","50111","8997014358369","Cedea Crab Stick Jumbo Spicy","","Frozen","45"
"98","MTG - Menteng","44669","10000000003790","Ayam Parting Marinasi Bumbu Original Oke Chicken","","Frozen","90"
"98","MTG - Menteng","3135","9556001239754","Kit Kat Chunky Milk Chocolate","L1-CHL-DC2-T1-1","Fresh","60"
"98","MTG - Menteng","46928","10000000004492","Yakiniku Prime Beef Slice Astro Farm Signature","L1-FRZ-CF11-T2-K3-6","Frozen","90"
"98","MTG - Menteng","28224","841942","Alpukat Okido Premium Size L Astro Farm 1 pcs","BAD INBOUND","Fresh","1"
"98","MTG - Menteng","14200","711844120419","ABC Sambal 275ml","","Fresh","90"
"98","MTG - Menteng","48248","9555894514405","Tasty Sea Gourmet Tiger Prawn Roll","","Frozen","216"
"98","MTG - Menteng","29206","514562","Dry Rubs Spicy Barbecue Astro Goods","","Fresh","90"
"98","MTG - Menteng","46200","10000000004416","Jeruk Limau Organik Astro Farm","DC-BADSTOCK-38","Fresh","1"
"98","MTG - Menteng","48570","8997217040108","Lezza Chicken Katsu","L1-FRZ-CF1-T1-K1-4","Frozen","75"
"98","MTG - Menteng","43653","10000000000491","Daun Ketumbar Organik","","Fresh","1"
"98","MTG - Menteng","51481","10000000005594","MISO Cooked Minced Chicken Recipe Makanan Anjing Basah","L1-FRZ-CF13-T2-K7-7","Frozen","21"
"98","MTG - Menteng","35183","342508","Sayap Ayam Parting Organik Probiotik Hona Farm","L1-FRZ-CF5-T2-K5-4","Frozen","75"
"98","MTG - Menteng","46035","10000000004247","Rossa Farm Telur Ayam Free Range Brown Eggs","L1-AMD-A4-T2-1","Fresh","7"
"98","MTG - Menteng","2858","292299","Heirloom x Astro - Blue Velvet Cake Yogurt Parfait 200gr","","Fresh","7"
"98","MTG - Menteng","6826","224464","Roti Tawar A Basics","L2-AMD-G6-T6-1","Fresh","3"
"98","MTG - Menteng","36684","886012","Basque Cheese Pie by Gotham Treats","","Fresh","1"
"98","MTG - Menteng","41632","364638","Oelek Ceker Emplok","","Fresh","0"
"98","MTG - Menteng","40603","273820","Pete Papan Astro Farm","","Fresh","1"
"98","MTG - Menteng","44822","10000000003868","Zukini Astro Farm","","Fresh","1"
"98","MTG - Menteng","37521","331275","Azaki Tempe","","Fresh","2"
"98","MTG - Menteng","22738","89713212221","Ebinoya Ebi Furai L 10pcs","","Frozen","45"
"98","MTG - Menteng","317","462660","Timun Fresh Astro Farm","BAD INBOUND","Fresh","1"
"98","MTG - Menteng","33724","8991649000983","Benfarm Mac and Cheese Bites","","Frozen","45"
"98","MTG - Menteng","35427","8991071410527","Grouu Cooking Series Bumbu Dasar Putih Refill MPASI","","Fresh","90"
"98","MTG - Menteng","5357","8993993981185","SIH Telur Ayam Negeri Nabati","L1-AMD-A3-T3-2","Fresh","9"
"98","MTG - Menteng","3391","617574","Cabe Merah Rawit Astro Farm","BAD INBOUND","Fresh","1"
"98","MTG - Menteng","42565","10000000000015","Kentang Ekonomis Astro Farm","BAD INBOUND","Fresh","1"
"98","MTG - Menteng","44852","10000000003925","Ikan Asin Layang Astro Farm","","Frozen","20"
"98","MTG - Menteng","54","161934","Cengkeh Astro Farm","L2-AMD-B1-T4-5","Fresh","60"
"98","MTG - Menteng","45711","10000000004158","Blueberry Frozen IQF","L1-FRZ-CF8-T1-K8-3","Frozen","60"
"98","MTG - Menteng","44849","10000000003913","Ikan Asin Cucut Astro Farm","L1-FRZ-CF3-T2-K8-7","Frozen","20"
"98","MTG - Menteng","21766","118792","Anggur Midnight Beauty Less Seed Premium Astro Farm","","Fresh","1"
"98","MTG - Menteng","40876","847911","Homjuice Cold-Pressed Juice Fruteriaseries Pomegranate ","","Fresh","2"
"98","MTG - Menteng","2960","8999999282196","Walls Populaire Chocolate Ice Cream","","Frozen","75"
"98","MTG - Menteng","24764","662677","Kerang Batik Astro Farm","","Frozen","75"
"98","MTG - Menteng","45454","10000000004103","Sambal Cumi Balado Astro Goods","","Fresh","10"
"98","MTG - Menteng","5106","8851932393850","Walls Asian Delight Durian Ice Cream 65ml","","Frozen","45"
"98","MTG - Menteng","49854","10000000005015","BARK Beef Stew Makanan Anjing Basah","L1-FRZ-CF13-T2-K6-1","Frozen","30"
"98","MTG - Menteng","6003","868315","Cimory Fresh Milk Chocolate 950ml","","Fresh","7"
"98","MTG - Menteng","4518","981697","GIOI Crispy Duck 250gr","","Fresh","30"
"98","MTG - Menteng","2343","523917","Bawang Putih Astro Farm","","Fresh","1"
"98","MTG - Menteng","35835","4901160010143","Okame Goku Kotsubu Natto Cup 170gram","L1-CHL-DC14-T2-4","Frozen","14"
"98","MTG - Menteng","207","347838","Mangga Harum Manis Astro Farm 2-4 pcs","L1-AMF-RF5-T6-2","Fresh","1"
"98","MTG - Menteng","41745","245792","Hyoshii Strawberry Premium","L1-CHL-DC10-T5-4","Fresh","1"
"98","MTG - Menteng","5627","810450","Paket Masak Ayam Saus Thailand - Astro Goods","","Fresh","1"
"98","MTG - Menteng","45823","10000000004085","Serbuk Daging Wagyu","","Frozen","90"
"98","MTG - Menteng","46926","10000000004496","Ribeye Steak MB5 Astro Farm Signature","L1-FRZ-CF11-T2-K1-4","Frozen","90"
"98","MTG - Menteng","5761","8999999035631","Walls Magnum Mini Almond","","Frozen","45"
"98","MTG - Menteng","51161","8997233141827","Miasso Sosis Spicy Cheese Coriander 190gr","L1-FRZ-CF1-T2-K7-5","Frozen","90"
"98","MTG - Menteng","36434","237255","Cabe Hijau Besar Astro Farm","L1-CHL-DC5-T6-5","Fresh","1"
"98","MTG - Menteng","14437","7622210681614","Cadbury Dairy Milk Cashew Nut Cokelat","L1-CHL-DC2-T1-51","Fresh","45"
"98","MTG - Menteng","30503","8993492102432","Edo Danish Pastry Sheet","","Frozen","28"
"98","MTG - Menteng","43242","8994036542349","Aroma Pork Honey Ham","L1-FRZ-CF13-T2-K6-6","Frozen","90"
"98","MTG - Menteng","33100","8997014356136","Cedea Tahu Bakso Seafood","","Frozen","30"
"98","MTG - Menteng","22310","654564","Mom & Spice Ayam Opor Astro Goods Choice","","Fresh","2"
"98","MTG - Menteng","41045","3608580765097","Bonne Maman Apricot Preserve Jam","","Fresh","75"
"98","MTG - Menteng","36416","8997014450759","Prochiz Premium Cheddar Cheese","L1-CHL-DC17-T2-1","Fresh","45"
"98","MTG - Menteng","47240","8990114000084","Campina Hula Hula Maxx Kacang Hijau","BAD INBOUND","Frozen","90"
"98","MTG - Menteng","43798","8991004051827","Manalagi Tahu Kuning","","Fresh","2"
"98","MTG - Menteng","5154","814011","Dimsum Inc Mix Dimsum 12 pcs","","Frozen","45"
"98","MTG - Menteng","2174","782614","Oma Elly Frozen Pizza Quattro Formaggi Diameter 20cm","","Fresh","7"
"98","MTG - Menteng","14266","8993200668304","Cimory Squeeze Purple Taro Yogurt","","Fresh","45"
"98","MTG - Menteng","32551","8993406602508","Yummy Ricotta Cheese","","Fresh","30"
"98","MTG - Menteng","33752","8997231560194","Paletas Wey Fruity Lime Strawberry","","Frozen","90"
"98","MTG - Menteng","1329","8993200661305","Cimory Strawberry Yogurt Drink","L1-CHL-DC18-T2-5","Fresh","35"
"98","MTG - Menteng","29831","8994130900625","Ayam Marinasi Bumbu Kuning Sreeya","","Frozen","30"
"98","MTG - Menteng","6623","207454","Pisang Ambon Astro Farm 1 Sisir","BADFRESH-1","Fresh","1"
"98","MTG - Menteng","32185","9916500102100","Bernardi Bakso Sapi Besar 25pcs","L1-FRZ-CF4-T1-K2-4","Frozen","90"
"98","MTG - Menteng","3848","463093","Rosemary Astro Farm","L1-CHL-DC6-T3-1","Fresh","1"
"98","MTG - Menteng","2670","8997014450216","Prochiz Gold Cheddar Cheese","","Fresh","45"
"98","MTG - Menteng","8761","933140","Mami Lana Mee Pok (Non Spicy)","","Fresh","20"
"98","MTG - Menteng","7971","847710","Saikoro Meltique - Discontinued","","Frozen","90"
"98","MTG - Menteng","2173","203638","Oma Elly Frozen Small Spinach Lasagna 7cm x 12cm","","Fresh","7"
"98","MTG - Menteng","5425","263697","Daging Babi Kapsim Kembang/Pork Shoulder/Lengan Babi","","Frozen","70"
"98","MTG - Menteng","32218","4955129012754","Tarami Konjac Grape Jelly Pouch","","Fresh","120"
"98","MTG - Menteng","46792","10000000004485","Bumbu Masak Machmudah BMM Gule","","Fresh","15"
"98","MTG - Menteng","6156","586582","Fiesta Steak Chicken Grill And Brown Sauce","","Fresh","15"
"98","MTG - Menteng","42327","8994130900120","Hati Ayam Bersih Sreeya","L1-FRZ-CF9-T1-K5-1","Frozen","75"
"98","MTG - Menteng","44695","10000000003770","Jeruk Nipis Astro Farm 3-5 pcs","","Fresh","1"
"98","MTG - Menteng","25624","649725","Tenderloin Ayam Marinasi 400-500gr Healti Ciken","","Frozen","75"
"98","MTG - Menteng","24119","516579","Ayam Broiler 10 Potong Astro Farm 1kg","L1-FRZ-CF5-T1-K1-2","Frozen","60"
"98","MTG - Menteng","40829","667573","Bawang Bombay Ekonomis Astro Farm","L1-AMF-RF1-T3-1","Fresh","2"
"98","MTG - Menteng","51717","745125242347","Bluder Cokro Bluder Coklat Single","","Fresh","2"
"98","MTG - Menteng","712","869122","Sambal Khas Bu Rudy Sambal Bawang","L1-CHL-DC14-T1-4","Fresh","15"
"98","MTG - Menteng","46302","5711953055874","Arla Garlic Fresh Cheese","L1-CHL-DC18-T1-15","Fresh","45"
"98","MTG - Menteng","47954","10000000004786","KC Smokery Smoked Beef Ham","L1-FRZ-CF3-T2-K4-3","Frozen","60"
"98","MTG - Menteng","43895","10000000000618","Cheese Bagel Astro Goods x BRAUD 170gram","","Fresh","2"
"98","MTG - Menteng","26476","8993374321791","Fiesta Seafood Ebi Fry Frozen Food","","Frozen","45"
"98","MTG - Menteng","33355","8993492102654","Edo Petite Croissant Butterlicious","","Frozen","45"
"98","MTG - Menteng","43226","10000000000191","Usus Rebus Ayam Astro Farm","","Frozen","60"
"98","MTG - Menteng","4076","839818","Paket Masak Balado Terong - Astro Goods","","Fresh","1"
"98","MTG - Menteng","49364","10000000005000","Roti Sobek Cokelat A Basics","BADFRESH-1","Fresh","2"
"98","MTG - Menteng","3739","8997017180127","Yun Yi Tahu Kuning","","Fresh","2"
"98","MTG - Menteng","5929","8997228750195","Pick Me Telur Bebek Asin Mentah","","Fresh","7"
"98","MTG - Menteng","44810","10000000003854","Udang Kupas Vanamei Size L Astro Farm","","Frozen","90"
"98","MTG - Menteng","3476","996305549","Jeruk Mandarin Wokam 800gr (Near Exp. Date)","","Fresh","0"
"98","MTG - Menteng","35281","8990114000183","Campina Concerto Midi Cookie Creamy","","Frozen","30"
"98","MTG - Menteng","29563","462270","Daging Shabu Japanese Wagyu A5 Astro Goods","","Frozen","90"
"98","MTG - Menteng","51719","745125242330","Bluder Cokro Bluder Original Single","","Fresh","2"
"98","MTG - Menteng","4483","8999898309024","Jungle Juice Orange","","Fresh","60"
"98","MTG - Menteng","43701","10000000000511","Mangga Harum Manis Astro Farm 1-2 pcs","BAD INBOUND","Fresh","1"
"98","MTG - Menteng","31487","142832","Bumi Tempe Non GMO","","Fresh","2"
"98","MTG - Menteng","5598","477778","Anggur Autumn Less Seed Premium Astro Farm","L1-CHL-DC8-T3-3","Fresh","1"
"98","MTG - Menteng","31858","8993110010743","So Good Dinobites Chicken Nugget Original","L1-FRZ-CF1-T2-K4-3","Frozen","30"
"98","MTG - Menteng","51956","8997015182628","Freshtize Crispy Chicken Karage 500 gram","L1-FRZ-CF1-T2-K6-5","Frozen","90"
"98","MTG - Menteng","40787","8997009748731","Hanzel Bratwurst Blackpepper Sausages","","Frozen","45"
"98","MTG - Menteng","35179","388030","Dada Ayam Boneless Fillet Organik Probiotik Hona Farm","","Frozen","75"
"98","MTG - Menteng","377","8997207639947","Cumi Ring Beku Java Sea","","Frozen","75"
"98","MTG - Menteng","40926","8997016811824","Monggo Cashew Nuts Dark Chocolate 100% of Cocoa Tablet","","Fresh","90"
"98","MTG - Menteng","45461","10000000004100","Teri Kacang Astro Goods","","Fresh","5"
"98","MTG - Menteng","6419","589501","Tomat Hijau Astro Farm","BAD INBOUND","Fresh","1"
"98","MTG - Menteng","6778","8992907910037","Sari Roti Burger Bun","","Fresh","2"
"98","MTG - Menteng","43434","8993351120010","Greenfields Original Yogurt Cup","L1-CHL-DC20-T2-4","Fresh","7"
"98","MTG - Menteng","36485","281912","Latteria X One Bite Big Bite High Protein Gelato Mango","","Frozen","3"
"98","MTG - Menteng","24903","280374","Sayur Lodeh Kafe Betawi x Astro Goods","","Fresh","17"
"98","MTG - Menteng","46929","10000000004497","Striploin Steak MB7 Astro Farm Signature","L1-FRZ-CF11-T2-K2-3","Frozen","90"
"98","MTG - Menteng","4051","795277","Paket Masak Sayur Lodeh Astro Goods","","Fresh","2"
"98","MTG - Menteng","50002","10000000005215","Cabe Merah Besar Tanpa Tangkai Astro Farm 100 gram","L1-CHL-DC5-T6-1","Fresh","1"
"98","MTG - Menteng","6202","10138021","Kin Raw Dog Food Chicken Pumpkin & Greens Makanan Anjing","","Fresh","30"
"98","MTG - Menteng","23464","992778","Kecombrang Astro Farm","BADFRESH-1","Fresh","2"
"98","MTG - Menteng","5519","548668","Cuciwis Astro Farm","","Fresh","1"
"98","MTG - Menteng","9938","972918","Daging Oseng Import Astro Farm","","Frozen","90"
"98","MTG - Menteng","43859","8993492101053","Golden Farm French Fries Straight Cut","L1-FRZ-CF11-T2-K6-6","Frozen","90"
"98","MTG - Menteng","45955","10000000004299","Apel Fuji Wangshan Premium Astro Farm 1 pcs","BAD INBOUND","Fresh","1"
"98","MTG - Menteng","314","461862","Bawang Bombay Astro Farm","","Fresh","1"
"98","MTG - Menteng","36440","150924","Brokoli Ekonomis Astro Farm","","Fresh","1"
"98","MTG - Menteng","49362","10000000004984","Pisang Cavendish Cluster 2-3 pcs","BAD INBOUND","Fresh","1"
"98","MTG - Menteng","2962","8999999294021","Walls Feast Vanilla","BAD INBOUND","Frozen","90"
"98","MTG - Menteng","51495","10000000005658","Ikan Cucut Fillet 500 gram","","Frozen","60"
"98","MTG - Menteng","36716","8994457140179","Pawmeals Freshly Cooked Duck Delish Sensitive Series Makanan Anjing Basah","L1-FRZ-CF13-T2-K5-10","Fresh","30"
"98","MTG - Menteng","1605","8999999005689","Walls Magnum Classic Belgian Chocolate","","Frozen","90"
"98","MTG - Menteng","50768","10000000005456","Pindang Cakalang","L1-FRZ-CF7-T2-K6-4","Frozen","60"
"98","MTG - Menteng","36499","981660","Ribeye Wagyu MB7 Steak Meatboys x Astro Farm","L1-FRZ-CF11-T2-K4-7","Frozen","90"
"98","MTG - Menteng","46952","5413121362479","The Belgian Dark Chocolate with Himalayan Salt","","Fresh","90"
"98","MTG - Menteng","24767","8999898300038","Diamond Fresh Milk Chocolate","L1-CHL-DC1-T4-8","Fresh","7"
"98","MTG - Menteng","1931","183812","Kacang Panjang Astro Farm","L1-CHL-DC7-T4-8","Fresh","1"
"98","MTG - Menteng","22030","195444","Selada Romaine Konvensional Astro Farm","","Fresh","1"
"98","MTG - Menteng","819","989684","Anggur Hijau Autumn Crisp Less Seed Astro Farm","","Fresh","1"
"98","MTG - Menteng","6055","865314","Ribeye Steak - Astro Goods","","Frozen","90"
"98","MTG - Menteng","46130","10000000004213","Ready to Blend Smoothies Berry Bliss","","Frozen","60"
"98","MTG - Menteng","24349","577486","Nanas Palembang Astro Farm 1 pcs","","Fresh","1"
"98","MTG - Menteng","42301","8999999610142","Walls Paddle Pop Jiggly Jelly Stroberi","","Frozen","60"
"98","MTG - Menteng","117","241877","Bakso Warisan Ibu Sapi Urat 10 pcs","","Frozen","45"
"98","MTG - Menteng","8126","4536","Pipiltin Cocoa Dark Chocolate Bar Seasalt Almond","","Fresh","60"
"98","MTG - Menteng","4073","922217","Paket Masak Cumi Asin Cabe Hijau - Astro Goods","","Fresh","1"
"98","MTG - Menteng","3608","435814","Paket Masak Cah Pakchoy - Astro Goods","","Fresh","2"
"98","MTG - Menteng","5103","8997226411289","Emina Stick Original Cheese isi 2pcs","","Fresh","60"
"98","MTG - Menteng","5009","621540","Paket Masak Kolak Pisang Ubi","","Fresh","1"
"98","MTG - Menteng","6236","487884","Daun Pucuk Labu - Astro Farm","L1-CHL-DC6-T3-4","Fresh","1"
"98","MTG - Menteng","5687","5740900835306","Lurpak Unsalted Butter","","Fresh","45"
"98","MTG - Menteng","30505","8993492101855","Edo Mini Pau Kacang Merah","","Frozen","45"
"98","MTG - Menteng","24032","503766","Teri Kacang Spesial Astro Basics","","Fresh","7"
"98","MTG - Menteng","33673","8997009742500","Sumber Selera Bakso Isi Keju","","Frozen","45"
"98","MTG - Menteng","41955","8993036114020","Kong Kee Tahu Ayam","L1-CHL-DC15-T4-1","Fresh","2"
"98","MTG - Menteng","45378","10000000004092","Baby Buncis Ekonomis Astro Farm","BAD INBOUND","Fresh","1"
"98","MTG - Menteng","4133","926371","Selada Romaine Hydroponic Astro Farm","L1-CHL-DC3-T3-1","Fresh","1"
"98","MTG - Menteng","5781","8885013130706","Aice Chocolate Sundae Ice Cream","","Frozen","75"
"98","MTG - Menteng","51077","8994046030027","My Roti Sobek Cokelat Keju","L2-AMD-G6-T6-5","Fresh","4"
"98","MTG - Menteng","46299","5711953056017","Arla Unsalted Butter","","Fresh","45"
"98","MTG - Menteng","51405","10110310401","Villa Smoked Beef Premium 225gram","L1-FRZ-CF4-T2-K3-5","Frozen","45"
"98","MTG - Menteng","130","252385","Cabe Hijau Rawit Astro Farm","L1-CHL-DC5-T5-10","Fresh","1"
"98","MTG - Menteng","20998","8993200663057","Cimory Yogurt Drink Mixed Berry","","Fresh","35"
"98","MTG - Menteng","26093","415268","Melon Premium Mieko Size XL - Astro Farm 1.3kg - 1.5kg/pcs","","Fresh","1"
"98","MTG - Menteng","37656","277731","Daging Sirloin Slice Import","L1-FRZ-CF12-T2-K7-1","Frozen","90"
"98","MTG - Menteng","6530","8991999110615","Milk Life Fresh Milk Lactose Free Original","BAD INBOUND","Fresh","7"
"98","MTG - Menteng","43220","5410522556605","Callebaut Dark Well Bitter 811 54.5% Couverture Chocolate Cooking","","Fresh","90"
"98","MTG - Menteng","5553","594971","Trial - Astro Baristas White Coffee 250ml","","Fresh","0"
"98","MTG - Menteng","22473","8993904004446","Indofood Choc Rock Cone Rasa Indomie Goreng","","Frozen","45"
"98","MTG - Menteng","5361","8994130899875","Belfoods Royal Itaewon Chicken","","Frozen","45"
"98","MTG - Menteng","33977","8992907995928","Sari Kue Steam Cake Cheese Cake","","Fresh","3"
"98","MTG - Menteng","51165","10000000005547","Ikan Kakap Giling","L1-FRZ-CF7-T2-K3-1","Frozen","60"
"98","MTG - Menteng","4952","149585","Pisang Cavendish Baby Astro Farm 5-6 pcs","","Fresh","1"
"98","MTG - Menteng","5576","939733","Bengkuang Astro Farm","","Fresh","1"
"98","MTG - Menteng","49726","8721274611410","Walls Cornetto Matcha Strawberry Es Krim","","Frozen","100"
"98","MTG - Menteng","3685","7499221164210","Heavenly Blush Greek Yogurt Classic","","Fresh","21"
"98","MTG - Menteng","40802","438834","Krokky Bitterballen Ayam Jamur 12pcs","","Frozen","60"
"98","MTG - Menteng","43443","10000000000319","Wagyu Ribeye MB 9 AUS Grain Fed","","Frozen","90"
"98","MTG - Menteng","3849","434834","Celery Stick Astro Farm 750-900 gram","DC-BADSTOCK-38","Fresh","1"
"98","MTG - Menteng","3255","202190017","Bawang Merah 250gr (Near Exp. Date)","","Fresh","2"
"98","MTG - Menteng","29207","764315","Dry Rubs Mediterranean Grill Astro Goods","","Fresh","90"
"98","MTG - Menteng","43265","10000000000251","Hyoshii Strawberry Premium Momoka Ichigo Size M","L1-CHL-DC10-T1-4","Fresh","1"
"98","MTG - Menteng","36945","755661","Iga Konro Import","","Frozen","90"
"98","MTG - Menteng","23154","928921","[Frozen] Almond Croissant 70-75 gr","","Fresh","2"
"98","MTG - Menteng","4094","8993110000874","Seafood Lovers Bakso Ikan Premium","","Frozen","30"
"98","MTG - Menteng","9241","229050","Puyo Silky Bubblegum","","Fresh","1"
"98","MTG - Menteng","35876","644283","Oncom","L1-CHL-DC16-T6-4","Fresh","2"
"98","MTG - Menteng","42565","10000000000015","Kentang Ekonomis Astro Farm","L1-AMF-RF9-T1-1","Fresh","1"
"98","MTG - Menteng","36486","274960","Oma Elly Gelato Lychee Raspberry 4oz","","Frozen","3"
"98","MTG - Menteng","1823","4901790632319","Shimadaya Sanuki Udon Taikoban","","Fresh","90"
"98","MTG - Menteng","3610","544455","Paket Masak Cah Brokoli - Astro Goods","","Fresh","2"
"98","MTG - Menteng","40898","8999999609269","Walls Tropical Delight Ice Cream","","Frozen","45"
"98","MTG - Menteng","14193","711844110182","ABC Kecap Manis Pouch","","Fresh","90"
"98","MTG - Menteng","5744","8997241510042","Ribeye Meltique Ryou Pouch","","Frozen","90"
"98","MTG - Menteng","44131","10000000003536","Bandeng Juwana Presto","L1-CHL-DC14-T4-2","Fresh","60"
"98","MTG - Menteng","45380","8993110004117","Olagud Dada dan Paha Probiotik","","Frozen","45"
"98","MTG - Menteng","43442","10000000000302","Wortel Organik","","Fresh","1"
"98","MTG - Menteng","5537","8998002020169","Seafoodking Tofu Premium Fried Seafood","","Frozen","30"
"98","MTG - Menteng","37387","530179","Hati Ayam Astro Farm","","Frozen","75"
"98","MTG - Menteng","50281","10000000005342","New Yolk Immunity Egg","L1-AMD-A3-T5-2","Fresh","7"
"98","MTG - Menteng","50360","10000000005347","The Good Harvest Pakcoy Hidroponik","L1-CHL-DC3-T2-7","Fresh","1"
"98","MTG - Menteng","42371","8994457890029","Japanese Wagyu A5 Rib Cap Sashi","","Frozen","90"
"98","MTG - Menteng","31881","587687","Tetelan Sapi Import","","Frozen","90"
"98","MTG - Menteng","43857","8995555215318","Kimbo Sosis Sapi Serbaguna Isi 6pcs","L1-FRZ-CF4-T2-K5-4","Frozen","45"
"98","MTG - Menteng","47947","10000000004294","Tulang Ayam Kampung Astro Farm 250gram","BADFRESH-1","Frozen","75"
"98","MTG - Menteng","130","252385","Cabe Hijau Rawit Astro Farm","","Fresh","1"
"98","MTG - Menteng","43739","10000000000520","Mangga Gedong Gincu Astro Farm 2-3 pcs","DC-BADSTOCK-38","Fresh","1"
"98","MTG - Menteng","8674","8997217660313","Health & Co Juice - Stay Golden","","Fresh","2"
"98","MTG - Menteng","27250","495670","Ikan Ayam - Ayam - Astro Basics","","Frozen","75"
"98","MTG - Menteng","50372","10000000005265","Iga Sapi Shortrib","L1-FRZ-CF12-T1-K2-3","Frozen","75"
"98","MTG - Menteng","32701","880672","Heavenly Blush Tummy Passion Fruit Sugar Free Yogurt Drink 180ml","","Fresh","45"
"98","MTG - Menteng","6764","770655","Paket Masak Sayur Sop Astro Goods","BAD INBOUND","Fresh","2"
"98","MTG - Menteng","288","267934","Iga Babi Bakut","BAD INBOUND","Frozen","90"
"98","MTG - Menteng","36945","755661","Iga Konro Import","L1-FRZ-CF12-T1-K4-3","Frozen","90"
"98","MTG - Menteng","395","535717","Brokoli Besar - Astro Farm","","Fresh","1"
"98","MTG - Menteng","50694","10000000005349","Golden Natura Red Dragon Fruit Frozen","L1-FRZ-CF8-T2-K6-1","Frozen","60"
"98","MTG - Menteng","8511","8994130900199","Paha Ayam Bawah 4-5 Potong Sreeya","","Frozen","45"
"98","MTG - Menteng","1330","8993200661657","Cimory Blueberry Yogurt Drink","","Fresh","35"
"98","MTG - Menteng","2491","8997228861556","Amazing Farm Sweet Baby Mix Salad To Go","","Fresh","1"
"98","MTG - Menteng","3689","7499221133155","Heavenly Blush Yoguruto Blackcurrant Yogurt Drink","","Fresh","21"
"98","MTG - Menteng","47906","10000000004682","Pureeland Bumbu MPASI Rendang","","Frozen","30"
"98","MTG - Menteng","29561","808365","Jamur Snow White","L1-CHL-DC15-T5-6","Fresh","1"
"98","MTG - Menteng","30050","3073781194463","Kiri Cream Cheese","","Fresh","30"
"98","MTG - Menteng","5979","530846","Honey Apple - Astro Farm","","Fresh","1"
"98","MTG - Menteng","31706","9310052551216","Bega Cheddar Cheese Extra Tasty","L1-CHL-DC17-T3-9","Fresh","21"
"98","MTG - Menteng","31111","8992854000119","Sunfresh Premium Orange Juice Unsweetened","L1-CHL-DC22-T1-2","Fresh","15"
"98","MTG - Menteng","6012","8999898962212","Biokul Stired Yogurt Blueberry","L1-CHL-DC20-T5-3","Fresh","15"
"98","MTG - Menteng","4131","549602","Jinten Astro Farm","L2-AMD-B1-T4-4","Fresh","60"
"98","MTG - Menteng","6510","855699","Ikan Balita Nila Hitam - Astro Basics","","Frozen","75"
"98","MTG - Menteng","40603","273820","Pete Papan Astro Farm","L1-CHL-DC5-T6-7","Fresh","1"
"98","MTG - Menteng","41531","982786","Ikan Teri Jengki","","Frozen","20"
"98","MTG - Menteng","652","9415007043058","Anchor Salted Butter Minidish 7gr x 10 pcs","L1-CHL-DC18-T4-13","Fresh","45"
"98","MTG - Menteng","47619","8994457140346","Pawmeals Young & Adult Stage Perky Porky Cooked Makanan Anjing Basah 1kg","L1-FRZ-CF13-T1-K7-2","Frozen","30"
"98","MTG - Menteng","32319","201321","Ayam Organik Parting 9 Berkah Chicken","L1-FRZ-CF5-T1-K6-3","Frozen","75"
"98","MTG - Menteng","3115","640837","Daging Ayam Giling Astro Farm","","Frozen","75"
"98","MTG - Menteng","36436","958259","Cabe Hijau Rawit Astro Farm","L1-CHL-DC5-T6-2","Fresh","1"
"98","MTG - Menteng","45961","8993492102456","Edo Tom Yum Shabu Set","","Frozen","45"
"98","MTG - Menteng","49727","8997014358246","Cedea Eomuk Bar Korean Spicy","L1-FRZ-CF4-T2-K6-7","Frozen","45"
"98","MTG - Menteng","22588","739857","Brooklyn Biscoff LemonDiscoFish x Astro Goods","","Frozen","30"
"98","MTG - Menteng","33950","8993200669400","Cimory Bites Strawberry Yogurt","L1-CHL-DC18-T3-1","Fresh","45"
"98","MTG - Menteng","43571","10000000000415","Kale Organik","","Fresh","1"
"98","MTG - Menteng","369","519554","Gula Aren Bubuk Organik","","Fresh","150"
"98","MTG - Menteng","34318","460056","Dang Sweet Melon Marakaito 1 pcs","","Fresh","1"
"98","MTG - Menteng","24120","516313","Dada Ayam Boneless Astro Farm","","Frozen","60"
"98","MTG - Menteng","36438","437664","Cabe Merah Keriting Astro Farm","","Fresh","1"
"98","MTG - Menteng","47484","8997222497720","Wahana Estate Frozen Edamame 250gr","L1-FRZ-CF11-T1-K2-4","Frozen","45"
"98","MTG - Menteng","41627","8992704205220","Bumifood Fish Finger Nugget Ikan","","Frozen","30"
"98","MTG - Menteng","3847","530694","Daun Mint Astro Farm","BADFRESH-1","Fresh","1"
"98","MTG - Menteng","36442","598137","Ubi Cilembu Astro Farm","BADFRESH-1","Fresh","1"
"98","MTG - Menteng","43119","10000000000158","Ikan Asin Peda Putih","L1-FRZ-CF3-T2-K8-1","Frozen","30"
"98","MTG - Menteng","41896","8997228750041","Pick Me Telur Ayam Omega 3","L1-AMD-A3-T4-1","Fresh","9"
"98","MTG - Menteng","1103","8888003215209","Spring Home TYJ Kulit Spring Roll","L1-FRZ-CF8-T1-K1-4","Fresh","45"
"98","MTG - Menteng","46384","10000000004287","Kelapa Parut Astro Farm","","Frozen","1"
"98","MTG - Menteng","32725","8999898309109","Jungle Juice Pineapple","L1-CHL-DC22-T1-7","Fresh","60"
"98","MTG - Menteng","32620","10145327","Kin Cooked Dog Food Chicken Mix Makanan Anjing Basah","","Fresh","45"
"98","MTG - Menteng","5014","551552","Paket Masak Sop Buah","","Fresh","1"
"98","MTG - Menteng","44911","10000000003750","Jantung Pisang Astro Farm 900-1200 gram","L1-CHL-DC7-T4-6","Fresh","1"
"98","MTG - Menteng","50182","11202508001","Bolekaka Dimsum Ceria","","Frozen","38"
"98","MTG - Menteng","35070","8993110003714","So Good Chicken Nugget Mac and Cheese","L1-FRZ-CF1-T2-K4-2","Frozen","30"
"98","MTG - Menteng","43514","10000000000311","Baby Bayam Hydroponic Astro Farm","L1-CHL-DC4-T4-4","Fresh","1"
"98","MTG - Menteng","2987","8999999282202","Walls Populaire Strawberry Vanilla Ice Cream 90 ml","L1-FRZ-CF6-T2-K6-1","Frozen","75"
"98","MTG - Menteng","43904","10000000000685","Australian Beef Wagyu Tallow Tenji Meats","L1-FRZ-CF8-T2-K1-8","Fresh","90"
"98","MTG - Menteng","700","868075","Jamur Tiram - Astro Farm","","Fresh","1"
"98","MTG - Menteng","43855","8995555115625","Kimbo Sosis Sapi Goreng Isi 6","L1-FRZ-CF4-T2-K6-4","Frozen","45"
"98","MTG - Menteng","42028","525449","Wag & Whisk Gently Cooked Mackerel All Life Stages Makanan Kucing Basah","","Fresh","30"
"98","MTG - Menteng","30052","4000417652508","Ritter Sport Cube Choco For You ","","Fresh","30"
"98","MTG - Menteng","35874","175568","Buah Melon Sky Potong Astro Farm 180-200 gram","","Fresh","1"
"98","MTG - Menteng","24349","577486","Nanas Palembang Astro Farm 1 pcs","L1-AMF-RF7-T6-3","Fresh","1"
"98","MTG - Menteng","43109","10000000000143","Cabe Merah Keriting Astro Farm","L1-CHL-DC5-T3-3","Fresh","1"
"98","MTG - Menteng","47937","10000000004352","Paha Ayam Giling Astro Farm 500gram","L1-FRZ-CF2-T2-K3-2","Frozen","90"
"98","MTG - Menteng","43865","8993200669592","Cimory Eat Milk Chocolate Hazelnut 80gram","L1-CHL-DC18-T4-2","Fresh","34"
"98","MTG - Menteng","44928","10000000003955","Labu Siam Acar Ekonomis Astro Farm","BADFRESH-1","Fresh","1"
"98","MTG - Menteng","47555","44222012","Terve Dubai Chocolate Dark Milk Pistachio 95gram","","Fresh","90"
"98","MTG - Menteng","5467","773184","Melon Inthanon Astro Farm 1 pcs","L1-AMF-RF2-T1-2","Fresh","1"
"98","MTG - Menteng","2339","219224","Jagung Manis Kulit Astro Farm","","Fresh","1"
"98","MTG - Menteng","33156","8991071680739","Green Rebel Cheedar Style Cheese Vegan Block","","Fresh","30"
"98","MTG - Menteng","3627","948911","Bayam Merah konvensional - Astro Farm","","Fresh","1"
"98","MTG - Menteng","40793","8993200000005","Kanzler Singles Gochujang Bakso","","Frozen","45"
"98","MTG - Menteng","2343","523917","Bawang Putih Astro Farm","BAD INBOUND","Fresh","1"
"98","MTG - Menteng","29570","846578","Pear Singo Gift Box - Astro Farm","","Fresh","1"
"98","MTG - Menteng","50927","8997002040566","Bandeng Juwana Otak - Otak Vakum Dus","L1-CHL-DC14-T4-4","Frozen","60"
"98","MTG - Menteng","32190","8993492101046","Golden Farm French Fries Shoestring","","Frozen","45"
"98","MTG - Menteng","46626","8991999110110","Milk Life Fresh Milk Pure","L1-CHL-DC1-T5-6","Fresh","7"
"98","MTG - Menteng","5845","8997234540049","Riverland Smoked Cheddar Sausage","","Frozen","45"
"98","MTG - Menteng","50692","10000000005353","Golden Natura Strawberry Frozen","","Frozen","60"
"98","MTG - Menteng","33140","8993407212072","Cheesy Easy Malt Processed Cheddar Cheese","L1-CHL-DC17-T1-10","Fresh","45"
"98","MTG - Menteng","47090","10000000004575","Kelapa Ijo Kupas Astro Farm","L1-CHL-DC23-T2-3","Fresh","1"
"98","MTG - Menteng","34050","340214","Sayap Ayam Utuh Astro Farm","","Frozen","60"
"98","MTG - Menteng","6","109093","Alpukat Mentega Astro Farm 2-4 pcs","L1-AMF-RF7-T1-1","Fresh","1"
"98","MTG - Menteng","48564","881002000566","Friday Creamery Matcha Mood Mini","L1-FRZ-CF6-T2-K5-3","Frozen","75"
"98","MTG - Menteng","48630","10000000004916","Lobak Organik","","Fresh","1"
"98","MTG - Menteng","287","434272","INVALID Amazing Farm Sweet Baby Mix Salad To Go 150gr","","Fresh","2"
"98","MTG - Menteng","45454","10000000004103","Sambal Cumi Balado Astro Goods","BADFRESH-1","Fresh","10"
"98","MTG - Menteng","21586","657616","Premium Creamy Tuna Onigiri","","Fresh","1"
"98","MTG - Menteng","44929","10000000003956","Sereh Ekonomis Astro Farm","","Fresh","1"
"98","MTG - Menteng","44660","10000000003763","Pisang Barangan Astro Farm 4-5 pcs","BAD INBOUND","Fresh","1"
"98","MTG - Menteng","32184","9912190101003","Bernardi Delicatessen Breakfash Sausage With Cheese","","Frozen","90"
"98","MTG - Menteng","16122","8991001770547","Delfi Yuraku Black Thunder","","Fresh","90"
"98","MTG - Menteng","5919","802172","Sunkist Navel Jumbo - Astro Farm","","Fresh","1"
"98","MTG - Menteng","44333","10000000000675","Paha Ayam Boneless HSP","","Frozen","60"
"98","MTG - Menteng","5624","436094","Ayam Ulu Japfa","","Frozen","75"
"98","MTG - Menteng","31799","8993200661282","Cimory Greek Yogurt Low Fat","L1-CHL-DC19-T2-6","Fresh","28"
"98","MTG - Menteng","33782","8992994110136","Yakult Minuman Probiotik","L1-CHL-DC1-T1-4","Fresh","7"
"98","MTG - Menteng","42023","694726","Wag and Whisk Cooked Salmon All Life Stages Makanan Anjing Basah","L1-FRZ-CF13-T1-K6-6","Fresh","30"
"98","MTG - Menteng","583","749821","Lemon Import Astro Farm 3-5 pcs","","Fresh","1"
"98","MTG - Menteng","44816","10000000003861","Jagung Manis Kulit Astro Farm","L1-CHL-DC13-T2-1","Fresh","1"
"98","MTG - Menteng","24090","539305","Karubi Wagyu Beef Slice AUS Meatboys x Astro Farm","","Frozen","90"
"98","MTG - Menteng","36483","754922","Oma Elly Gelato Pistachio 4oz","","Frozen","3"
"98","MTG - Menteng","45378","10000000004092","Baby Buncis Ekonomis Astro Farm","","Fresh","1"
"98","MTG - Menteng","51489","8993110051029","So Good Karaage 400gr","L1-FRZ-CF1-T2-K1-3","Frozen","60"
"98","MTG - Menteng","6012","8999898962212","Biokul Stired Yogurt Blueberry","","Fresh","15"
"98","MTG - Menteng","32621","10145326","Kin Cooked Dog Food Pork Mix Makanan Anjing","","Fresh","45"
"98","MTG - Menteng","49857","10000000005012","BARK Salmon Oatmeal Makanan Anjing Basah","","Frozen","30"
"98","MTG - Menteng","47599","8995555118251","Kimbo Mini Bratwurst Keju 10pcs","","Frozen","45"
"98","MTG - Menteng","2690","136220","Greenfields Yogurt Pouch Original 80gr","","Fresh","7"
"98","MTG - Menteng","13517","7614500035788","Toblerone Milk 200gram/Coklat/Cokelat","","Fresh","120"
"98","MTG - Menteng","42712","501061","Daging Gule Kambing dengan Tulang Astro Farm","","Frozen","90"
"98","MTG - Menteng","47944","8931220230392","(Satu Porsi) Ayam Marinasi dengan Saus Honey Mustard 120gram","","Frozen","120"
"98","MTG - Menteng","3612","297148","Pakcoy Hydroponic Astro Farm","","Fresh","1"
"98","MTG - Menteng","1635","8999999539450","Walls Cornetto Silverqueen","","Frozen","90"
"98","MTG - Menteng","45383","8993110004087","Olagud Frozen Chicken Probiotik","","Frozen","60"
"98","MTG - Menteng","35186","634450","Telur Ayam Negeri Astro Farm","BAD INBOUND","Fresh","11"
"98","MTG - Menteng","8542","8993351120164","Greenfields Blueberry Yogurt Pouch","","Fresh","7"
"98","MTG - Menteng","4834","8993207730127","Champ Beef Sausages Serbaguna/Sosis","","Frozen","30"
"98","MTG - Menteng","49730","8994467130016","Huntsman Chicken Bratwurst with Cheese","","Frozen","90"
"98","MTG - Menteng","48502","10000000004861","Little Harvest Lele Fillet Bumbu Kuning","L1-FRZ-CF8-T2-K2-1","Frozen","45"
"98","MTG - Menteng","44908","2030000002","Bu Rudy Sambal Ijo","","Fresh","7"
"98","MTG - Menteng","6828","944529","Roti Tawar Kupas A Basics","BADFRESH-1","Fresh","2"
"98","MTG - Menteng","4167","8997014450070","Prochiz Cheddar Keju Slice 5's","","Fresh","45"
"98","MTG - Menteng","45435","8997204630046","ISE Vitamin E Omega Eggs","","Fresh","7"
"98","MTG - Menteng","3769","946067","Christy Pudding Box Of 6 Assorted Cup","","Fresh","75"
"98","MTG - Menteng","6512","392921","SAU Beef Saikoro Now","L1-FRZ-CF11-T1-K3-3","Frozen","90"
"98","MTG - Menteng","32247","9912995307303","Bernardi Sosis Ayam 10cm","","Frozen","90"
"98","MTG - Menteng","45922","10000000004216","Ubi Cilembu Ekonomis Astro Farm","","Fresh","1"
"98","MTG - Menteng","44675","10000000003780","Sayap Ayam Drums Wings HOT Oke Chicken","","Frozen","90"
"98","MTG - Menteng","50148","8999898969181","Brookfarm Chocolate Ice Cream","L1-FRZ-CF6-T2-K7-6","Frozen","150"
"98","MTG - Menteng","46952","5413121362479","The Belgian Dark Chocolate with Himalayan Salt","L1-CHL-DC2-T2-19","Fresh","90"
"98","MTG - Menteng","44684","10000000003751","Nutriale Raw Chicken & Pumpkin Makanan Anjing Basah","L1-FRZ-CF13-T2-K7-6","Fresh","30"
"98","MTG - Menteng","47953","10000000004785","KC Smokery Original Smoked Beef 150gram","L1-FRZ-CF3-T2-K2-1","Frozen","60"
"98","MTG - Menteng","43426","10000000000241","Roti Tawar Jumbo A Basics","BAD INBOUND","Fresh","2"
"98","MTG - Menteng","48561","881001001219","Friday Creamery Ube Matcha","L1-FRZ-CF6-T2-K1-3","Frozen","90"
"98","MTG - Menteng","47108","8998880000130","Wild Jacks Beef Patty 400gram","L1-FRZ-CF11-T2-K3-1","Frozen","60"
"98","MTG - Menteng","3719","7499221131126","[INVALID] Heavenly Blush Yo Kiddo Actgro Mango Yogurt 180ml","","Fresh","7"
"98","MTG - Menteng","242","386489","Sawi Putih Astro Farm","","Fresh","2"
"98","MTG - Menteng","41951","174352","Pork Belly Samcan Daging Babi Potong Dadu Babi Kecap","L1-FRZ-CF13-T1-K3-7","Frozen","90"
"98","MTG - Menteng","33948","8993200669271","Cimory Bites Berry Blend Yogurt","L1-CHL-DC18-T5-2","Fresh","45"
"98","MTG - Menteng","4484","8999898440031","Jungle Juice Guava","L1-CHL-DC22-T1-8","Fresh","60"
"98","MTG - Menteng","2708","170970","Little Maria Mushroom Sauce","","Fresh","90"
"98","MTG - Menteng","41406","8999119601258","Ritter Sport Heart Shaped","","Fresh","21"
"98","MTG - Menteng","10675","9311766000120","Alba Grated Parmesan Cheese","L1-CHL-DC18-T5-15","Fresh","45"
"98","MTG - Menteng","6570","8991001302274","Ceres Meses Milk Chocolate","L2-AMD-C4-T4-3","Fresh","54"
"98","MTG - Menteng","44687","10000000003754","Nutriale Complete Raw Beef Makanan Anjing Basah","","Fresh","30"
"98","MTG - Menteng","23434","9415007055631","Anchor Salted Butter","","Fresh","45"
"98","MTG - Menteng","42604","10000000000003","Ubi Jepang Astro Farm","L1-AMF-RF6-T6-4","Fresh","1"
"98","MTG - Menteng","6","109093","Alpukat Mentega Astro Farm 2-4 pcs","","Fresh","1"
"98","MTG - Menteng","44923","10000000003950","Cabe Merah Rawit Ekonomis Astro Farm","","Fresh","1"
"98","MTG - Menteng","25019","203256","Ikan Dori Fillet Non Blood Line (NBL) Astro Farm","","Frozen","60"
"98","MTG - Menteng","48628","10000000004912","Sawi Hijau Organik","BAD INBOUND","Fresh","1"
"98","MTG - Menteng","32613","10151606","Kin Raw Dog Food Pork, Broccoli & Berries Makanan Anjing","","Fresh","45"
"98","MTG - Menteng","21888","8991649000662","Benfarm Frankfurter Chicken Sausages","","Frozen","45"
"98","MTG - Menteng","4060","478585","Bunga Lawang Astro Farm","L2-AMD-B1-T6-1","Fresh","60"
"98","MTG - Menteng","44689","10000000003758","Godoggie Healthy Beef Barkday Cake","L1-FRZ-CF13-T2-K4-1","Fresh","120"
"98","MTG - Menteng","5112","579636","Astro Bakers Super Choco Bun 70gr","","Fresh","1"
"98","MTG - Menteng","9940","930768","Daging Empal Import Astro Farm","","Frozen","90"
"98","MTG - Menteng","517","673791","Jambu Biji Merah Astro Farm 3-5 pcs","L1-AMF-RF7-T4-4","Fresh","1"
"98","MTG - Menteng","2951","8993221100043","Sakake Tofu Kotak Firm/Tahu","","Fresh","2"
"98","MTG - Menteng","8743","986351","Roti Gandum 10 Slices A Basics","BADFRESH-1","Fresh","2"
"98","MTG - Menteng","9733","855590","Roasted Milk Tea Manatea x Astro Goods","","Frozen","30"
"98","MTG - Menteng","1420","8995555118503","Kimbo Cocktail Sausages","","Frozen","45"
"98","MTG - Menteng","226","368188","Rock Melon Orange Astro Farm 1 pcs 1.8-2.2 kg","BAD INBOUND","Fresh","1"
"98","MTG - Menteng","24150","639386","Cashew Garlic Bliss Astro Goods","","Fresh","60"
"98","MTG - Menteng","43649","10000000000438","Lidah Buaya Astro Farm","L1-CHL-DC6-T2-7","Fresh","1"
"98","MTG - Menteng","21051","8993200661503","Kanzler Beef Wiener Sausages","","Frozen","45"
"98","MTG - Menteng","32612","10151016","Kin Raw Dog Food Lamb, Rabbit & Spinach Makanan Anjing","","Fresh","35"
"98","MTG - Menteng","6248","8990114000312","Campina Hula Hula Kacang Hijau","L1-FRZ-CF6-T2-K2-3","Frozen","90"
"98","MTG - Menteng","28089","8997234089043","Bequ Tahu Bakso Daging","","Frozen","45"
"98","MTG - Menteng","23728","8993071020119","Belfoods Royal Crispy Karaage","","Frozen","45"
"98","MTG - Menteng","42989","8994452100024","Leuga Nila Bumbu Kuning","","Frozen","30"
"98","MTG - Menteng","21909","168242","Ikan Capelin Komochi Shishamo","","Frozen","60"
"98","MTG - Menteng","43452","8997207132769","Bernardi Burger Steak Melting Cheese 2pcs","","Frozen","60"
"98","MTG - Menteng","35320","8993351174341","Greenfields Fresh Milk Belgian Choco Almond","L1-CHL-DC1-T3-5","Fresh","7"
"98","MTG - Menteng","47480","10000000004642","Melon Fujisawa Hidroponik Astro Farm","","Fresh","1"
"98","MTG - Menteng","30575","8994046010296","My Roti Daily Bread Roti Tawar","","Fresh","2"
"98","MTG - Menteng","25623","828284","Paha Ayam Boneless Marinasi Healti Ciken 400-500gram","","Frozen","75"
"98","MTG - Menteng","47942","10000000004363","Ayam Organik Berkah Chicken","","Frozen","75"
"98","MTG - Menteng","44707","10000000003740","Azaki Tempe Daun Bulat 1 pcs","","Fresh","2"
"98","MTG - Menteng","26020","669688","8 Fruitz Mixed Berries Frozen (IQF)","L1-FRZ-CF8-T1-K9-3","Frozen","60"
"98","MTG - Menteng","2974","7614500010617","Toblerone Dark Chocolate 100gram 100gram/Coklat/Cokelat","","Fresh","60"
"98","MTG - Menteng","26020","669688","8 Fruitz Mixed Berries Frozen (IQF)","","Frozen","60"
"98","MTG - Menteng","42028","525449","Wag & Whisk Gently Cooked Mackerel All Life Stages Makanan Kucing Basah","L1-FRZ-CF13-T2-K3-8","Fresh","30"
"98","MTG - Menteng","5625","661551","Paket Masak Beef Bulgogi - Astro Goods","","Fresh","1"
"98","MTG - Menteng","439","596577","Blueberry Premium Astro Farm","L1-CHL-DC8-T4-1","Fresh","1"
"98","MTG - Menteng","42575","10000000000006","Pear Xiang Lie Astro Farm 2-3 pcs","","Fresh","1"
"98","MTG - Menteng","5604","985987","Ikan Nila Merah Bumbu Kuning Astro Farm","L1-FRZ-CF7-T1-K1-1","Frozen","28"
"98","MTG - Menteng","8812","9556001252142","Kit Kat Gold 4F","","Fresh","60"
"98","MTG - Menteng","20998","8993200663057","Cimory Yogurt Drink Mixed Berry","L1-CHL-DC18-T4-8","Fresh","35"
"98","MTG - Menteng","25152","205064","Ikan Bandeng Cabut Duri Astro Farm","","Frozen","60"
"98","MTG - Menteng","19714","215878","Kolang Kaling - Astro Farm","L1-CHL-DC10-T2-8","Fresh","2"
"98","MTG - Menteng","35942","320292","Buah Pepaya Potong Astro Farm 180-200 gram","","Fresh","1"
"98","MTG - Menteng","22749","921955","Ketumbar Bubuk Halus Astro Basics","L2-AMD-B9-T6-1","Fresh","90"
"98","MTG - Menteng","31256","8992907952549","Sari Kue Dorayaki Cokelat","","Fresh","2"
"98","MTG - Menteng","46776","10000000004482","Bumbu Masak Machmudah BMM Kare","","Fresh","15"
"98","MTG - Menteng","8763","647280","Mami Lana Hekeng (Isi 2)","","Fresh","20"
"98","MTG - Menteng","6818","8998288080512","Wong Coco Ice Bon Bon Chocoberries","","Frozen","75"
"98","MTG - Menteng","777","937709","Buah Naga Merah Astro Farm 1 pcs","BADFRESH-1","Fresh","1"
"98","MTG - Menteng","2570","621269","Sereh Astro Farm","","Fresh","1"
"98","MTG - Menteng","36941","509144","Daging Slice Brisket Astro Farm","","Frozen","90"
"98","MTG - Menteng","784","8995229804091","Belfoods Bakso Ayam Mini 500gr x 100 pcs/Meatball","","Frozen","30"
"98","MTG - Menteng","50140","8993492000301","Edo Butter French Croissant","","Frozen","60"
"98","MTG - Menteng","32248","9912995106104","Bernardi Sosis Sapi","","Frozen","45"
"98","MTG - Menteng","1635","8999999539450","Walls Cornetto Silverqueen","L1-FRZ-CF10-T1-K2-3","Frozen","90"
"98","MTG - Menteng","43655","10000000000493","Daun Rosemary Organik","L1-CHL-DC12-T2-4","Fresh","1"
"98","MTG - Menteng","978","6942836703226","Hershey's Kisses Chocolate Milk","L1-CHL-DC2-T1-17","Fresh","70"
"98","MTG - Menteng","26880","3415581139181","Haagen-Dasz Macadamia Nut Mini Cup","","Frozen","60"
"98","MTG - Menteng","4202","3073780107440","Babybel Mini Cheese isi 5","","Fresh","21"
"98","MTG - Menteng","22854","427620","Daun Bawang Astro Farm","BADFRESH-1","Fresh","1"
"98","MTG - Menteng","4806","584790","Kurma Anggur","","Fresh","30"
"98","MTG - Menteng","3167","907098481","Pir Xiang Lie 500gr (Near Exp. Date)","","Fresh","0"
"98","MTG - Menteng","44028","5010652998476","Millac Gold Whipping, Cooking, Pouring Cream","L1-CHL-DC18-T1-1","Fresh","60"
"98","MTG - Menteng","1458","8997014356518","Cedea Salmon Ball","","Fresh","30"
"98","MTG - Menteng","33356","8993492101657","Edo Puff Pastry Sheet","L1-FRZ-CF8-T1-K1-6","Frozen","45"
"98","MTG - Menteng","47955","10000000004734","Daun Ketupat Astro Farm","","Fresh","1"
"98","MTG - Menteng","46178","10000000004304","Apel Fuji Sunmoon Astro Farm 1 pcs","L1-CHL-DC9-T4-8","Fresh","1"
"98","MTG - Menteng","7476","166555","Dada Ayam Boneless Fillet Organik Probiotik LactoFarm/Chicken Breast","","Frozen","75"
"98","MTG - Menteng","3848","463093","Rosemary Astro Farm","","Fresh","1"
"98","MTG - Menteng","30815","8999999601379","Cornetto White Rose Choco Cheese - Es Krim Walls","","Frozen","30"
"98","MTG - Menteng","1267","8992907110017","Sari Roti Tawar Special","L2-AMD-G4-T1-1","Fresh","2"
"98","MTG - Menteng","3362","561205","Oma Elly Gelato Malt Tease 460ml","","Frozen","7"
"98","MTG - Menteng","42589","10000000000005","Sweet Pear Astro Farm 2-3 pcs","","Fresh","1"
"98","MTG - Menteng","1681","8992907150044","Sari Roti Tawar Gandum","","Fresh","2"
"98","MTG - Menteng","40384","149221","Sirsak 1 pcs","BAD INBOUND","Fresh","1"
"98","MTG - Menteng","44233","10000000003588","Selada Romaine Konvensional Astro Farm","BAD INBOUND","Fresh","1"
"98","MTG - Menteng","33753","8997231560033","Paletas Wey Gold Choco Avocado","","Frozen","60"
"98","MTG - Menteng","43419","10000000000287","Daging Shortplate Slice Import Imperfect Astro Goods","","Frozen","90"
"98","MTG - Menteng","33865","394366","Truffle Bitterballen Astro Goods","","Fresh","15"
"98","MTG - Menteng","45722","10000000004219","Lengkuas Ekonomis Astro Farm","BAD INBOUND","Fresh","1"
"98","MTG - Menteng","31644","601091","Tonkatsu/Pork Katsu","","Frozen","90"
"98","MTG - Menteng","46626","8991999110110","Milk Life Fresh Milk Pure","","Fresh","7"
"98","MTG - Menteng","26165","754351","Tenderloin Meltique Has Dalam Import","L1-FRZ-CF11-T1-K5-2","Frozen","90"
"98","MTG - Menteng","35435","8991071410398","Grouu Bone Broth Chicken MPASI Makanan Bayi Anak","L1-FRZ-CF8-T2-K3-5","Fresh","90"
"98","MTG - Menteng","5828","581903","Heirloom Apple Pie Baby Friendly Greek Yoghurt 125ml","","Fresh","7"
"98","MTG - Menteng","1902","8991001121400","Silverqueen Classic Almond","L1-CHL-DC2-T1-35","Fresh","90"
"98","MTG - Menteng","50558","10000000005392","Jeruk Baby Wogam Astro Farm","","Fresh","1"
"98","MTG - Menteng","32622","270362","Kin Dog Food Bone Broth 650ml/Makanan Anjing","","Fresh","30"
"98","MTG - Menteng","6394","824927","Jeruk Pomelo Astro Farm 1 pcs","","Fresh","1"
"98","MTG - Menteng","5742","8997241510011","Saikoro Meltique Ryou Pouch","","Frozen","90"
"98","MTG - Menteng","24768","8999898962458","Diamond Fresh Milk Strawberry","","Fresh","7"
"98","MTG - Menteng","42374","491197","Ikan Tuna Bluefin Toro Saltic Portion","L1-FRZ-CF7-T2-K2-1","Frozen","45"
"98","MTG - Menteng","4966","984818","Ikan Dori Fillet Non Blood Line (NBL) Astro Farm","","Frozen","60"
"98","MTG - Menteng","6238","363741","Labu Butternut Astro Farm","L1-AMF-RF4-T1-1","Fresh","1"
"98","MTG - Menteng","41952","106391","Paha Kulit Babi Potong Dadu","","Frozen","90"
"98","MTG - Menteng","6165","669264","Bawang Merah Super - Astro Farm","","Fresh","3"
"98","MTG - Menteng","43634","10000000000489","Shabu Slices Premium Grassfed MB2 Meatboys","","Frozen","90"
"98","MTG - Menteng","1347","8993351129105","Greenfields Fresh Milk Full Cream","L1-CHL-DC1-T2-2","Fresh","7"
"98","MTG - Menteng","5113","825449","Astro Bakers Korean Garlic Cheese Bun 50gr","","Fresh","1"
"98","MTG - Menteng","4966","984818","Ikan Dori Fillet Non Blood Line (NBL) Astro Farm","L1-FRZ-CF3-T1-K8-1","Frozen","60"
"98","MTG - Menteng","48624","10000000004914","Kacang Panjang Organik","BAD INBOUND","Fresh","1"
"98","MTG - Menteng","44809","10000000003852","Udang Kupas Vanamei Size M Astro Farm","","Frozen","90"
"98","MTG - Menteng","44694","10000000003766","Jeruk Medan Astro Farm 3-4 pcs","","Fresh","1"
"98","MTG - Menteng","47941","10000000004361","Kulit Ayam Organik Berkah Chicken","BADFRESH-1","Frozen","75"
"98","MTG - Menteng","27765","465207","Fresh Bites Honi Pineapple Buah Potong","BAD INBOUND","Fresh","1"
"98","MTG - Menteng","33788","397127","Truffle Pasta Astro Goods","","Fresh","15"
"98","MTG - Menteng","44665","10000000003801","Sayap Ayam Utuh Marinasi HOT Oke Chicken","","Frozen","90"
"98","MTG - Menteng","32428","8999898972297","Biokul Greek Yogurt Blueberry","","Fresh","7"
"98","MTG - Menteng","52039","10000000005812","Jeruk Imperial Astro Farm","L1-CHL-DC11-T3-2","Fresh","1"
"98","MTG - Menteng","2372","9556182023234","Cadbury Dairy Milk Chocolote","","Fresh","45"
"98","MTG - Menteng","42709","10000000000014","Kentang Ekonomis Astro Farm","","Fresh","1"
"98","MTG - Menteng","43237","10000000000119","Gurame Organik Fillet Wiratama","L1-FRZ-CF7-T2-K7-6","Frozen","20"
"98","MTG - Menteng","46206","10000000004144","Resep Roemah Bumbu Instant Anak Kuah Soto Betawi Saikoro","","Frozen","30"
"98","MTG - Menteng","32615","10196155","Kin Raw Dog Food Duck, Zucchini & Kale Makanan Anjing","","Fresh","45"
"98","MTG - Menteng","3070","309480","Udang Rebon","L1-FRZ-CF3-T2-K1-3","Frozen","75"
"98","MTG - Menteng","22593","604631","Spidey Swirl LemonDiscoFish x Astro Goods","","Frozen","30"
"98","MTG - Menteng","50607","8997207630791","Udang Java Sea Udang Laut PD/ Kupas Bersih 10/15","L1-FRZ-CF7-T2-K4-2","Frozen","90"
"98","MTG - Menteng","90","204642","Jambu Kristal Astro Farm 2-3 pcs","L1-AMF-RF7-T5-4","Fresh","1"
"98","MTG - Menteng","43686","8997228750102","Pick Me Telur Ayam Kampung Merah Omega","L1-AMD-A2-T5-1","Fresh","9"
"98","MTG - Menteng","44353","10000000003617","Strawberry Sweet Darling USA","","Fresh","1"
"98","MTG - Menteng","437","471497","Anggur Red Globe Astro Farm 450-500 gram","BAD INBOUND","Fresh","1"
"98","MTG - Menteng","5575","426732","Zukini Astro Farm","BAD INBOUND","Fresh","1"
"98","MTG - Menteng","21909","168242","Ikan Capelin Komochi Shishamo","L1-FRZ-CF7-T2-K5-3","Frozen","60"
"98","MTG - Menteng","42870","10000000000147","Roti Sobek Keju Astro Goods x Kiri Cheese","RACK-BAD","Fresh","2"
"98","MTG - Menteng","37010","745698","Bawang Putih Kupas Astro Farm","BAD INBOUND","Fresh","2"
"98","MTG - Menteng","8688","864608","Sweet Pear Astro Farm 3-6 pcs","BAD INBOUND","Fresh","1"
"98","MTG - Menteng","45368","10000000004081","MyFruits Sweet Pear","","Fresh","1"
"98","MTG - Menteng","47929","10000000004789","Hungry Alana Grass Fed Beef Bone Broth High Protein MPASI","L1-FRZ-CF8-T2-K8-3","Frozen","30"
"98","MTG - Menteng","48571","8997217040023","Lezza Chicken Karage","","Frozen","75"
"98","MTG - Menteng","46574","10000000004475","Tahu Towang Premium","","Fresh","2"
"98","MTG - Menteng","24900","919479","Oolong Apple Manatea x Astro Goods/Es Krim","","Frozen","7"
"98","MTG - Menteng","46179","10000000004309","Apel Fuji Astro Farm 1 pcs","","Fresh","1"
"98","MTG - Menteng","35555","839251","Telur Ayam Negeri Astro Farm","BAD INBOUND","Fresh","11"
"98","MTG - Menteng","33143","8993407212041","Cheesy Edam Flavour Cheese","L1-CHL-DC17-T4-13","Fresh","45"
"98","MTG - Menteng","3902","7499221145134","Heavenly Blush Tummy Blueberry Redbeet Yogurt Drink","L1-CHL-DC18-T2-9","Fresh","30"
"98","MTG - Menteng","31262","8994130900526","Ayam Nanas Chicken Katsu","L1-FRZ-CF8-T1-K5-1","Frozen","30"
"98","MTG - Menteng","24862","8991102716109","Amani Yogurt Drink Guava Yuzu/Yoghurt","","Fresh","90"
"98","MTG - Menteng","33097","8997014357485","Cedea Steamboat Set Tomyum","L1-FRZ-CF4-T1-K3-2","Frozen","30"
"98","MTG - Menteng","43854","8997214670308","Ahaay Cilok Keju Kuah","","Frozen","14"
"98","MTG - Menteng","20997","8993200661299","Cimory Yogurt Drink Lychee","L1-CHL-DC18-T2-11","Fresh","35"
"98","MTG - Menteng","31822","8993207181035","Fiesta Sausage Original Sosis","","Frozen","45"
"98","MTG - Menteng","44231","10000000003591","Baby Sawi Putih Astro Farm","","Fresh","1"
"98","MTG - Menteng","24829","564191","La Maison De Pierre Kouign Amann Garlic Cheese Pastry Frozen","","Fresh","30"
"98","MTG - Menteng","23950","8999999595784","Cornetto Pop Mini Popcorn & Caramel 12 x 28 ml - Es Krim Walls","","Frozen","75"
"98","MTG - Menteng","2965","8993492101121","Golden Farm French Fries Crinkle Cut","L1-FRZ-CF11-T2-K7-1","Frozen","45"
"98","MTG - Menteng","28338","142217","Samcan Daging Babi","","Frozen","90"
"98","MTG - Menteng","41429","726102","Bumbu Sendok Bumbu Dasar Putih","","Fresh","21"
"98","MTG - Menteng","5701","940683","Kim's Tahu Non GMO","L1-CHL-DC16-T2-3","Fresh","2"
"98","MTG - Menteng","100","8993200666935","Cimory Squeeze Original Yogurt","","Fresh","45"
"98","MTG - Menteng","3717","646074","Jahe Merah - Astro Farm","","Fresh","1"
"98","MTG - Menteng","45722","10000000004219","Lengkuas Ekonomis Astro Farm","","Fresh","1"
"98","MTG - Menteng","40953","443105","Raw Pet Gourmet Minis Duck Coconut & Parsley Makanan Anjing Basah","","Fresh","30"
"98","MTG - Menteng","36594","726978","Kepiting Soka 3-5 Ekor Astro Farm 450-500gram","","Frozen","75"
"98","MTG - Menteng","8028","768512","Spicy Garlic Mayo Astro Goods","","Fresh","60"
"98","MTG - Menteng","41652","134157","Klepon Delight Gelato Astro Goods x Oma Elly","","Frozen","7"
"98","MTG - Menteng","47345","8997009742517","Sumber Selera Bakso Cup Original 50g","","Frozen","100"
"98","MTG - Menteng","8185","101044","Homelab Bottled Sakura Latte","","Fresh","1"
"98","MTG - Menteng","47620","8994457140131","Pawmeals Sensitive Series Bon Rabbetit Cooked Makanan Anjing Basah","L1-FRZ-CF13-T1-K7-4","Frozen","30"
"98","MTG - Menteng","31520","669062","Pear Celina Astro Farm 4-6 pcs","","Fresh","1"
"98","MTG - Menteng","27767","685400","Fresh Bites Crystal Guava Buah Potong","","Fresh","1"
"98","MTG - Menteng","42000","344697","Daging Sapi Rendang Premium Astro Farm","","Frozen","90"
"98","MTG - Menteng","35865","8994456400045","Fresh Anchovies Crystal Of The Sea Teri Nasi","L1-FRZ-CF7-T2-K7-4","Frozen","60"
"98","MTG - Menteng","22379","939952","Brokoli Ekonomis Astro Farm","BAD INBOUND","Fresh","1"
"98","MTG - Menteng","1267","8992907110017","Sari Roti Tawar Special","BAD INBOUND","Fresh","2"
"98","MTG - Menteng","44811","10000000003856","Udang Kupas Vanamei Size S Astro Farm","","Frozen","90"
"98","MTG - Menteng","52039","10000000005812","Jeruk Imperial Astro Farm","","Fresh","1"
"98","MTG - Menteng","5619","897361","Dada Ayam Utuh BestChicken/Chicken Breast 450 - 550gr","","Frozen","45"
"98","MTG - Menteng","31399","582590","Sambal Bawang Astro Goods","","Fresh","15"
"98","MTG - Menteng","50930","10000000005253","Eat Me Brand Asian Garden Salad with Tomato","","Fresh","1"
"98","MTG - Menteng","33977","8992907995928","Sari Kue Steam Cake Cheese Cake","L2-AMD-G5-T4-3","Fresh","3"
"98","MTG - Menteng","2557","162785","Sawi Putih Astro Farm","BAD INBOUND","Fresh","1"
"98","MTG - Menteng","3852","858622","Acaii Tea Anti-flu Shot","","Fresh","2"
"98","MTG - Menteng","6","109093","Alpukat Mentega Astro Farm 2-4 pcs","BADFRESH-1","Fresh","1"
"98","MTG - Menteng","4697","670082","Oma Elly Bolognese Sauce","","Fresh","90"
"98","MTG - Menteng","44717","10000000003708","Inbolic Sugar-Free Sweet Chili Sauce","L1-CHL-DC14-T5-10","Fresh","90"
"98","MTG - Menteng","45250","10000000004059","Bawang Mix Merah Putih Kupas Astro Farm","","Fresh","1"
"98","MTG - Menteng","29560","849610","Ikan Kerapu Bersih (2-3 pcs)","","Frozen","75"
"98","MTG - Menteng","43427","10000000000242","Burger Bun A Basics 4pcs","BAD INBOUND","Fresh","2"
"98","MTG - Menteng","42301","8999999610142","Walls Paddle Pop Jiggly Jelly Stroberi","L1-FRZ-CF10-T2-K2-6","Frozen","60"
"98","MTG - Menteng","48249","9555894514610","Tasty Sea Gourmet Seafood Bean Curd Roll","","Frozen","216"
"98","MTG - Menteng","52566","10000000005879","Pisang Cavendish Chibi Shine 5-9 pcs","BAD INBOUND","Fresh","1"
"98","MTG - Menteng","1682","8993351129419","Greenfields Fresh Milk Skimmed","","Fresh","7"
"98","MTG - Menteng","35877","649668","Tahu Cina","DC-BADSTOCK-38","Fresh","2"
"98","MTG - Menteng","4430","8998866820325","Glico Wings Haku Blueberry Cheese Cake Cup","L1-FRZ-CF6-T1-K4-3","Frozen","75"
"98","MTG - Menteng","50191","51934710411","California Select Farm Parmesan Shredded Cheese USA 8oz","L1-CHL-DC18-T3-14","Fresh","40"
"98","MTG - Menteng","32415","8993406800805","Yummy Plain Yogurt","","Fresh","21"
"98","MTG - Menteng","3609","259986","Pakchoy - Astro Goods/Bokchoy/Pokchoy","","Fresh","1"
"98","MTG - Menteng","50389","8721274611434","Wall's Populaire Lychee Yoghurt Ice Cream","BADFRESH-1","Frozen","90"
"98","MTG - Menteng","40828","152337","Tomat Cherry Kuning Astro Farm","L1-CHL-DC13-T3-6","Fresh","1"
"98","MTG - Menteng","1935","263837","Pear Xiang Lie Astro Farm 3-4 pcs","L1-CHL-DC9-T1-8","Fresh","1"
"98","MTG - Menteng","22715","423618","Bebek Goreng Astro Goods x Bebek Goreng Crispy Begok","","Fresh","2"
"98","MTG - Menteng","31528","8997205335322","Telur Puyuh","L1-AMD-A2-T2-1","Fresh","7"
"98","MTG - Menteng","3383","776896","Beau Bakery Butter Croissant 1pcs","","Fresh","1"
"98","MTG - Menteng","36376","299083","Lidah Indo Rendang Ayam","","Fresh","29"
"98","MTG - Menteng","20991","678313","Mantao Astro Goods x Shun Lee Palace","","Frozen","30"
"98","MTG - Menteng","25640","463403","Kiwi Red Sweet Astro Farm 5-6 pcs","","Fresh","2"
"98","MTG - Menteng","8001","768893","Latteria x Astro - Madeon Salt Toffee Gelato 90 ml","","Frozen","1"
"98","MTG - Menteng","32431","8999898975748","Biokul To Go Plain Yogurt","","Fresh","7"
"98","MTG - Menteng","7172","8997014450575","Prochiz Mayo Salad Dressing","","Fresh","90"
"98","MTG - Menteng","21767","194770","Jeruk Baby Lokal Astro Farm 3-4 pcs","L1-AMF-RF4-T3-1","Fresh","1"
"98","MTG - Menteng","21908","127010","Tobiko Orange","","Frozen","75"
"98","MTG - Menteng","44708","10000000003744","Azaki Tempe Mendoan dan Tepung 3 pcs","","Fresh","2"
"98","MTG - Menteng","43653","10000000000491","Daun Ketumbar Organik","L1-CHL-DC6-T1-7","Fresh","1"
"98","MTG - Menteng","44657","10000000003764","Pisang Ambon Astro Farm 6-7 pcs","BAD INBOUND","Fresh","1"
"98","MTG - Menteng","43427","10000000000242","Burger Bun A Basics 4pcs","L2-AMD-G6-T3-1","Fresh","2"
"98","MTG - Menteng","45250","10000000004059","Bawang Mix Merah Putih Kupas Astro Farm","L1-AMF-RF8-T3-3","Fresh","1"
"98","MTG - Menteng","32010","298885","Anggur Hijau Sugar Crisp Less Seed Astro Farm","","Fresh","1"
"98","MTG - Menteng","30326","251833","Mini Diva Crunch Astro Goods x Dough Lab","L1-CHL-DC2-T2-21","Fresh","15"
"98","MTG - Menteng","24463","8997207521655","Tasty Fries Crinkle Cut Plain French Fries","","Frozen","45"
"98","MTG - Menteng","5745","8997241510035","Tenderloin Meltique Ryou Pouch","","Frozen","90"
"98","MTG - Menteng","43575","10000000000424","Tenderloin AUS Premium Grassfed Grade PRS","","Frozen","90"
"98","MTG - Menteng","41429","726102","Bumbu Sendok Bumbu Dasar Putih","L1-FRZ-CF8-T2-K8-2","Fresh","21"
"98","MTG - Menteng","43459","8997022060506","IL Gelato Green Tea Chocolate Coat Ice Cream Stick","","Frozen","60"
"98","MTG - Menteng","47950","10000000004364","Fillet Paha Organik Berkah Chicken 500gram","L1-FRZ-CF5-T1-K6-4","Frozen","75"
"98","MTG - Menteng","50363","10000000005344","The Good Harvest Kangkung Hidroponik","L1-CHL-DC3-T3-8","Fresh","1"
"98","MTG - Menteng","612","777749","Pepaya California Astro Farm 1 pcs","RACK-BAD","Fresh","1"
"98","MTG - Menteng","34122","687293","Moon Cake Keju Ang Hap Siang","","Fresh","12"
"98","MTG - Menteng","43456","8997022060520","IL Gelato Vanilla Chocolate Ice Cream Stick","","Frozen","60"
"98","MTG - Menteng","1699","8999898968139","Diamond Juice Cranberry","","Fresh","60"
"98","MTG - Menteng","44821","10000000003867","Pare Astro Farm","BAD INBOUND","Fresh","1"
"98","MTG - Menteng","2316","784411","Daging Babi Giling","L1-FRZ-CF13-T1-K6-8","Frozen","90"
"98","MTG - Menteng","646","807866","Wortel Berastagi Astro Farm","","Fresh","1"
"98","MTG - Menteng","3599","933122","Paket Masak Sayur Asem - Astro Goods","L1-CHL-DC23-T4-7","Fresh","2"
"98","MTG - Menteng","1341","8993351120102","Greenfields Blueberry Yogurt","","Fresh","7"
"98","MTG - Menteng","6388","258897","Paket Masak Rendang Kentang Jamur X Royco","","Fresh","1"
"98","MTG - Menteng","44695","10000000003770","Jeruk Nipis Astro Farm 3-5 pcs","BAD INBOUND","Fresh","1"
"98","MTG - Menteng","43737","10000000000526","Mangga Manalagi Astro Farm 2-3 pcs","BADFRESH-1","Fresh","1"
"98","MTG - Menteng","2319","476687","Cabe Hijau Keriting - Astro Farm","","Fresh","1"
"98","MTG - Menteng","28231","8995229804121","Belfoods Royal Beef Frankfurter Sausages","L1-FRZ-CF1-T2-K8-4","Frozen","60"
"98","MTG - Menteng","40384","149221","Sirsak 1 pcs","BADFRESH-1","Fresh","1"
"98","MTG - Menteng","45360","10000000003998","Paru Rebus Slice Ekonomis","L1-FRZ-CF12-T2-K7-3","Frozen","90"
"98","MTG - Menteng","237","381102","Minori Strawberry Lokal Super","","Fresh","1"
"98","MTG - Menteng","6006","8993200661176","Cimory Greek Yogurt Plain","L1-CHL-DC19-T2-5","Fresh","28"
"98","MTG - Menteng","37521","331275","Azaki Tempe","BAD INBOUND","Fresh","2"
"98","MTG - Menteng","45293","10000000004037","Wortel Berastagi Stick Astro Farm","","Fresh","1"
"98","MTG - Menteng","4810","5704025026940","Emborg USA Cream Cheese 226gr","","Fresh","60"
"98","MTG - Menteng","50148","8999898969181","Brookfarm Chocolate Ice Cream","","Frozen","150"
"98","MTG - Menteng","51078","8994046010104","My Roti Tawar Gandum High Fiber 10 Slice","L2-AMD-G6-T6-3","Fresh","3"
"98","MTG - Menteng","46404","8995555118237","Kimbo Gold Plus Bratwurst Original Isi 6","","Frozen","45"
"98","MTG - Menteng","684","850850","Bakso Warisan Ibu Super Halus 20 pcs","","Frozen","45"
"98","MTG - Menteng","34050","340214","Sayap Ayam Utuh Astro Farm","L1-FRZ-CF2-T1-K3-3","Frozen","60"
"98","MTG - Menteng","44928","10000000003955","Labu Siam Acar Ekonomis Astro Farm","","Fresh","1"
"98","MTG - Menteng","2366","820451","Kol Putih Astro Farm","L1-CHL-DC7-T1-3","Fresh","1"
"98","MTG - Menteng","32598","8998009070044","Kraft Singles Keju Slice 5's","","Fresh","36"
"98","MTG - Menteng","5462","765677","Bunga Pepaya Astro Farm","","Fresh","1"
"98","MTG - Menteng","31490","344249","Ikan Bawal Tawar","L1-FRZ-CF7-T1-K2-2","Frozen","60"
"98","MTG - Menteng","45048","7499221212645","Heavenly Blush Miruku Lactose Free Fresh Milk","","Fresh","4"
"98","MTG - Menteng","41336","354349","Daging Slice Dendeng Astro Farm","BADFRESH-1","Frozen","90"
"98","MTG - Menteng","35182","486820","Ayam Kampung Organik Probiotik+Jamu Regular Hona Farm","L1-FRZ-CF5-T1-K1-3","Frozen","75"
"98","MTG - Menteng","43420","10000000000288","Daging Sapi Giling Low Fat Import Imperfect","","Frozen","90"
"98","MTG - Menteng","6139","8999999576608","Walls Blast Choco Cheesy Ice Cream","","Frozen","45"
"98","MTG - Menteng","44495","10000000003693","Thai Coconut Pudding Astro Goods","L1-CHL-DC1-T5-10","Fresh","2"
"98","MTG - Menteng","22924","286731","Apple Chips - Astro Goods","","Fresh","30"
"98","MTG - Menteng","1934","359270","Jeruk Mandarin Honey Murcot Less Seed Astro Farm 5-9 pcs","","Fresh","1"
"98","MTG - Menteng","4432","8998866820455","Glico Wings Haku Tiramisu","","Frozen","75"
"98","MTG - Menteng","31276","8999898975793","Biokul To Go Mixberry Yogurt","L1-CHL-DC20-T4-1","Fresh","45"
"98","MTG - Menteng","47372","8993207251349","Boneless Duck Breast CP","","Frozen","60"
"98","MTG - Menteng","44142","8995102704265","Mamasuka Chicken Wings Cheese Buldak","","Frozen","60"
"98","MTG - Menteng","8967","106121","Bumbu Dasar Merah Astro Goods","BADFRESH-1","Fresh","9"
"98","MTG - Menteng","46999","8993492101039","Golden Farm Mixed Vegetable Sayuran Beku","","Frozen","45"
"98","MTG - Menteng","36702","8990114000602","Campina Es Krim Cashew Nut","","Frozen","30"
"98","MTG - Menteng","3140","684237","Strawberry Sweetbaby - Astro Farm","","Fresh","1"
"98","MTG - Menteng","5832","299068","Udang Kupas Vanamei Size L Astro Farm","L1-FRZ-CF3-T1-K2-1","Frozen","90"
"98","MTG - Menteng","31907","8851932460125","Walls Calippo Red Strawberry","","Frozen","90"
"98","MTG - Menteng","43442","10000000000302","Wortel Organik","L1-CHL-DC13-T3-5","Fresh","1"
"98","MTG - Menteng","45034","8999898300076","Diamond Fresh Milk Chocolate","","Fresh","7"
"98","MTG - Menteng","4758","6194008610010","Kurma Tunisia Palm Fruit","","Fresh","30"
"98","MTG - Menteng","44240","10000000003564","Farmer Eggs Telur Ayam Omega Organik","L1-CHL-DC23-T5-1","Fresh","7"
"98","MTG - Menteng","43344","10000000000097","Corndough Original Eonnie Kitchen","","Frozen","30"
"98","MTG - Menteng","30574","8994046110156","My Roti Danish Roll Triple Cheese","","Fresh","2"
"98","MTG - Menteng","20989","262650","Dumpling Ayam & Udang  Astro Goods x Shun Lee Palace","","Frozen","30"
"98","MTG - Menteng","46515","8997020831955","D'Lanier Milk Chocolate Cruffles isi 5 sachet","","Fresh","45"
"98","MTG - Menteng","50332","10000000005241","Tuna Saku Fillet","L1-FRZ-CF7-T2-K1-2","Frozen","75"
"98","MTG - Menteng","6041","8997215310340","SHB Durian Monthong Thai Frozen Premium","","Frozen","90"
"98","MTG - Menteng","35865","8994456400045","Fresh Anchovies Crystal Of The Sea Teri Nasi","","Frozen","60"
"98","MTG - Menteng","4052","472728","Paket Masak Sapo Tahu Astro Goods","L1-CHL-DC23-T3-9","Fresh","2"
"98","MTG - Menteng","42229","8997014350240","Cedea Eomuk Bar Veggie","","Frozen","60"
"98","MTG - Menteng","36214","774302","[Bumbu Sendok x Ladang Lima] Tepung Bumbu 150gr + Refill Bumbu Dasar Putih 200gr","","Fresh","12"
"98","MTG - Menteng","3616","431314","Bayam Hijau Hydroponic Astro Farm","","Fresh","1"
"98","MTG - Menteng","45460","8993200670314","Cimory Yogurt Stick Orange 25 pcs x 40 gr","","Fresh","45"
"98","MTG - Menteng","21494","8994130900038","Paha Ayam Boneless Sreeya","L1-FRZ-CF9-T1-K2-2","Frozen","45"
"98","MTG - Menteng","33229","8997033430084","Shinshuichi Enachan Miso Tauco Putih Khas Jepang","L1-CHL-DC14-T4-6","Fresh","90"
"98","MTG - Menteng","297","449507","Daun Seledri Astro Farm","L1-CHL-DC6-T5-4","Fresh","1"
"98","MTG - Menteng","45722","10000000004219","Lengkuas Ekonomis Astro Farm","L1-AMF-RF8-T5-6","Fresh","1"
"98","MTG - Menteng","43255","10000000000249","Acaii Tea Kids Jelly Lemon","","Fresh","2"
"98","MTG - Menteng","27770","759301","Jeruk Clemen Gold  Astro Farm","L1-CHL-DC11-T2-3","Fresh","1"
"98","MTG - Menteng","41336","354349","Daging Slice Dendeng Astro Farm","","Frozen","90"
"98","MTG - Menteng","42865","7499221243144","Heavenly Blush Yoguruto Lemon Yogurt Drink","","Fresh","45"
"98","MTG - Menteng","46928","10000000004492","Yakiniku Prime Beef Slice Astro Farm Signature","","Frozen","90"
"98","MTG - Menteng","3633","890726","Siomak Hydroponic Astro Farm","L1-CHL-DC4-T4-5","Fresh","1"
"98","MTG - Menteng","49625","661706051330","Lurpak Spreadable Unsalted Butter 10pcs x 8gr","L1-CHL-DC18-T1-2","Fresh","45"
"98","MTG - Menteng","47092","10000000004572","Cabe Keriting Mix Merah Hijau Astro Farm","L1-CHL-DC5-T5-8","Fresh","1"
"98","MTG - Menteng","48501","10000000004860","Little Harvest Nila Fillet Bumbu Kuning","L1-FRZ-CF8-T1-K9-2","Frozen","45"
"98","MTG - Menteng","6109","299482","Black Angus Ribeye Steak AUS Meat Boys","","Frozen","90"
"98","MTG - Menteng","46403","8995555217312","Kimbo Smoked Beef 200 gram","","Frozen","45"
"98","MTG - Menteng","35377","8994130900717","Belfoods Royal Nugget Mozzalicious","","Frozen","45"
"98","MTG - Menteng","47230","8997232420275","Dada Ayam Garlic Mooyam MOON MATE","","Frozen","90"
"98","MTG - Menteng","9068","8993200345526","Kanzler Bockwurst Sausages","","Frozen","45"
"98","MTG - Menteng","30407","8999898976837","Diamond Ice Cream Es Doger/Es Krim","","Frozen","90"
"98","MTG - Menteng","140","271064","Kelengkeng Import Astro Farm","L1-CHL-DC8-T1-1","Fresh","1"
"98","MTG - Menteng","37654","800613","Daging Slice Meltique Import","","Frozen","90"
"98","MTG - Menteng","22368","370752","Jamur Swiss Brown Astro Farm","L1-CHL-DC15-T3-6","Fresh","2"
"98","MTG - Menteng","50694","10000000005349","Golden Natura Red Dragon Fruit Frozen","","Frozen","60"
"98","MTG - Menteng","48276","97923543233","Natural Delights Premium Kurma Medjool","","Fresh","30"
"98","MTG - Menteng","52203","10000000005727","Acaii Overnight Oats Chocolate Banana","","Fresh","1"
"98","MTG - Menteng","41334","368584","Rebung Astro Farm","","Fresh","1"
"98","MTG - Menteng","1691","8998866820271","Glico Wings Haku Matcha Monaka","","Frozen","75"
"98","MTG - Menteng","4396","8859129902540","All Coco Coconut Snowball","","Fresh","75"
"98","MTG - Menteng","18714","4002309006567","Ceres Choco Hazelnut Spread","","Fresh","54"
"98","MTG - Menteng","35282","8990114000336","Campina Hula Hula Alpukat","L1-FRZ-CF6-T2-K3-4","Frozen","30"
"98","MTG - Menteng","6716","704862","Roti Tawar MultiGrain So Cube","","Fresh","1"
"98","MTG - Menteng","43656","10000000000494","Jagung Manis Organik","L1-CHL-DC13-T2-6","Fresh","1"
"98","MTG - Menteng","23607","882312","[INVALID] - Giggly Coco Fresh Young Coconut/Kelapa Muda 1200gram","","Fresh","3"
"98","MTG - Menteng","10921","8991001111777","Silverqueen Chunky Bar with Almond Cokelat","","Fresh","30"
"98","MTG - Menteng","44491","8994457140261","Pawmeals Sensitive Series Porkpaparazzi Cooked Makanan Anjing Basah","","Frozen","30"
"98","MTG - Menteng","3618","868536","Bayam Merah Hydroponic Astro Farm","","Fresh","1"
"98","MTG - Menteng","22723","197686","Plum Angelino Astro Farm 4-7 pcs","","Fresh","1"
"98","MTG - Menteng","50606","10000000005401","Jagung Salju Astro Farm 1 pcs","","Fresh","1"
"98","MTG - Menteng","5935","8997238580034","Deli & Co Japanese Roll Cake Chocolate","","Fresh","60"
"98","MTG - Menteng","113","230171","Lemon California Lokal Astro Farm 5-7 pcs","L1-AMF-RF7-T4-1","Fresh","1"
"98","MTG - Menteng","42212","514360","Escobark Goat Milk For Dog & Cats","L1-FRZ-CF13-T2-K1-9","Fresh","30"
"98","MTG - Menteng","44708","10000000003744","Azaki Tempe Mendoan dan Tepung 3 pcs","L1-CHL-DC16-T4-8","Fresh","2"
"98","MTG - Menteng","5985","8993351120416","Greenfields Strawberry Yogurt Drink","","Fresh","35"
"98","MTG - Menteng","31813","151000","Salmon Belly","L1-FRZ-CF7-T1-K1-3","Frozen","60"
"98","MTG - Menteng","270","9415007301578","Anchor Salted Butter","","Fresh","15"
"98","MTG - Menteng","40708","737712","Fumak Astro Farm","BAD INBOUND","Fresh","1"
"98","MTG - Menteng","6623","207454","Pisang Ambon Astro Farm 1 Sisir","","Fresh","1"
"98","MTG - Menteng","3838","784404","Pear Singo Premium Size L Astro Farm 1 pcs","BAD INBOUND","Fresh","1"
"98","MTG - Menteng","23825","728823","Latteria x Astro Goods Tropicana Paradise Blast 4 Oz","","Frozen","30"
"98","MTG - Menteng","4923","576515","NoPre Mama's Kimchi Lobak","L1-CHL-DC14-T4-8","Fresh","28"
"98","MTG - Menteng","7478","380562","Ayam Kampung Organik Probiotik+Jamu Regular 700-800gr LactoFarm","","Frozen","75"
"98","MTG - Menteng","35363","8991071682443","Green Rebel Truffle Cheeze Keju Nabati","","Fresh","90"
"98","MTG - Menteng","46624","8991999113012","Milk Life Fresh Milk Strawberry Banana","","Fresh","7"
"98","MTG - Menteng","8926","512642","Come-Xia Salted Egg Yolk Bao","","Frozen","7"
"98","MTG - Menteng","48242","8997014450995","Prochiz Quick Melt Cheddar Keju Slice 10’s","","Fresh","45"
"98","MTG - Menteng","6361","69704087","Es Batu Kristal","","Fresh","60"
"98","MTG - Menteng","4064","742843","Ubi Ungu - Astro Farm","","Fresh","1"
"98","MTG - Menteng","355","7499221164173","Heavenly Blush Greek Yogurt Granola","","Fresh","12"
"98","MTG - Menteng","2536","8993406102503","Yummy Cream Cheese","L1-CHL-DC19-T4-7","Fresh","35"
"98","MTG - Menteng","4079","743057","Ayam Kampung Parting 8 Frozen Astro Farm","L1-FRZ-CF2-T1-K5-1","Frozen","60"
"98","MTG - Menteng","48034","8992907996307","Sari Roti Tawar Milky Soft Jumbo","BADFRESH-1","Fresh","2"
"98","MTG - Menteng","2426","8993110050923","So Good Spicy Wing Ayam Bumbu","","Frozen","45"
"98","MTG - Menteng","44234","10000000003585","Selada Keriting Konvensional Astro Farm","BAD INBOUND","Fresh","1"
"98","MTG - Menteng","33947","8993200669240","Cimory Bites Yuzu Yogurt","L1-CHL-DC18-T5-11","Fresh","45"
"98","MTG - Menteng","31706","9310052551216","Bega Cheddar Cheese Extra Tasty","","Fresh","21"
"98","MTG - Menteng","5083","8993207222622","CP Bebek Muda 1-1.1kg","","Frozen","75"
"98","MTG - Menteng","6111","607415","Cumi Sero Astro Farm","","Frozen","60"
"98","MTG - Menteng","24827","128288","La Maison De Pierre Croissant Cheese Premium Pastry Frozen","","Fresh","30"
"98","MTG - Menteng","6569","8991001111791","Silverqueen Bites Dark Chocolate","L1-CHL-DC2-T1-34","Fresh","90"
"98","MTG - Menteng","40934","8997016810018","Monggo Dark Chocolate 58% of Cocoa Bar","L1-CHL-DC2-T1-33","Fresh","30"
"98","MTG - Menteng","6508","385201","Ikan Nila Merah Bersih Utuh Astro Farm","","Frozen","60"
"98","MTG - Menteng","36221","661706051286","Lurpak Christmas Bundle Unsalted Butter 2x200gr","","Fresh","45"
"98","MTG - Menteng","31955","392486","Kacang Edamame Astro Farm","BAD INBOUND","Fresh","1"
"98","MTG - Menteng","33663","8993175568357","Richeese Factory Crunchy Bubble Crumb Nugget","","Frozen","45"
"98","MTG - Menteng","28816","186132","Bumbu Ngohiong Astro Goods","","Fresh","90"
"98","MTG - Menteng","28816","186132","Bumbu Ngohiong Astro Goods","L2-AMD-B9-T2-5","Fresh","90"
"98","MTG - Menteng","53","161778","Cabe Hijau Keriting Astro Farm","","Fresh","1"
"98","MTG - Menteng","1857","8801104170116","Binggrae Samanco Chocolate Ice Cream","","Frozen","75"
"98","MTG - Menteng","41430","185272","Bumbu Sendok Bumbu Dasar Hijau","","Fresh","21"
"98","MTG - Menteng","24761","186290","Ikan Tuna Steak Astro Farm","L1-FRZ-CF7-T1-K4-1","Frozen","60"
"98","MTG - Menteng","3853","848083","Acaii Honey Lemon Jelly","","Fresh","60"
"98","MTG - Menteng","22061","5285001155774","Ikan Tongkol Pindang Pouch Delta Foods","","Fresh","120"
"98","MTG - Menteng","5931","8997228750218","Pick Me Telur Bebek Asin Bakar","","Fresh","7"
"98","MTG - Menteng","5007","735131","Paket Masak Ayam Woku - Astro Goods","","Fresh","1"
"98","MTG - Menteng","48611","8997241671125","Ayam Probiotik Delights Ciken Utuh Potong 8 900-1000gram","L1-FRZ-CF5-T1-K3-4","Frozen","75"
"98","MTG - Menteng","9199","8992994110143","Yakult Light Less Sugar Minuman Probiotik","L1-CHL-DC1-T1-2","Fresh","7"
"98","MTG - Menteng","23313","988961","Melon Pico Premium Size XL","","Fresh","1"
"98","MTG - Menteng","5119","312883","Astro Baristas Fresh Taro","","Fresh","0"
"98","MTG - Menteng","31110","8994130900144","Kulit Ayam Sreeya","","Frozen","75"
"98","MTG - Menteng","40384","149221","Sirsak 1 pcs","L1-AMF-RF7-T5-1","Fresh","1"
"98","MTG - Menteng","21494","8994130900038","Paha Ayam Boneless Sreeya","","Frozen","45"
"98","MTG - Menteng","42643","10000000000064","Cabe Merah Rawit Ekonomis Astro Farm","L1-CHL-DC5-T2-7","Fresh","1"
"98","MTG - Menteng","1605","8999999005689","Walls Magnum Classic Belgian Chocolate","BAD INBOUND","Frozen","90"
"98","MTG - Menteng","263","3161911364531","Elle & Vire Unsalted Butter Packed","","Fresh","30"
"98","MTG - Menteng","4118","470662","Astro X Doux Batter Cookies Shot Box of 4 500gr","","Fresh","0"
"98","MTG - Menteng","40829","667573","Bawang Bombay Ekonomis Astro Farm","","Fresh","2"
"98","MTG - Menteng","27249","270242","Sum Sum Tulang Sapi Import Astro Farm","L1-FRZ-CF12-T1-K8-1","Frozen","90"
"98","MTG - Menteng","52223","10000000005836","Kimpul Astro Farm","L1-AMF-RF8-T2-3","Fresh","1"
"98","MTG - Menteng","32446","8993492101060","Golden Farm French Fries Crinkle Cut","L1-FRZ-CF11-T2-K5-3","Frozen","45"
"98","MTG - Menteng","48000","10000000004265","Ayam Broiler 8 Potong Astro Farm 900-1000gram","","Frozen","90"
"98","MTG - Menteng","6726","456541","Labu Siam Acar Astro Farm","BAD INBOUND","Fresh","1"
"98","MTG - Menteng","49607","8993492101800","Perfetto Mozzarella Cheese","L1-CHL-DC18-T1-11","Fresh","45"
"98","MTG - Menteng","4186","819165","Jumpstart Hot Dark Chocolate ( Hot Coffee )","","Fresh","75"
"98","MTG - Menteng","43111","10000000000144","Daun Jeruk Astro Farm","","Fresh","1"
"98","MTG - Menteng","3386","865564","Jeruk Mandarin Shantang Madu Seedless Astro Farm","","Fresh","1"
"98","MTG - Menteng","44017","10000000000701","Baby Pakcoy Konvensional Astro Farm","BAD INBOUND","Fresh","1"
"98","MTG - Menteng","42342","9421016151493","Westgold Unsalted Butter","","Fresh","45"
"98","MTG - Menteng","3847","530694","Daun Mint Astro Farm","BAD INBOUND","Fresh","1"
"98","MTG - Menteng","5432","8997231850073","Mujigae Jajang Topokki Saus Kedelai Hitam","","Fresh","45"
"98","MTG - Menteng","41186","8991728000897","Joyday Duo Delight Cookies Cream & Dark Chocolate","","Frozen","30"
"98","MTG - Menteng","2557","162785","Sawi Putih Astro Farm","","Fresh","1"
"98","MTG - Menteng","48566","8990114000053","Campina O Cheesecake","L1-FRZ-CF6-T2-K6-6","Frozen","300"
"98","MTG - Menteng","27762","432282","Strawberry Korea Astro Farm","","Fresh","1"
"98","MTG - Menteng","6135","776248","Lafresa Strawberry Grade A","L1-CHL-DC10-T3-1","Fresh","1"
"98","MTG - Menteng","6778","8992907910037","Sari Roti Burger Bun","L2-AMD-G4-T3-2","Fresh","2"
"98","MTG - Menteng","37019","504365","Escobark Makanan Basah Anjing Rasa Sapi","","Fresh","60"
"98","MTG - Menteng","47938","10000000004353","Paha Ayam Giling Astro Farm 250gram","L1-FRZ-CF2-T2-K4-5","Frozen","90"
"98","MTG - Menteng","728","8999898299035","Diamond Fresh Milk Plain","","Fresh","7"
"98","MTG - Menteng","31520","669062","Pear Celina Astro Farm 4-6 pcs","L1-CHL-DC9-T4-2","Fresh","1"
"98","MTG - Menteng","1761","8997014356198","Cedea Fish Cake Oval Premium","","Fresh","30"
"98","MTG - Menteng","23727","8995229801595","Belfoods Royal Cordon Bleu","L1-FRZ-CF1-T2-K3-5","Frozen","45"
"98","MTG - Menteng","32186","9915500101106","Bernardi Beef Burger","","Frozen","45"
"98","MTG - Menteng","30562","775161","Ikan Gabus Air Tawar","L1-FRZ-CF3-T1-K4-1","Frozen","60"
"98","MTG - Menteng","48422","100104","Bolekaka Dimsum Favorit","","Frozen","40"
"98","MTG - Menteng","25837","975509","Ikan Salmon Giling","L1-FRZ-CF7-T2-K7-1","Frozen","60"
"98","MTG - Menteng","46174","10000000004288","Anggur Red Globe Astro Farm","","Fresh","1"
"98","MTG - Menteng","41316","541173","Fillet Dada Ayam Astro Farm","","Frozen","75"
"98","MTG - Menteng","7280","8997215450688","Kleanmie Shirataki Noodle Mala","","Fresh","90"
"98","MTG - Menteng","30508","443412","Belut Tanpa Kepala","L1-FRZ-CF3-T2-K3-1","Frozen","60"
"98","MTG - Menteng","48021","8994130900656","Ayam Nanas Fillet Sreeya","","Frozen","30"
"98","MTG - Menteng","3601","352275","Paket Masak Capcay Astro Goods","","Fresh","2"
"98","MTG - Menteng","44144","8995102704340","Mamasuka Nugget Premium","","Frozen","80"
"98","MTG - Menteng","46198","10000000004412","Ubi Cilembu Organik","L1-AMF-RF8-T2-4","Fresh","1"
"98","MTG - Menteng","8688","864608","Sweet Pear Astro Farm 3-6 pcs","L1-CHL-DC9-T4-6","Fresh","1"
"98","MTG - Menteng","46625","8991999115610","Milk Life Fresh Milk Lactose Free Choco Hazelnut","","Fresh","7"
"98","MTG - Menteng","5933","8997238580010","Deli & Co Double Choux Chocolate Pastry","","Fresh","60"
"98","MTG - Menteng","48625","10000000004917","Cabe Merah Besar Organik","","Fresh","1"
"98","MTG - Menteng","32198","8998866820608","Glico Wings Frostbite Strawberry Vanilla Cup","","Frozen","90"
"98","MTG - Menteng","48498","7499221244363","Heavenly Blush Greek Yogurt Honey","","Fresh","7"
"98","MTG - Menteng","50028","10000000005223","Hyoshii Strawberry Premium Hatsu Hana 6 pcs","L1-CHL-DC10-T4-3","Fresh","1"
"98","MTG - Menteng","43243","8994036531336","Aroma Pork Salami","","Frozen","90"
"98","MTG - Menteng","44893","2030000003","Bu Rudy Sambal Bajak","","Fresh","7"
"98","MTG - Menteng","43514","10000000000311","Baby Bayam Hydroponic Astro Farm","","Fresh","1"
"98","MTG - Menteng","51506","10000000005590","Bunga Genjer","L1-CHL-DC7-T2-10","Fresh","1"
"98","MTG - Menteng","40972","8997018650834","Karawaci Otak-Otak Ikan Panjang","L1-FRZ-CF4-T2-K7-7","Frozen","45"
"98","MTG - Menteng","4136","8993200667772","Kanzler Original Cocktail Sausages","L1-FRZ-CF8-T1-K5-3","Frozen","45"
"98","MTG - Menteng","7815","8851932426077","Walls Carte D'Or Dark Chocolate Ice Cream/Es Krim Walls","","Frozen","45"
"98","MTG - Menteng","10036","8997207520023","Tasty Fries Shoestring Butter Coated","","Frozen","45"
"98","MTG - Menteng","8982","80135906","Ferrero Rocher Chocolate T5","L1-CHL-DC2-T3-8","Fresh","45"
"98","MTG - Menteng","51484","10000000005591","MISO Cooked Minced Beef Recipe Makanan Anjing Basah","L2-TRANSIT-14","Frozen","21"
"98","MTG - Menteng","32199","8998866820592","Glico Wings Frostbite Jcone Cookies & Cream Cone","","Frozen","90"
"98","MTG - Menteng","8968","144393","Bumbu Dasar Kuning Astro Goods","","Fresh","3"
"98","MTG - Menteng","31401","196767","Sambal Embe Astro Goods","","Fresh","15"
"98","MTG - Menteng","1071","8885013130201","Aice Vanilla Mochi","BAD INBOUND","Frozen","120"
"98","MTG - Menteng","22372","5760466820882","Arla Whipping Cream 36% Fat","","Fresh","60"
"98","MTG - Menteng","30814","839637","Kurma Ajwa Barari Premium Plastic Box","","Fresh","20"
"98","MTG - Menteng","24423","8997207631880","Udang Vanamei Giling Halus Premium Java Sea x Astro Farm","","Frozen","90"
"98","MTG - Menteng","40975","8997018650193","Karawaci Bakso Sapi Gepeng","","Frozen","45"
"98","MTG - Menteng","22890","598764","Saikoro Meltique","","Frozen","90"
"98","MTG - Menteng","42032","424167","Wag and Whisk Cooked Duck All Life Stages Makanan Anjing Basah","","Fresh","30"
"98","MTG - Menteng","35376","8994130900724","Belfoods Royal Corn Flakes Chicken Nugget","L1-FRZ-CF1-T2-K3-2","Frozen","45"
"98","MTG - Menteng","42003","8994462370011","Eatsambel Ojolali Sambel Bawang 150gr","RACK-BAD","Fresh","40"
"98","MTG - Menteng","44930","10000000003957","Labu Siam Ekonomis Astro Farm 1 pcs","","Fresh","1"
"98","MTG - Menteng","557","720594","Nanas Madu Astro Farm 1 pcs","BADFRESH-1","Fresh","1"
"98","MTG - Menteng","762","115661","Kulit Pangsit Special 99 10 x 10 cm 50 lembar","","Frozen","45"
"98","MTG - Menteng","7612","271579","Oyster Sauce - Astro Goods","","Fresh","30"
"98","MTG - Menteng","42416","8997234540278","Riverland Skinless Smoked Wieners Cocktail","L1-FRZ-CF4-T1-K3-5","Frozen","60"
"98","MTG - Menteng","1682","8993351129419","Greenfields Fresh Milk Skimmed","L1-CHL-DC19-T4-11","Fresh","7"
"98","MTG - Menteng","3760","534781","Healthy Cendol 18","","Fresh","5"
"98","MTG - Menteng","24851","534632","Anggur Hijau Stella Bella Seedless Astro Farm","","Fresh","1"
"98","MTG - Menteng","51228","8994449373011","Olivivero IQF Mixed Spinach","L1-FRZ-CF8-T1-K6-5","Frozen","90"
"98","MTG - Menteng","23539","8994448900188","Chicken Thighs Fillet Marinade Red Hot Bitte Paha Ayam","","Frozen","90"
"98","MTG - Menteng","41431","184975","Bumbu Sendok Bumbu Dasar Kuning","L1-FRZ-CF8-T2-K2-10","Fresh","21"
"98","MTG - Menteng","4936","8993138110029","Prima Rasa Fruit Cocktail","L1-CHL-DC14-T2-3","Fresh","90"
"98","MTG - Menteng","30708","8991646000153","Rejuve Cold Pressed Juice U.GLW","BADFRESH-1","Fresh","2"
"98","MTG - Menteng","335","485802","Tomat Merah Astro Farm","","Fresh","1"
"98","MTG - Menteng","43212","10196156","Kin Basic Raw Chicken Wet Dog Food","L1-FRZ-CF13-T1-K5-7","Fresh","45"
"98","MTG - Menteng","43437","10000000000301","Brokoli Organik","BAD INBOUND","Fresh","1"
"98","MTG - Menteng","3605","461270","Paket Masak Oseng Buncis Wortel - Astro Goods","","Fresh","2"
"98","MTG - Menteng","44967","10000000003974","Jeruk Peras Manis Siam Madu Ekonomis Astro Farm 8-12 pcs","L1-AMF-RF4-T6-4","Fresh","1"
"98","MTG - Menteng","6106","741871","Wagyu MB9 Thin Shortplate Slices Meat Boys","","Frozen","90"
"98","MTG - Menteng","43742","10000000000573","Ikan Kembung Banjar","L1-FRZ-CF7-T2-K1-4","Frozen","60"
"98","MTG - Menteng","40950","563954","Raw Pet Gourmet Duck, Coconut & Parsley Makanan Basah Anjing","L1-FRZ-CF13-T2-K1-6","Fresh","30"
"98","MTG - Menteng","48270","8998880000215","Wild Jacks Beef Pastrami","L1-FRZ-CF11-T2-K3-5","Frozen","90"